<?xml version="1.0" encoding="UTF-8"?>
<window id="1120" type="dialog">
	<defaultcontrol always="true">90200</defaultcontrol>
	<onunload condition="String.IsEqual(Skin.String(Viz.Background),4) + System.HasAddon(script.toolbox)">RunScript(script.toolbox,daemon=True,radius=30)</onunload>
	<coordinates>
		<system>1</system>
		<left>199</left>
		<top>210</top>
	</coordinates>
	<include>DialogOpenCloseAnimation</include>
	<controls>
		<control type="image">
			<description>background image</description>
			<width>1522</width>
			<height>660</height>
			<texture border="40">dialogs/default/bg.png</texture>
		</control>
		<control type="label" id="2">
			<description>header label</description>
			<left>30</left>
			<top>32</top>
			<width>1462</width>
			<height>40</height>
			<font>font15_title</font>
			<label>Menu / Incrustation plein écran</label>
			<align>center</align>
			<textcolor>dialogheader</textcolor>
		</control>
		<control type="image">
			<left>30</left>
			<top>86</top>
			<width>1140</width>
			<height>542</height>
			<texture border="5">dialogs/default/inner.png</texture>
		</control>
		<control type="grouplist" id="90200">
			<description>control area</description>
			<left>31</left>
			<top>88</top>
			<width>1138</width>
			<height>540</height>
			<pagecontrol>6</pagecontrol>
			<onup>90200</onup>
			<ondown>90200</ondown>
			<onleft>9001</onleft>
			<onright>6</onright>
			<control type="button" id="90201">
				<description>Background Button</description>
				<width>1138</width>
				<textcolor>$VAR[ThemeLabelColor]</textcolor>
				<label>[COLOR grey]$LOCALIZE[31102]:[/COLOR]</label>
				<label2>$VAR[VizBackgroundLabelVar]</label2>
				<onclick>SetProperty(Viz.Background,True,1120)</onclick>
				<onclick>ActivateWindow(1130)</onclick>
			</control>
			<control type="button" id="90901">
				<description>Artist Slideshow Settings Button</description>
				<width>1452</width>
				<label>   - $INFO[System.AddonTitle(script.artistslideshow)] $LOCALIZE[5]</label>
				<onclick>Addon.OpenSettings(script.artistslideshow)</onclick>
				<visible>String.IsEqual(Skin.String(Viz.Background),3) + System.HasAddon(script.artistslideshow)</visible>
			</control>
			<control type="button" id="90902">
				<description>Artist Slideshow Settings Button</description>
				<width>1452</width>
				<label>   - $LOCALIZE[31438]</label>
				<onclick>InstallAddon(script.artistslideshow)</onclick>
				<visible>String.IsEqual(Skin.String(Viz.Background),3) + !System.HasAddon(script.artistslideshow)</visible>
			</control>
			<control type="radiobutton" id="90202">
				<description>Background Button</description>
				<width>1138</width>
				<label>$LOCALIZE[31129]</label>
				<onclick>Skin.ToggleSetting(HideVisualizationFanart)</onclick>
				<selected>Skin.HasSetting(HideVisualizationFanart)</selected>
				<enable>Visualisation.Enabled + ![String.IsEqual(Visualisation.Name,waveform) | String.IsEqual(Visualisation.Name,opengl spectrum) | String.IsEqual(Visualisation.Name,directx spectrum)]</enable>
			</control>
			<control type="radiobutton" id="90203">
				<description>Big Ass Label Button</description>
				<width>1138</width>
				<label>$LOCALIZE[31042]</label>
				<onclick>Skin.ToggleSetting(BigAssLabel)</onclick>
				<selected>Skin.HasSetting(BigAssLabel)</selected>
			</control>
			<control type="button" id="90204">
				<description>Artist Info Button</description>
				<width>1138</width>
				<textcolor>$VAR[ThemeLabelColor]</textcolor>
				<label>[COLOR grey]$LOCALIZE[31108][/COLOR]</label>
				<label2>$VAR[VizArtistInfoVar]</label2>
				<onclick condition="!Skin.HasSetting(Enable.VizInfo) + !Skin.HasSetting(Enable.VizPersistent)">Skin.SetBool(Enable.VizInfo)</onclick>
				<onclick condition="Skin.HasSetting(Enable.VizInfo)">Skin.SetBool(Enable.VizPersistent)</onclick>
				<onclick condition="Skin.HasSetting(Enable.VizInfo)">Skin.Reset(Enable.VizInfo)</onclick>
				<onclick condition="Skin.HasSetting(Enable.VizPersistent)">Skin.Reset(Enable.VizPersistent)</onclick>
				<visible>System.HasAddon(script.artistslideshow)</visible>
			</control>
			<!-- ROURA97311 Disable Fake CD and Fix Anim Cdart-->
				<control type="radiobutton" id="90205">
					<description>No Fake CD</description>
					<width>1138</width>
					<label>Pas de Faux CD</label>
					<onclick>Skin.ToggleSetting(DisableFakeCD)</onclick>
					<selected>Skin.HasSetting(DisableFakeCD)</selected>
				</control>
				<control type="radiobutton" id="90206">
					<description>Fix Anim</description>
					<width>1138</width>
					<label>Animation permanente du Cd</label>
					<onclick>Skin.ToggleSetting(Fixcdartfullscreen)</onclick>
					<selected>Skin.HasSetting(Fixcdartfullscreen)</selected>
				</control>
				<control type="button" id="90207">
					<description>Opacité du fond</description>
					<width>1138</width>
					<label>Luminosité des fonds Fanart</label>
					<label2>[COLOR $VAR[ThemeLabelColor]]$VAR[FanartOverlayVar][/COLOR]</label2>
					<onclick>$VAR[FanartOverlay]</onclick>
					<!-- <include>FanartOverlayFade</include> -->
					<!-- <selected>Skin.HasSetting(Fixcdartfullscreen)</selected> -->
				</control>
		</control>
		<control type="scrollbar" id="6">
			<left>1170</left>
			<top>88</top>
			<width>8</width>
			<height>540</height>
			<texturesliderbackground />
			<texturesliderbar colordiffuse="55ffffff" border="1">scrollbar/texturesliderbar2.png</texturesliderbar>
			<texturesliderbarfocus border="1">scrollbar/texturesliderbar2.png</texturesliderbarfocus>
			<onleft>90200</onleft>
			<onright>9001</onright>
			<showonepage>false</showonepage>
			<orientation>vertical</orientation>
		</control>
		<!-- right group -->
		<control type="group">
			<left>1182</left>
			<top>88</top>
			<control type="image">
				<left>-1</left>
				<top>-2</top>
				<width>312</width>
				<height>542</height>
				<texture border="5">dialogs/default/inner.png</texture>
			</control>
			<control type="grouplist" id="9001">
				<onup>9001</onup>
				<onleft>6</onleft>
				<onright>90200</onright>
				<ondown>9001</ondown>
				<control type="button" id="28">
					<description>Ok Button</description>
					<width>310</width>
					<label>186</label>
					<onclick>Dialog.Close(1120)</onclick>
				</control>
			</control>
		</control>
	</controls>
</window>