<?xml version="1.0" encoding="UTF-8"?>
<window type="dialog" id="1139">
	<defaultcontrol always="true">9000</defaultcontrol>
	<!-- ROURA97311 -->
	<controls>
		<control type="group">
			<left>0</left>
			<top>128</top>
			<control type="panel" id="9000">
				<left>82</left>
				<top>32</top>
				<width>356</width>
				<height>840</height>
				<onleft>9010</onleft>
				<onright>9010</onright>
				<onup>9000</onup>
				<ondown>9000</ondown>
				<pagecontrol>-</pagecontrol>
				<scrolltime tween="quadratic" easing="out">200</scrolltime>
				<visible>!Window.IsActive(1121) + !Window.IsActive(1118) + !Window.IsActive(1140)</visible>
                <include>SettingsFadeAnimation</include>
				<itemlayout height="90" width="356">
					<control type="image">
						<top>30</top>
						<width>356</width>
						<height>60</height>
						<texture border="1">separator2.png</texture>
					</control>
					<control type="label">
						<width>356</width>
						<height>90</height>
						<font>font15</font>
						<textoffsetx>20</textoffsetx>
						<textcolor>grey2</textcolor>
						<selectedcolor>$VAR[ThemeLabelColor]</selectedcolor>
						<align>right</align>
						<aligny>center</aligny>
						<label>$INFO[ListItem.Label]</label>
					</control>
				</itemlayout>
				<focusedlayout height="90" width="356">
					<control type="image">
						<top>30</top>
						<width>356</width>
						<height>60</height>
						<texture border="1">separator2.png</texture>
					</control>
					<control type="image">
						<width>356</width>
						<height>90</height>
						<texture colordiffuse="$VAR[HighlightBarColor]" border="4">listselect_fo.png</texture>
						<animation effect="fade" start="100" end="40" time="300" tween="sine" easing="inout" condition="!Control.HasFocus(9000)">Conditional</animation>
					</control>
					<control type="label">
						<width>356</width>
						<height>90</height>
						<font>font15</font>
						<textoffsetx>20</textoffsetx>
						<textcolor>white</textcolor>
						<selectedcolor>$VAR[ThemeLabelColor]</selectedcolor>
						<align>right</align>
						<aligny>center</aligny>
						<label>$INFO[ListItem.Label]</label>
						<animation effect="fade" start="100" end="70" time="300" tween="sine" easing="inout" condition="!Control.HasFocus(9000)">Conditional</animation>
					</control>
				</focusedlayout>
				<content>
					<item id="7">
						<label>Paramètres Video</label>
						<onclick>noop</onclick>
						<icon>-</icon>
					</item>
					<item id="2">
						<label>Paramètres Audio</label>
						<onclick>noop</onclick>
						<icon>-</icon>
					</item>
					<item id="3">
						<label>Textures et Couleurs</label>
						<onclick>noop</onclick>
						<icon>-</icon>
					</item>
				</content>
			</control>
			<control type="textbox">
                <description>description area</description>
                <left>552</left>
                <top>754</top>
                <width>1256</width>
                <height>120</height>
                <font>font15_textbox</font>
                <textcolor>$VAR[ThemeLabelColor]</textcolor>
                <label>$VAR[SkinSettingsDescriptionVar]</label>
				<autoscroll time="3000" delay="4000" repeat="5000">true</autoscroll>
				<animation effect="fade" start="0" end="100" time="300" tween="sine" easing="inout">Visible</animation>
				<animation effect="fade" start="100" end="0" time="0" tween="sine" easing="inout">Hidden</animation>
			</control>
			<control type="group" id="9010">
				<visible>!Window.IsActive(1121) + !Window.IsActive(1118) + !Window.IsActive(1140)</visible>
                <include>SettingsFadeAnimation</include>
				<control type="grouplist" id="9001">
					<description>control area</description>
					<left>522</left>
					<top>32</top>
					<width>1316</width>
					<height>720</height>
					<itemgap>0</itemgap>
					<pagecontrol>60</pagecontrol>
					<onleft>9000</onleft>
					<onright>60</onright>
					<onup>9001</onup>
					<ondown>9001</ondown>
					<visible>Container(9000).HasFocus(7)</visible>
					<control type="radiobutton" id="700">
						<!-- <visible>System.HasAddon(script.skin.helper.service)</visible> -->
						<label>Format d'affichage de la durée des films en Heure</label>
						<onclick>Skin.ToggleSetting(RunTimeFormat)</onclick>
						<selected>Skin.HasSetting(RunTimeFormat)</selected>
						<include>SettingsButtonCommonValues</include>
					</control>
					<control type="button" id="705">
                        <include>SettingsButtonCommonValues</include>
                        <label>Dossier personnel des icones Studio</label>
                        <label2>[COLOR $VAR[ThemeLabelColor]]$INFO[Skin.String(PersoStudioPath)][/COLOR]</label2>
                        <onclick>Skin.SetPath(PersoStudioPath)</onclick>
                        <texturenofocus border="1">separator5.png</texturenofocus>
                    </control>
					<control type="radiobutton" id="710">
						<label>Affichage des logos des studios</label>
						<label>$LOCALIZE[31182]</label>
						<onclick>Skin.ToggleSetting(ShowStudioLogo)</onclick>
						<selected>Skin.HasSetting(ShowStudioLogo)</selected>
						<include>SettingsButtonCommonValues</include>
					</control>
					<control type="radiobutton" id="715">
							<include>SettingsButtonCommonValues</include>
							<label>Affichage des infos films et séries en couleur</label>
							<onclick condition="System.HasAddon(resource.images.studios.coloured)">Skin.ToggleSetting(coloredflags)</onclick>
							<onclick condition="!System.HasAddon(resource.images.studios.coloured)">InstallAddon(resource.images.studios.coloured)</onclick>
							<selected>Skin.HasSetting(coloredflags)</selected>
							<!-- <visible>Skin.HasSetting(ShowStudioLogo)</visible> -->
					</control>
					<control type="button" id="718">
                        <include>SettingsButtonCommonValues</include>
                        <label>Pays pour la certification des films et séries</label>
                        <label2>[COLOR $VAR[ThemeLabelColor]]$VAR[LibraryCertificationVar][/COLOR]</label2>
                        <onclick condition="String.IsEmpty(Skin.String(LibraryCertification))">Skin.SetString(LibraryCertification,1)</onclick>
                        <onclick condition="String.IsEqual(Skin.String(LibraryCertification),2)">Skin.SetString(LibraryCertification,1)</onclick>
                        <onclick condition="String.IsEqual(Skin.String(LibraryCertification),1)">Skin.SetString(LibraryCertification,2)</onclick>
                    </control>
					<control type="radiobutton" id="719">
                        <include>SettingsButtonCommonValues</include>
                        <label>Gestion des acteurs avancées.</label>
                        <onclick>Skin.ToggleSetting(ShowsAdvancedCast)</onclick>
						<selected>Skin.HasSetting(ShowsAdvancedCast)</selected>
                    </control>
				</control>
				<control type="grouplist" id="9002">
					<description>control area</description>
					<left>522</left>
					<top>32</top>
					<width>1316</width>
					<height>720</height>
					<itemgap>0</itemgap>
					<pagecontrol>60</pagecontrol>
					<onleft>9000</onleft>
					<onright>60</onright>
					<onup>9002</onup>
					<ondown>9002</ondown>
					<visible>Container(9000).HasFocus(2)</visible>
					<control type="radiobutton" id="804">
						<visible>System.HasAddon(script.artistslideshow)</visible>
						<label>$LOCALIZE[31182]</label>
						<include name="AddonStatusButton" content="AddonStatusButton" >
							<param name="RadiobuttonID">804</param>
							<param name="AddonID">script.artistslideshow</param>
						</include>
						<onclick>Skin.ToggleSetting(Enable.ArtistSlideshowOnHome)</onclick>
						<selected>Skin.HasSetting(Enable.ArtistSlideshowOnHome)</selected>

						<include>SettingsButtonCommonValues</include>
					</control>
					<control type="radiobutton" id="805">
						<visible>!System.HasAddon(script.artistslideshow)</visible>
						<label>$LOCALIZE[31182]</label>
						<include name="AddonStatusButton" content="AddonStatusButton" >
							<param name="RadiobuttonID">805</param>
							<param name="AddonID">script.artistslideshow</param>
						</include>
						<include>SettingsButtonCommonValues</include>
					</control>
					<control type="radiobutton" id="806">
						<label>$LOCALIZE[32000]</label>
						<onclick>Skin.ToggleSetting(Disable.ShowCdAudio)</onclick>
						<selected>!Skin.HasSetting(Disable.ShowCdAudio)</selected>
						<include>SettingsButtonCommonValues</include>
					</control>
					<control type="radiobutton" id="807">
						<label>  - $LOCALIZE[32005]</label>
						<onclick>Skin.ToggleSetting(Enable.MiniCdAudio)</onclick>
						<selected>Skin.HasSetting(Enable.MiniCdAudio)</selected>
						<visible>!Skin.HasSetting(Disable.ShowCdAudio)</visible>
						<include>SettingsButtonCommonValues</include>
					</control>
					<control type="radiobutton" id="808">
						<label>Afficher le format des canaux audio sous forme d'icones</label>
						<onclick>Skin.ToggleSetting(AudioChannelIcon)</onclick>
						<selected>Skin.HasSetting(AudioChannelIcon)</selected>
						<include>SettingsButtonCommonValues</include>
					</control>
				</control>
				<control type="grouplist" id="9003">
					<!-- <visible>!Window.IsActive(1118)</visible> -->
					<description>control area</description>
					<left>522</left>
					<top>32</top>
					<width>1316</width>
					<height>720</height>
					<itemgap>0</itemgap>
					<pagecontrol>60</pagecontrol>
					<onleft>9000</onleft>
					<onright>60</onright>
					<onup>9003</onup>
					<ondown>9003</ondown>
					<visible>Container(9000).HasFocus(3)</visible>
					<control type="button" id="905">
						<onclick>Skin.Reset(pathLiveBackground)</onclick>
						<onclick>Skin.SetImage(pathLiveBackground,special://skin/backgrounds/)</onclick>
						<label>$LOCALIZE[32015]</label>
						<label2>[COLOR $VAR[ThemeLabelColor]]$INFO[Skin.String(pathLiveBackground)][/COLOR]</label2>
						<include>SettingsButtonCommonValues</include>
					</control>
					<control type="button" id="908">
						<label>$LOCALIZE[31281]</label>
						<onclick condition="!System.HasAddon(script.skin.helper.colorpicker)">InstallAddon(script.skin.helper.colorpicker)</onclick>
						<onclick condition="System.HasAddon(script.skin.helper.colorpicker)">ActivateWindow(1140)</onclick>
						<include>SettingsButtonCommonValues</include>
					</control>
					<control type="button" id="920">
						<label>$LOCALIZE[32017]</label>
						<label2>[COLOR $VAR[ThemeLabelColor]]$INFO[Skin.String(PathSkinOptions)][/COLOR]</label2>
						<onclick condition="!System.HasAddon(resource.images.miro.nox.leia)">InstallAddon(resource.images.miro.nox.leia)</onclick>
						<onclick condition="System.HasAddon(resource.images.miro.nox.leia)">ActivateWindow(1141)</onclick>
						<include>SettingsButtonCommonValues</include>
					</control>
					<control type="radiobutton" id="921">
						<label>Activer les textures et Genre Miro</label>
						<!-- <label2>[COLOR $VAR[ThemeLabelColor]]$INFO[Skin.String(PathSkinOptions)][/COLOR]</label2> -->
						<onclick condition="System.HasAddon(resource.images.miro.nox.leia)">Skin.ToggleSetting(TexturesMiro)</onclick>
						<onclick condition="!System.HasAddon(resource.images.miro.nox.leia)">InstallAddon(resource.images.miro.nox.leia)</onclick>
						
						<!-- <onclick>Skin.ToggleSetting(TexturesMiro)</onclick> -->
						<selected>Skin.HasSetting(TexturesMiro)</selected>
						<!-- <onclick>ActivateWindow(1141)</onclick> -->
						<include>SettingsButtonCommonValues</include>
					</control>
				</control>
			</control>
		</control>
	</controls>
</window>