<?xml version="1.0" encoding="UTF-8"?>
<window>
	<defaultcontrol always="true">9000</defaultcontrol>
	<controls>
		<control type="panel" id="50">
			<include>HiddenList</include>
		</control>
		<control type="group">
			<include>WindowASViewAnimation</include>
			<top>128</top>
			<left>SettingsLeft</left>
			<control type="group">
				<include>SystemLeftPanel</include>
				<control type="image">
					<left>82</left>
					<top>32</top>
					<width>356</width>
					<height>356</height>
					<aspectratio>keep</aspectratio>
					<texture>$INFO[ListItem.Icon]</texture>
					<bordertexture border="1,1,2,1">thumbs/panel_border.png</bordertexture>
					<bordersize>1,1,2,1</bordersize>
				</control>
				<control type="grouplist" id="9000">
					<left>82</left>
					<top>392</top>
					<width>356</width>
					<height>480</height>
					<onleft>60</onleft>
					<onright>60</onright>
					<onup>9000</onup>
					<ondown>9000</ondown>
					<animation effect="fade" start="100" end="50" time="300" tween="sine" easing="inout" condition="Window.IsActive(textviewer)">Conditional</animation>
					<control type="button" id="9">
						<description>Configure Addon</description>
						<width>356</width>
						<height>68.57</height>
						<label>24020</label>
						<font>font15</font>
					</control>
					<control type="button" id="8">
						<description>Update Addon button</description>
						<width>356</width>
						<height>68.57</height>
						<label>24069</label>
						<font>font15</font>
					</control>
					<control type="button" id="200">
						<description>Screenshot button</description>
						<width>356</width>
						<height>68.57</height>
						<label>$LOCALIZE[1000]</label>
						<font>font15</font>
						<onclick>SetFocus(50)</onclick>
						<onclick>Action(select)</onclick>
						<onclick>SetFocus(9000)</onclick>
						<enable>Integer.IsGreater(Container(50).NumItems,0)</enable>
					</control>
					<control type="button" id="12">
						<description>Launch Addon button</description>
						<width>356</width>
						<height>68.57</height>
						<label>518</label>
						<font>font15</font>
					</control>
					<control type="button" id="6">
						<description>Install/UnInstall Addon button</description>
						<width>356</width>
						<height>68.57</height>
						<label>24022</label>
						<font>font15</font>
					</control>
					<control type="button" id="7">
						<description>Enable/Disable Addon button</description>
						<width>356</width>
						<height>68.57</height>
						<label>24021</label>
						<font>font15</font>
					</control>
					<!-- <control type="radiobutton" id="13">
						<description>Auto Update Addon button</description>
						<width>356</width>
						<height>68.57</height>
						<label>21340</label>
						<font>font15</font>
					</control> -->
					<control type="button" id="14">
						<description>Version Addon button</description>
						<width>356</width>
						<height>68.57</height>
						<label>Version</label>
						<font>font15</font>
					</control>
					<control type="button" id="10">
						<description>Version Addon button</description>
						<width>356</width>
						<height>68.57</height>
						<label>Dépendances</label>
						<font>font15</font>
					</control>
				</control>
			</control>
			<control type="group">
				<include>SystemRightPanel</include>
				<control type="group">
					<left>490</left>
					<visible>!Window.isVisible(AddonSettings) + !Window.IsActive(TextViewer)</visible>
					<include>SettingsFadeAnimation</include>
					<control type="grouplist">
						<left>32</left>
						<top>32</top>
						<width>658</width>
						<itemgap>10</itemgap>
						<control type="button">
							<label>[COLOR labelheader]$LOCALIZE[21863]:[/COLOR][CR]$INFO[ListItem.AddonCreator]</label>
							<include>SettingsPanelButtonsValues</include>
						</control>
						<control type="group">
						<control type="button">
							<width>329</width>
							<label>[COLOR labelheader]$LOCALIZE[24051][/COLOR][CR]$INFO[ListItem.AddonVersion]</label>
							<include>SettingsPanelButtonsValues</include>
						</control>
						<control type="button">
							<left>329</left>
							<width>329</width>
							<label>[COLOR labelheader]$LOCALIZE[22031]:[/COLOR][CR]$INFO[ListItem.AddonSize]</label>
							<include>SettingsPanelButtonsValues</include>
						</control>
					</control>
					</control>
					<control type="grouplist">
						<left>690</left>
						<top>32</top>
						<itemgap>10</itemgap>
						<width>658</width>
						<usecontrolcoords>true</usecontrolcoords>
						<control type="group">
							<height>90</height>
						<control type="button">
							<width>329</width>
							<label>[COLOR labelheader]$LOCALIZE[12013]:[/COLOR][CR]$INFO[ListItem.AddonInstallDate]</label>
							<include>SettingsPanelButtonsValues</include>
						</control>
						<control type="button">
							<left>329</left>
							<width>329</width>
							<label>[COLOR labelheader]$LOCALIZE[146][/COLOR][CR]$INFO[ListItem.AddonType]</label>
							<include>SettingsPanelButtonsValues</include>
						</control>
					</control>
						<control type="button">
							<label>[COLOR labelheader]$LOCALIZE[560]:[/COLOR][CR]$INFO[ListItem.Property(Addon.ID)]</label>
							<include>SettingsPanelButtonsValues</include>
						</control>
					</control>
					<control type="grouplist">
						<left>47</left>
						<top>230</top>
						<height>640</height>
						<usecontrolcoords>true</usecontrolcoords>
						<pagecontrol>60</pagecontrol>
						<control type="textbox" id="400">
							<description>Description</description>
							<width>1256</width>
							<height>auto</height>
							<font>font15_textbox</font>
							<align>justify</align>
							<textcolor>grey2</textcolor>
							<label>$INFO[ListItem.AddonDescription,[COLOR labelheader]$LOCALIZE[21821]: [/COLOR][CR]]</label>
						</control>
						<control type="image">
							<top>-40</top>
							<width>1316</width>
							<height>60</height>
							<texture border="1">separator2.png</texture>
							<visible>!String.IsEmpty(ListItem.AddonNews)</visible>
						</control>
						<control type="textbox">
							<description>What's new</description>
							<top>10</top>
							<width>1256</width>
							<height>auto</height>
							<font>font15_textbox</font>
							<align>justify</align>
							<textcolor>grey2</textcolor>
							<label>$INFO[ListItem.AddonNews,[COLOR labelheader]$LOCALIZE[24054]: [/COLOR][CR]]</label>
							<visible>!String.IsEmpty(ListItem.AddonNews)</visible>
						</control>
						<control type="image">
							<top>-40</top>
							<width>1316</width>
							<height>60</height>
							<texture border="1">separator2.png</texture>
							<visible>!String.IsEmpty(ListItem.AddonDisclaimer)</visible>
						</control>
						<control type="textbox">
							<description>Disclaimer</description>
							<top>10</top>
							<width>1256</width>
							<height>auto</height>
							<font>font15_textbox</font>
							<align>justify</align>
							<visible>!String.IsEmpty(ListItem.AddonDisclaimer)</visible>
						</control>
					</control>
					<control type="scrollbar" id="60">
						<left>1347</left>
						<top>232</top>
						<width>14</width>
						<height>640</height>
						<onleft>9000</onleft>
						<onright>9000</onright>
						<ondown>60</ondown>
						<onup>60</onup>
						<showonepage>false</showonepage>
						<texturesliderbackground>-</texturesliderbackground>
						<texturesliderbar colordiffuse="55ffffff" border="1">scrollbar/texturesliderbar2.png</texturesliderbar>
						<texturesliderbarfocus border="1">scrollbar/texturesliderbar2.png</texturesliderbarfocus>
					</control>
				</control>
			</control>
			<control type="group">
				<left>522</left>
				<top>751</top>
				<include>SettingsFadeAnimation</include>
				<visible>!Window.isVisible(AddonSettings) + !Window.IsActive(TextViewer)</visible>
				<visible>!String.IsEmpty(ListItem.AddonBroken)</visible>
				<control type="image">
					<width>120</width>
					<height>120</height>
					<aspectratio align="left">keep</aspectratio>
					<bordertexture border="1,1,2,1">thumbs/panel_border3.png</bordertexture>
					<bordersize>1,1,2,1</bordersize>
					<texture>DefaultIconError.png</texture>
				</control>
				<control type="fadelabel">
					<left>120</left>
					<top>10</top>
					<width>1181</width>
					<height>115</height>
					<aligny>top</aligny>
					<textcolor>labelheader</textcolor>
					<textoffsetx>15</textoffsetx>
					<font>font15_title</font>
					<label>24096</label>
				</control>
				<control type="fadelabel">
					<left>120</left>
					<top>55</top>
					<width>1181</width>
					<height>50</height>
					<textcolor>grey2</textcolor>
					<textoffsetx>15</textoffsetx>
					<font>font15</font>
					<label>$INFO[ListItem.AddonBroken]</label>
				</control>
			</control>
		</control>
	</controls>
</window>