<?xml version="1.0" encoding="UTF-8"?>
<window>
    <allowoverlay>false</allowoverlay>
    <onload condition="System.HasAddon(script.artistslideshow)">RunScript(script.artistslideshow, daemon=True)</onload>
    <controls>
	
		
        <control type="visualisation" id="2">
            <!-- FIX ME Music Visualization needs to have an id of 2 in this window to be able to lock or change preset -->
            <description>visualisation</description>
            <include>FullscreenDimensions</include>
            <visible>Player.HasAudio + ![String.IsEqual(Visualisation.Name,waveform) | String.Contains(Visualisation.Name,spectrum)]</visible>
			
        </control>
        <control type="group">
            <visible>!String.IsEqual(Skin.String(Viz.Background),1)</visible>
            <visible>[Visualisation.Enabled + !Skin.HasSetting(HideVisualizationFanart)] | !Visualisation.Enabled</visible>
            <include>SettingsFadeAnimation</include>
            <control type="multiimage" id="90300">
				<description>Fanart image</description>
                <include>FullscreenDimensions</include>
				<imagepath background="true">$VAR[VizBackgroundVar]</imagepath>
				<!-- Telexxingou -->
				<!-- <colordiffuse>$VAR[FanartFade]</colordiffuse> -->
                <fadetime>2000</fadetime>
            	<!-- ROURA97311 Fade Fanart -->
				<animation effect="fade" start="100" end="20" time="0" condition="!Skin.HasSetting(HideVisualizationFanart) + String.IsEqual(Skin.String(FanartOverlay.Delay),20)">Conditional</animation>
				<animation effect="fade" start="100" end="40" time="0" condition="!Skin.HasSetting(HideVisualizationFanart) + String.IsEqual(Skin.String(FanartOverlay.Delay),40)">Conditional</animation>
				<animation effect="fade" start="100" end="60" time="0" condition="!Skin.HasSetting(HideVisualizationFanart) + String.IsEqual(Skin.String(FanartOverlay.Delay),60)">Conditional</animation>
				<animation effect="fade" start="100" end="80" time="0" condition="!Skin.HasSetting(HideVisualizationFanart) + String.IsEqual(Skin.String(FanartOverlay.Delay),80)">Conditional</animation>
				<animation effect="fade" start="100" end="100" time="0" condition="!Skin.HasSetting(HideVisualizationFanart) + String.IsEqual(Skin.String(FanartOverlay.Delay),100)">Conditional</animation>
            </control>
        </control>
        <control type="group">
            <visible>String.IsEqual(Skin.String(Viz.Background),1)</visible>
            <visible>[Visualisation.Enabled + !Skin.HasSetting(HideVisualizationFanart)] | !Visualisation.Enabled</visible>
            <include>SettingsFadeAnimation</include>
            <animation effect="fade" start="100" end="20" time="0" condition="![String.IsEqual(Visualisation.Name,waveform) | String.Contains(Visualisation.Name,spectrum) | String.IsEmpty(Visualisation.Name)] + !Skin.HasSetting(HideVisualizationFanart)">Conditional</animation>
            <control type="panel" id="9032">
                <width>100%</width>
                <height>1080</height>
                <viewtype label="$LOCALIZE[536]">icon</viewtype>
                <onleft>9032</onleft>
                <onright>9032</onright>
                <onup>9032</onup>
                <ondown>9032</ondown>
                <pagecontrol>60</pagecontrol>
                <scrolltime tween="cubic" easing="inout">600</scrolltime>
                <orientation>vertical</orientation>
                <preloaditems>2</preloaditems>
                <itemlayout height="192" width="192">
                    <control type="image">
                        <width>192</width>
                        <height>192</height>
                        <aspectratio>scale</aspectratio>
                        <texture background="true">$INFO[ListItem.Icon]</texture>
                        <fadetime>400</fadetime>
                        <bordertexture border="1,1,2,1">thumbs/panel_border3.png</bordertexture>
                        <bordersize>1,1,2,1</bordersize>
                    </control>
                </itemlayout>
                <focusedlayout height="192" width="192">
                    <control type="image">
                        <width>192</width>
                        <height>192</height>
                        <aspectratio>scale</aspectratio>
                        <texture background="true">$INFO[ListItem.Icon]</texture>
                        <fadetime>400</fadetime>
                        <bordertexture border="1,1,2,1">thumbs/panel_border3.png</bordertexture>
                        <bordersize>1,1,2,1</bordersize>
                    </control>
                </focusedlayout>
                <content>special://skin/extras/playlists/albumwall.xsp</content>
            </control>
        </control>
        <control type="visualisation" id="2">
            <!-- FIX ME Music Visualization needs to have an id of 2 in this window to be able to lock or change preset -->
            <description>visualisation</description>
            <include>FullscreenDimensions</include>
            <visible>Player.HasAudio + [String.IsEqual(Visualisation.Name,waveform) | String.Contains(Visualisation.Name,spectrum)]</visible>
        </control>
        <!-- media infos -->
        <control type="fadelabel">
            <width>100%</width>
            <scroll>true</scroll>
            <scrollout>true</scrollout>
            <font>BigAssFont</font>
            <pauseatend>200</pauseatend>
            <label>$INFO[Player.Title]</label>
            <label>$INFO[MusicPlayer.Artist]</label>
            <label>$INFO[MusicPlayer.Album]</label>
            <textcolor>1FFFFFFF</textcolor>
            <textoffsetx>20</textoffsetx>
            <resetonlabelchange>true</resetonlabelchange>
            <visible>Skin.HasSetting(BigAssLabel)</visible>
        </control>
        <control type="fadelabel">
            <width>1080</width>
            <scroll>true</scroll>
            <scrollout>true</scrollout>
            <font>BigAssFont</font>
            <pauseatend>200</pauseatend>
            <label>$INFO[MusicPlayer.Artist]</label>
            <label>$INFO[MusicPlayer.Album]</label>
            <label>$INFO[Player.Title]</label>
            <textcolor>1FFFFFFF</textcolor>
            <textoffsetx>20</textoffsetx>
            <resetonlabelchange>true</resetonlabelchange>
            <visible>Skin.HasSetting(BigAssLabel)</visible>
            <animation effect="rotate" tween="cubic" time="720" center="auto" end="90" condition="true">Conditonal</animation>
        </control>
        <control type="group">
            <top>540</top>
			<!-- Roura97311 replace Player.ShowInfo for Player.Playing| Player.Paused. Cdart anim on focus -->
            <visible>[ Player.ShowInfo | Window.IsActive(MusicOSD)] + ![Window.IsVisible(AddonSettings) | Window.IsVisible(SelectDialog) | Window.IsVisible(VisualisationPresetList)] | [Skin.HasSetting(Fixcdartfullscreen) + !Player.ShowInfo]</visible>
			<include>VisibleFadeAnimation</include>
            <include>WindowOpenCloseAnimation</include>
            <control type="image">
                <top>-150</top>
                <width>100%</width>
                <height>700</height>
                <texture border="1">nowplaying_shadow.png</texture>
            </control>
			<!-- ROURA97311 Add Artist LOGO -->
					<control type="image" id="99999">
						<left>1220</left>
						<top>-150</top>
						<align>right</align>
						<aligny>left</aligny>
						<description>Artist Logo</description>
						<width>400</width>
						<height>155</height>
						<aspectratio>keep</aspectratio>
						<texture background="true" fallback="empty.png">$INFO[Player.Art(artist.clearlogo)]</texture>
						<fadetime>400</fadetime>
					</control>
					<!-- ROURA97311 END Add Artist LOGO -->
            <control type="image">
                <left>840</left>
                <top>102</top>
                <width>400</width>
                <height>45</height>
                <colordiffuse>FFFFD700</colordiffuse>
                <aspectratio>keep</aspectratio>
                <texture fallback="rating0.png">$INFO[MusicPlayer.UserRating,flags/rating/,.png]</texture>
            </control>
            <control type="grouplist">
				<left>-20</left>
                <top>40</top>
                <width>1180</width>
                <height>460</height>
                <itemgap>30</itemgap>
                <control type="label">
                    <left>1000</left>
                    <width>1180</width>
                    <height>40</height>
                    <font>font16</font>
                    <textoffsetx>15</textoffsetx>
                    <align>right</align>
                    <textcolor>white</textcolor>
					<scroll>True</scroll>
                    <shadowcolor>black</shadowcolor>
                    <label>$INFO[MusicPlayer.TrackNumber,Piste : ,. ][COLOR $VAR[ThemeLabelColor]]$INFO[Player.Title][/COLOR]</label>
                </control>
                <control type="label">
                    <height>22</height>
                    <label />
                </control>
                <control type="label">
                    <left>1000</left>
                    <width>1180</width>
                    <height>40</height>
                    <font>font48</font>
                    <align>right</align>
                    <textoffsetx>15</textoffsetx>
                    <textcolor>white</textcolor>
                    <shadowcolor>black</shadowcolor>
                    <label>$INFO[MusicPlayer.Artist]</label>
                </control>
                <control type="label">
                    <left>1000</left>
                    <width>1180</width>
                    <height>40</height>
                    <font>font16</font>
                    <textoffsetx>15</textoffsetx>
                    <align>right</align>
                    <textcolor>white</textcolor>
                    <shadowcolor>black</shadowcolor>
                    <label>$INFO[MusicPlayer.Album][COLOR $VAR[ThemeLabelColor]]$INFO[MusicPlayer.DiscNumber, - $LOCALIZE[427]: ,][/COLOR]</label>
                </control>
                <control type="label">
                    <left>1000</left>
                    <width>1175</width>
                    <height>40</height>
                    <font>font16</font>
                    <textoffsetx>12</textoffsetx>
                    <align>right</align>
                    <textcolor>white</textcolor>
					<scroll>True</scroll>
                    <shadowcolor>black</shadowcolor>
                    <label>[COLOR$VAR[ThemeLabelColor]]$LOCALIZE[19031]: $INFO[MusicPlayer.offset(1).TrackNumber,,. ][/COLOR]$INFO[MusicPlayer.offset(1).Title]</label>
                </control>
                <control type="label">
                    <description>Time Label</description>
                    <left>1000</left>
                    <height>30</height>
                    <width>1180</width>
					<textoffsetx>12</textoffsetx>
                    <align>right</align>
                    <label>$INFO[Player.Time][COLOR$VAR[ThemeLabelColor]] / [/COLOR]$INFO[Player.Duration]</label>
                    <font>font48</font>
                    <textcolor>white</textcolor>
                    <shadowcolor>black</shadowcolor>
                </control>
                <control type="grouplist">
                    <left>1000</left>
                    <height>90</height>
                    <width>1180</width>
                    <usecontrolcoords>true</usecontrolcoords>
                    <orientation>horizontal</orientation>
                    <control type="image">
						<left>695</left>
                        <top>-8</top>
                        <width>90</width>
                        <height>60</height>
                        <colordiffuse>white</colordiffuse>
                        <include>MediaFlagVars</include>
                        <texture>$VAR[MediaFlagsPathVar]/audiocodec/$INFO[MusicPlayer.Codec,,.png]</texture>
                    </control>
                    <control type="label">
						<left>10</left>
                        <description>Codec Label</description>
                        <width>auto</width>
                        <label>$INFO[MusicPlayer.BitRate, [COLOR white]|[/COLOR] , [COLOR white]kbps[/COLOR]]</label>
                        <font>font13</font>
                        <aligny>top</aligny>
                        <textcolor>$VAR[ThemeLabelColor]</textcolor>
                        <shadowcolor>black</shadowcolor>
                    </control>
                    <control type="label">
						<left>10</left>
                        <description>Codec Label</description>
                        <width>auto</width>
                        <label>$INFO[MusicPlayer.BitsPerSample, [COLOR white]|[/COLOR] , [COLOR white]bps[/COLOR]]</label>
                        <font>font13</font>
                        <aligny>top</aligny>
                        <textcolor>$VAR[ThemeLabelColor]</textcolor>
                        <shadowcolor>black</shadowcolor>
                    </control>
                    <control type="label">
						<left>10</left>
                        <description>Codec Label</description>
                        <width>auto</width>
                        <label>$INFO[MusicPlayer.SampleRate, [COLOR white]|[/COLOR] , [COLOR white]KHz[/COLOR]]</label>
                        <font>font13</font>
                        <aligny>top</aligny>
                        <textcolor>$VAR[ThemeLabelColor]</textcolor>
                        <shadowcolor>black</shadowcolor>
                    </control>
                </control>
            </control>
            <control type="group">
			<control type="image" id="8829">
                <include>HiddenObject</include>
                <texture background="true" fallback="special://skin/extras/cdart/default.png">$INFO[Player.FolderPath,,cdart]$INFO[MusicPlayer.DiscNumber].png</texture>
			</control>
				<left>1180</left>
				<top>0</top>
				<control type="image">
					<top>5</top>
					<left>225</left>
					<width>490</width>
					<height>490</height>
					<aligny>top</aligny>
					<aspectratio align="left">keep</aspectratio>
					<fadetime>300</fadetime>
					<animation effect="rotate" end="-360" center="auto" time="4800" loop="true" reversible="false" condition="!Player.Paused">Conditional</animation>
                    <!-- MikeBZH44 : Add multidisc album -->
					<texture background="true" fallback="special://skin/extras/cdart/default.png">$INFO[Player.FolderPath,,cdart]$INFO[MusicPlayer.DiscNumber].png</texture>
					<bordersize>30</bordersize>
				</control>
				<!-- ROURA97311 FAKE CD -->
					<control type="image">
					<top>32</top>
					<left>252</left>
					<width>435</width>
					<height>435</height>
					<aspectratio align="left">keep</aspectratio>
					<fadetime>300</fadetime>
					<animation effect="rotate" end="-360" center="auto" time="4800" loop="true" reversible="false" condition="!Player.Paused">Conditional</animation>
					<texture background="true" diffuse="thumbs/sets/cdart-mask.png">$INFO[Player.Art(thumb)]</texture>
					<visible>!Skin.HasSetting(DisableFakeCD) + String.Contains(Control.GetLabel(8829),default.png)</visible>
					<fadetime>IconCrossfadeTime</fadetime>
					</control>
				<control type="image">
					<description>Cover image</description>
					<width>500</width>
					<height>500</height>
					<aspectratio align="right">keep</aspectratio>
                    <!-- MikeBZH 44 : Remove diffuse="thumbs/cdcover_mask2.png" -->
					<texture fallback="DefaultAlbumCover.png">$INFO[Player.Art(thumb)]</texture>
					<bordertexture border="28">thumbs/cd_shadow2.png</bordertexture>
					<bordersize>28</bordersize>
				</control>
				<!-- Roura97311 Add Box -->
				<control type="image">
					<posx>-40</posx>
					<posy>12</posy>
					<width>530</width>
					<height>491</height>
					<texture background="true">thumbs/boxes/cd_box_closed.png</texture>
            	</control>
			</control>
        </control>
        <!-- RSS Feed: similar artists-->
        <control type="group">
            <animation effect="slide" end="1870,0" time="240">WindowClose</animation>
            <animation effect="slide" start="1870" end="0" time="240">VisibleChange</animation>
            <animation effect="slide" start="1870,0" end="0,0" delay="800" time="480" condition="Window.Previous(startup)">WindowOpen</animation>
            <visible>System.HasAddon(script.artistslideshow) + [!String.IsEmpty(Window(Visualisation).Property(ArtistSlideshow.ArtistBiography)) | !String.IsEmpty(Window(Visualisation).Property(ArtistSlideshow.1.AlbumName)) | !String.IsEmpty(Window(Visualisation).Property(ArtistSlideshow.1.SimilarName))]</visible>
            <visible>[Player.ShowInfo + Skin.HasSetting(Enable.VizInfo)] | Skin.HasSetting(Enable.VizPersistent)</visible>
            <top>993</top>
            <control type="group">
                <control type="image">
                    <left>140</left>
                    <width>1780</width>
                    <height>87</height>
                    <texture flipy="true" colordiffuse="$VAR[RSSFeedColor]">submenu_bar_white.png</texture>
                </control>
                <control type="image">
                    <left>50</left>
                    <width>90</width>
                    <height>87</height>
                    <texture flipy="true" colordiffuse="$VAR[RSSFeedColor]" border="78,0,0,0">submenu_end_white.png</texture>
                </control>
            </control>
            <control type="group">
                <control type="label">
                    <left>1880</left>
                    <top>44</top>
                    <width>60</width>
                    <height>41</height>
                    <label></label>
                    <font>IconSmall</font>
                    <textcolor>$VAR[ThemeLabelColor]</textcolor>
                </control>
                <control type="fadelabel">
					<description>RSS feed</description>
					<left>140</left>
					<top>44</top>
					<height>30</height>
					<width>1730</width>
					<font>font13</font>
					<textcolor>$VAR[ThemeLabelColor]</textcolor>
					<shadowcolor>shadow</shadowcolor>
					<label>$INFO[Window(Visualisation).Property(ArtistSlideshow.ArtistBiography),$LOCALIZE[21887]: [COLOR grey],[/COLOR]]</label>
					<label>$INFO[MusicPlayer.Artist,$LOCALIZE[31105] ,: ]$INFO[Window(Visualisation).Property(ArtistSlideshow.1.AlbumName),[COLOR grey],[/COLOR]]$INFO[Window(Visualisation).Property(ArtistSlideshow.2.AlbumName), • [COLOR grey],[/COLOR]]$INFO[Window(Visualisation).Property(ArtistSlideshow.3.AlbumName), • [COLOR grey],[/COLOR]]$INFO[Window(Visualisation).Property(ArtistSlideshow.4.AlbumName), • [COLOR grey],[/COLOR]]$INFO[Window(Visualisation).Property(ArtistSlideshow.5.AlbumName), • [COLOR grey],[/COLOR]]$INFO[Window(Visualisation).Property(ArtistSlideshow.6.AlbumName), • [COLOR grey],[/COLOR]]$INFO[Window(Visualisation).Property(ArtistSlideshow.7.AlbumName), • [COLOR grey],[/COLOR]]$INFO[Window(Visualisation).Property(ArtistSlideshow.8.AlbumName), • [COLOR grey],[/COLOR]]$INFO[Window(Visualisation).Property(ArtistSlideshow.9.AlbumName), • [COLOR grey],[/COLOR]]$INFO[Window(Visualisation).Property(ArtistSlideshow.10.AlbumName), • [COLOR grey],[/COLOR]]</label>
					<label>$INFO[Window(Visualisation).Property(ArtistSlideshow.1.SimilarName),$LOCALIZE[31104]: [COLOR grey],[/COLOR]]$INFO[Window(Visualisation).Property(ArtistSlideshow.2.SimilarName), • [COLOR grey],[/COLOR]]$INFO[Window(Visualisation).Property(ArtistSlideshow.3.SimilarName), • [COLOR grey],[/COLOR]]$INFO[Window(Visualisation).Property(ArtistSlideshow.4.SimilarName), • [COLOR grey],[/COLOR]]$INFO[Window(Visualisation).Property(ArtistSlideshow.5.SimilarName), •	[COLOR grey],[/COLOR]]$INFO[Window(Visualisation).Property(ArtistSlideshow.6.SimilarName), • [COLOR grey],[/COLOR]]$INFO[Window(Visualisation).Property(ArtistSlideshow.7.SimilarName), • [COLOR grey],[/COLOR]]$INFO[Window(Visualisation).Property(ArtistSlideshow.8.SimilarName), • [COLOR grey],[/COLOR]]$INFO[Window(Visualisation).Property(ArtistSlideshow.9.SimilarName), • [COLOR grey],[/COLOR]]$INFO[Window(Visualisation).Property(ArtistSlideshow.10.SimilarName), • [COLOR grey],[/COLOR]]</label>
					<scrollspeed>75</scrollspeed>
				</control>
            </control>
        </control>
        <!-- codec & viz infos -->
        <control type="group" id="0">
            <animation effect="slide" start="0,-340" end="0,0" time="200">VisibleChange</animation>
            <animation effect="fade" time="200">VisibleChange</animation>
            <visible>Player.ShowCodec + ![Window.IsVisible(script-XBMC_Lyrics-main.xml) | Window.IsVisible(VisualisationSettings) | Window.IsVisible(VisualisationPresetList)]</visible>
            <control type="image">
                <width>100%</width>
                <height>340</height>
                <texture border="1,1,1,40">topbar.png</texture>
            </control>
            <control type="grouplist">
                <left>30</left>
                <width>100%</width>
                <height>300</height>
                <align>center</align>
                <itemgap>10</itemgap>
                <control type="label">
                    <description>row 1 label</description>
                    <width>1770</width>
                    <height>90</height>
                    <font>font14</font>
                    <textcolor>grey2</textcolor>
                    <label>$INFO[musicplayer.Codec,$LOCALIZE[21446]: ,]$INFO[musicplayer.Bitrate, · $LOCALIZE[623]: ,kbps]$INFO[musicplayer.bitspersample, · $LOCALIZE[612]: ,]$INFO[musicplayer.Samplerate, · $LOCALIZE[613]: ,kHz]$INFO[musicplayer.Channels, · $LOCALIZE[21444]: ]</label>
                </control>
                <control type="label">
                    <description>row 2 label</description>
                    <width>1770</width>
                    <height>90</height>
                    <font>font14</font>
                    <label>$INFO[Visualisation.Name,, [I][COLOR=orange]($LOCALIZE[20166])[/COLOR][/I] · ]fps: $INFO[System.FPS]</label>
                    <textcolor>grey2</textcolor>
                    <visible>Visualisation.Locked</visible>
                </control>
                <control type="label">
                    <description>row 3 label</description>
                    <width>1770</width>
                    <height>90</height>
                    <font>font14</font>
                    <label>$INFO[Visualisation.Name,, · ]fps: $INFO[System.FPS]</label>
                    <textcolor>grey2</textcolor>
                    <visible>!Visualisation.Locked</visible>
                </control>
                <control type="label">
                    <description>row 3 label</description>
                    <width>1770</width>
                    <height>90</height>
                    <font>font14</font>
                    <label>$INFO[Visualisation.Preset,$LOCALIZE[13388]: ]</label>
                    <textcolor>grey2</textcolor>
                </control>
            </control>
        </control>
    </controls>
</window>