<?xml version="1.0" encoding="UTF-8"?>
<includes>
	<!-- Video InfoWall -->
	<include name="VideoInfoWall">
		<control type="group">
			<visible>Control.IsVisible(51) + !Window.IsActive(addoninformation)</visible>
			<include>ViewAnimation</include>
			<left>ViewInfoWallLeft</left>
			<top>-65</top>
			<control type="image">
				<description>background image</description>
				<left>90</left>
				<top>1080</top>
				<width>BackPanelInfoWallWidth</width>
				<height>964</height>
				<texture border="40">panel_reflect.png</texture>
			</control>
			<control type="image">
				<description>background image</description>
				<left>90</left>
				<top>148</top>
				<width>BackPanelInfoWallWidth</width>
				<height>964</height>
				<texture border="40">listpanel_back.png</texture>
			</control>
			<control type="panel" id="51">
				<left>120</left>
				<top>179</top>
				<width>ViewInfoWallWidth</width>
				<height>900</height>
				<!-- <onleft>60</onleft> -->
				<onleft>SetProperty(MediaMenu,True,home)</onleft>
				<onleft>SetFocus(9050)</onleft>
				<!-- Only works if ParentFolder item is disabled -->
				<onright>SetFocus(51,$INFO[Container(51).CurrentItem],absolute)</onright>
				<onup>51</onup>
				<ondown>51</ondown>
				<pagecontrol>60</pagecontrol>
				<preloaditems>2</preloaditems>
				<viewtype label="InfoWall">icon</viewtype>
				<scrolltime tween="quadratic" easing="out">300</scrolltime>
				<visible>Container.Content(tvshows) | Container.Content(movies)</visible>
				<itemlayout height="300" width="200">
					<control type="image">
						<width>200</width>
						<height>300</height>
						<aspectratio>scale</aspectratio>
						<texture background="true">$VAR[PosterThumb]</texture>
						<bordertexture border="2">thumbs/panel_border3.png</bordertexture>
						<bordersize>2</bordersize>
					</control>
					<!-- ROURA97311 Hidewatched overlay -->
					<control type="image">
						<left>120</left>
						<width>80</width>
						<height>80</height>
						<texture>$VAR[OverlayVar]</texture>
						<aspectratio align="center" aligny="top">keep</aspectratio>
						<visible>Skin.HasSetting(WatchedOverlayClick)</visible>
						<bordersize>1</bordersize>
					</control>
					<control type="group">
						<left>15</left>
						<top>15</top>
						<include condition="Skin.HasSetting(Disable.UnwatchedIcon)">UnwatchedIcon</include>
						<visible>Skin.HasSetting(WatchedOverlayClick)</visible>
					</control>
					<control type="image">
						<width>200</width>
						<height>300</height>
						<texture>black.png</texture>
						<bordersize>2</bordersize>
						<colordiffuse>44ffffff</colordiffuse>
					</control>
				</itemlayout>
				<focusedlayout height="300" width="200">
					<control type="image">
						<width>200</width>
						<height>300</height>
						<aspectratio>scale</aspectratio>
						<texture background="true">$VAR[PosterThumb]</texture>
						<bordertexture border="2">thumbs/panel_border3.png</bordertexture>
						<bordersize>2</bordersize>
					</control>
					<!-- ROURA97311 Hidewatched overlay -->
					<!-- <control type="image">
						<left>120</left>
						<width>80</width>
						<height>80</height>
						<texture>$VAR[OverlayVar]</texture>
						<aspectratio align="center" aligny="top">keep</aspectratio>
						<visible>Skin.HasSetting(WatchedOverlayClick)</visible>
						<bordersize>1</bordersize>
					</control> -->
					<control type="group">
						<left>15</left>
						<top>15</top>
						<include condition="Skin.HasSetting(Disable.UnwatchedIcon)">UnwatchedIcon</include>
						<visible>Skin.HasSetting(WatchedOverlayClick)</visible>
					</control>
					<control type="image">
						<width>200</width>
						<height>300</height>
						<texture>black.png</texture>
						<bordersize>2</bordersize>
						<colordiffuse>44ffffff</colordiffuse>
						<include>FocusFadeOutAnimation</include>
					</control>
					<control type="image">
						<width>200</width>
						<height>300</height>
						<texture border="10">thumbs/thumbnail_focused.png</texture>
						<include>FocusFadeInAnimation</include>
					</control>
				</focusedlayout>
			</control>
			<control type="scrollbar" id="60">
				<left>104</left>
				<top>179</top>
				<width>14</width>
				<height>900</height>
				<onright>50</onright>
				<onleft>SetProperty(MediaMenu,True,home)</onleft>
				<onleft>SetFocus(9050)</onleft>
				<ondown>60</ondown>
				<onup>60</onup>
				<showonepage>false</showonepage>
				<texturesliderbackground />
				<texturesliderbar colordiffuse="55ffffff" border="1">scrollbar/texturesliderbar2.png</texturesliderbar>
				<texturesliderbarfocus border="1">scrollbar/texturesliderbar2.png</texturesliderbarfocus>
				<animation effect="fade" start="100" end="0" time="500" delay="500" condition="!Control.HasFocus(60) + !Container.Scrolling">Conditional</animation>
			</control>
			<control type="group">
				<left>InfoPanelInfoWallLeft</left>
				<top>179</top>
				<control type="image">
					<width>680</width>
					<height>400</height>
					<aspectratio>scale</aspectratio>
					<texture background="true">$INFO[ListItem.Art(fanart)]</texture>
					<fadetime>300</fadetime>
					<bordertexture border="2">thumbs/panel_border3.png</bordertexture>
					<bordersize>2</bordersize>
				</control>
				<control type="label">
					<top>401</top>
					<width>678</width>
					<height>60</height>
					<font>font16_title</font>
					<textcolor>grey</textcolor>
					<scroll>true</scroll>
					<label>[B]$VAR[FloorLabelVar][/B]</label>
					<textoffsetx>15</textoffsetx>
				</control>
				<control type="label">
					<top>456</top>
					<width>680</width>
					<height>40</height>
					<include>ShowCaseInfoPanelButtonsValues</include>
					<label>$INFO[ListItem.Genre]</label>
					<visible>!String.IsEmpty(ListItem.Genre)</visible>
				</control>
				<control type="grouplist">
					<top>501</top>
					<width>680</width>
					<height>270</height>
					<orientation>horizontal</orientation>
					<usecontrolcoords>true</usecontrolcoords>
					<control type="image">
						<left>16</left>
						<top>11</top>
						<width>42</width>
						<height>28</height>
						<aspectratio>keep</aspectratio>
						<texture>$VAR[UnFocusHDIndicator]</texture>
						<colordiffuse>grey</colordiffuse>
						<visible>!String.IsEmpty(ListItem.VideoResolution)</visible>
					</control>
					<control type="label">
						<height>40</height>
						<width>680</width>
						<textcolor>grey</textcolor>
						<label>  [COLOR$VAR[ThemeLabelColor]]Nbr de Saison :[/COLOR] $VAR[InfoPanelLabel41Var]</label>
						<visible>!String.IsEmpty(ListItem.Title) + Container.Content(tvshows)</visible>
					</control>
					<control type="label">
						<label>$VAR[VideoSubLabelVar3]</label>
						<width>680</width>
						<height>40</height>
						<textcolor>grey</textcolor>
						<include>ShowCaseInfoPanelButtonsValues</include>
						<visible>Container.Content(sets) | Container.Content(movies)</visible>
					</control>
					
				</control>
				<control type="image">
                        <left>450</left>
						<top>480</top>
                       <colordiffuse>white</colordiffuse>
						<include>MediaFlagVars</include>
						<texture>$VAR[RatingFlagVar]</texture>
						<!-- <visible>!String.IsEmpty(ListItem.Studio)</visible> -->
                    </control>
				<control type="textbox">
					<label>$VAR[VideoPlotVar]</label>
					<top>580</top>
					<left>15</left>
					<width>650</width>
					<height>342</height>
					<font>font14_textbox</font>
					<autoscroll time="3000" delay="4000" repeat="5000">Skin.HasSetting(Enable.AutoScroll) + !Control.HasFocus(61)</autoscroll>
					<pagecontrol>61</pagecontrol>
					<include>ShowCaseInfoPanelButtonsValues</include>
				</control>
				<control type="scrollbar" id="61">
					<left>677</left>
					<top>555</top>
					<width>14</width>
					<height>342</height>
					<onleft>50</onleft>
					<onright>SetProperty(MediaMenu,True,home)</onright>
					<onright>SetFocus(9050)</onright>
					<ondown>61</ondown>
					<onup>61</onup>
					<showonepage>false</showonepage>
					<texturesliderbackground />
					<texturesliderbar colordiffuse="55ffffff" border="1">scrollbar/texturesliderbar2.png</texturesliderbar>
					<texturesliderbarfocus border="1">scrollbar/texturesliderbar2.png</texturesliderbarfocus>
				</control>
			</control>
		</control>
		<!-- ROURA97311 affichage du logo -->
		<control type="image" id="8822">
                        <left>1500</left>
                        <top>410</top>
                        <width>300</width>
                        <height>105</height>
                        <aspectratio>keep</aspectratio>
                        <texture background="true" fallback="empty.png">$INFO[ListItem.Art(clearlogo)]</texture>
                        <visible>Skin.HasSetting(DisplayLogo) + Control.IsVisible(51) </visible>
        </control>
	</include>
	<!-- Music InfoWall -->
	<include name="MusicInfoWall">
		<control type="group">
			<visible>Control.IsVisible(51) + !Window.IsActive(addoninformation)</visible>
			<include>ViewAnimation</include>
			<left>ViewInfoWallLeft</left>
			<top>-65</top>
			<control type="image">
				<description>background image</description>
				<left>140</left>
				<top>1080</top>
				<width>BackPanelInfoWallSquareWidth</width>
				<height>964</height>
				<texture border="40">panel_reflect.png</texture>
			</control>
			<control type="image">
				<description>background image</description>
				<left>140</left>
				<top>148</top>
				<width>BackPanelInfoWallSquareWidth</width>
				<height>964</height>
				<texture border="40">listpanel_back.png</texture>
			</control>
			<control type="panel" id="51">
				<left>170</left>
				<top>179</top>
				<width>ViewInfoWallSquareWidth</width>
				<height>900</height>
				<onleft condition="Control.IsVisible(60)">60</onleft>
				<onleft condition="!Control.IsVisible(60)">SetProperty(MediaMenu,True,home)</onleft>
				<onleft condition="!Control.IsVisible(60)">SetFocus(9050)</onleft>
				<onright>61</onright>
				<onup>51</onup>
				<ondown>51</ondown>
				<pagecontrol>60</pagecontrol>
				<preloaditems>2</preloaditems>
				<viewtype label="InfoWall">icon</viewtype>
				<scrolltime tween="quadratic" easing="out">300</scrolltime>
				<visible>Container.Content(albums) | Container.Content(artists) | Container.Content(addons)</visible>
				<itemlayout height="300" width="300" condition="Container.Content(albums) | Container.Content(addons)">
					<control type="image">
						<width>300</width>
						<height>300</height>
						<aspectratio>scale</aspectratio>
						<texture background="true">$INFO[ListItem.Icon]</texture>
						<bordertexture border="2">thumbs/panel_border3.png</bordertexture>
						<bordersize>2</bordersize>
					</control>
					<control type="image">
						<width>300</width>
						<height>300</height>
						<texture>black.png</texture>
						<bordersize>2</bordersize>
						<colordiffuse>44ffffff</colordiffuse>
					</control>
				</itemlayout>
				<focusedlayout height="300" width="300" condition="Container.Content(albums) | Container.Content(addons)">
					<control type="image">
						<width>300</width>
						<height>300</height>
						<aspectratio>scale</aspectratio>
						<texture background="true">$INFO[ListItem.Icon]</texture>
						<bordertexture border="2">thumbs/panel_border3.png</bordertexture>
						<bordersize>2</bordersize>
					</control>
					<control type="image">
						<width>300</width>
						<height>300</height>
						<texture>black.png</texture>
						<bordersize>2</bordersize>
						<colordiffuse>44ffffff</colordiffuse>
						<include>FocusFadeOutAnimation</include>
					</control>
					<control type="image">
						<width>300</width>
						<height>300</height>
						<texture border="10">thumbs/thumbnail_focused.png</texture>
						<include>FocusFadeInAnimation</include>
					</control>
				</focusedlayout>
				<itemlayout height="300" width="300" condition="Container.Content(artists)">
					<control type="image">
						<width>300</width>
						<height>300</height>
						<aspectratio>scale</aspectratio>
						<texture background="true">$INFO[ListItem.Icon]</texture>
						<bordertexture border="2">thumbs/panel_border3.png</bordertexture>
						<bordersize>2</bordersize>
					</control>
					<control type="image">
						<width>300</width>
						<height>300</height>
						<texture>black.png</texture>
						<bordersize>2</bordersize>
						<colordiffuse>44ffffff</colordiffuse>
					</control>
					<control type="image">
						<width>300</width>
						<height>300</height>
						<texture>thumbs/poster_black.png</texture>
						<bordersize>2</bordersize>
					</control>
					<control type="label">
						<top>260</top>
						<width>300</width>
						<height>30</height>
						<align>center</align>
						<textoffsetx>15</textoffsetx>
						<textcolor>grey2</textcolor>
						<info>ListItem.Label</info>
					</control>
				</itemlayout>
				<focusedlayout height="300" width="300" condition="Container.Content(artists)">
					<control type="image">
						<width>300</width>
						<height>300</height>
						<aspectratio>scale</aspectratio>
						<texture background="true">$INFO[ListItem.Icon]</texture>
						<bordertexture border="2">thumbs/panel_border3.png</bordertexture>
						<bordersize>2</bordersize>
					</control>
					<control type="image">
						<width>300</width>
						<height>300</height>
						<texture>black.png</texture>
						<bordersize>2</bordersize>
						<colordiffuse>44ffffff</colordiffuse>
						<include>FocusFadeOutAnimation</include>
					</control>
					<control type="image">
						<width>300</width>
						<height>300</height>
						<texture>thumbs/poster_black.png</texture>
						<bordersize>2</bordersize>
					</control>
					<control type="label">
						<top>260</top>
						<width>300</width>
						<height>30</height>
						<align>center</align>
						<textoffsetx>15</textoffsetx>
						<textcolor>grey2</textcolor>
						<info>ListItem.Label</info>
					</control>
					<control type="image">
						<width>300</width>
						<height>300</height>
						<texture border="10">thumbs/thumbnail_focused.png</texture>
						<include>FocusFadeInAnimation</include>
					</control>
				</focusedlayout>
			</control>
			<control type="scrollbar" id="60">
				<left>154</left>
				<top>179</top>
				<width>14</width>
				<height>900</height>
				<onright>50</onright>
				<onleft>SetProperty(MediaMenu,True,home)</onleft>
				<onleft>SetFocus(9050)</onleft>
				<ondown>60</ondown>
				<onup>60</onup>
				<showonepage>false</showonepage>
				<texturesliderbackground />
				<texturesliderbar colordiffuse="55ffffff" border="1">scrollbar/texturesliderbar2.png</texturesliderbar>
				<texturesliderbarfocus border="1">scrollbar/texturesliderbar2.png</texturesliderbarfocus>
				<animation effect="fade" start="100" end="0" time="500" delay="500" condition="!Control.HasFocus(60) + !Container.Scrolling">Conditional</animation>
			</control>
			<control type="group">
				<left>InfoPanelInfoWallSquareLeft</left>
				<top>179</top>
				<control type="image">
					<width>680</width>
					<height>400</height>
					<aspectratio>scale</aspectratio>
					<texture background="true" fallback="special://skin/backgrounds/fallback_music.jpg">$INFO[Container(51).ListItem.Art(fanart)]</texture>
					<fadetime>300</fadetime>
					<bordertexture border="2">thumbs/panel_border3.png</bordertexture>
					<bordersize>2</bordersize>
				</control>
				<control type="label">
					<top>401</top>
					<width>680</width>
					<height>60</height>
					<font>font16_title_bold</font>
					<textcolor>grey</textcolor>
					<scroll>true</scroll>
					<label>$VAR[FloorLabelVar]</label>
					<textoffsetx>15</textoffsetx>
				</control>
				<control type="button">
					<top>461</top>
					<width>680</width>
					<label>$INFO[ListItem.Artist,,[CR]]$INFO[ListItem.Year]$INFO[ListItem.Property(Album_Label), • ]</label>
					<include>ShowCaseInfoPanelButtonsValues</include>
					<visible>Container.Content(albums)</visible>
				</control>
				<control type="button">
					<top>461</top>
					<width>680</width>
					<label>$INFO[ListItem.Property(Artist_Genre),,[CR]]$INFO[ListItem.Property(Artist_YearsActive)]</label>
					<include>ShowCaseInfoPanelButtonsValues</include>
					<visible>Container.Content(artists)</visible>
				</control>
				<control type="button">
					<top>461</top>
					<width>680</width>
					<label>$INFO[ListItem.AddonCreator,,[CR]]$INFO[ListItem.AddonVersion]</label>
					<include>ShowCaseInfoPanelButtonsValues</include>
					<visible>Container.Content(addons)</visible>
				</control>
				<control type="textbox">
					<label>$VAR[MusicPlotVar]</label>
					<top>555</top>
					<left>15</left>
					<width>650</width>
					<height>342</height>
					<font>font14_textbox</font>
					<autoscroll time="3000" delay="4000" repeat="5000">Skin.HasSetting(Enable.AutoScroll) + !Control.HasFocus(61)</autoscroll>
					<pagecontrol>61</pagecontrol>
					<include>ShowCaseInfoPanelButtonsValues</include>
				</control>
				<control type="scrollbar" id="61">
					<left>677</left>
					<top>555</top>
					<width>14</width>
					<height>342</height>
					<onleft>50</onleft>
					<onright>SetProperty(MediaMenu,True,home)</onright>
					<onright>SetFocus(9050)</onright>
					<ondown>61</ondown>
					<onup>61</onup>
					<showonepage>false</showonepage>
					<texturesliderbackground />
					<texturesliderbar colordiffuse="55ffffff" border="1">scrollbar/texturesliderbar2.png</texturesliderbar>
					<texturesliderbarfocus border="1">scrollbar/texturesliderbar2.png</texturesliderbarfocus>
				</control>
			</control>
		</control>
	</include>
	<!-- Addon InfoWall -->
	<include name="AddonInfoWall">
		<control type="group">
			<visible>Control.IsVisible(51) + !Window.IsActive(addoninformation)</visible>
			<include>ViewAnimation</include>
			<top>-65</top>
			<control type="image">
				<description>background image</description>
				<left>140</left>
				<top>1080</top>
				<width>BackPanelInfoWallSquareWidth</width>
				<height>964</height>
				<texture border="40">panel_reflect.png</texture>
			</control>
			<control type="image">
				<description>background image</description>
				<left>140</left>
				<top>148</top>
				<width>BackPanelInfoWallSquareWidth</width>
				<height>964</height>
				<texture border="40">listpanel_back.png</texture>
			</control>
			<control type="panel" id="51">
				<left>170</left>
				<top>179</top>
				<width>ViewInfoWallSquareWidth</width>
				<height>900</height>
				<onleft condition="Control.IsVisible(60)">60</onleft>
				<onleft condition="!Control.IsVisible(60)">SetProperty(MediaMenu,True,home)</onleft>
				<onleft condition="!Control.IsVisible(60)">SetFocus(9050)</onleft>
				<onright>61</onright>
				<onup>51</onup>
				<ondown>51</ondown>
				<pagecontrol>60</pagecontrol>
				<preloaditems>2</preloaditems>
				<viewtype label="InfoWall">icon</viewtype>
				<scrolltime tween="quadratic" easing="out">300</scrolltime>
				<visible>Container.Content(addons)</visible>
				<itemlayout height="300" width="300">
					<control type="image">
						<width>300</width>
						<height>300</height>
						<aspectratio>scale</aspectratio>
						<texture background="true">$INFO[ListItem.Icon]</texture>
						<bordertexture border="2">thumbs/panel_border3.png</bordertexture>
						<bordersize>2</bordersize>
					</control>
					<control type="image">
						<left>200</left>
						<width>100</width>
						<height>100</height>
						<texture>overlays/addons/enabled.png</texture>
						<aspectratio align="center" aligny="top">keep</aspectratio>
						<visible>String.IsEqual(ListItem.Label2,$LOCALIZE[449])</visible>
						<bordersize>2</bordersize>
					</control>
					<control type="image">
						<width>300</width>
						<height>300</height>
						<texture>black.png</texture>
						<bordersize>2</bordersize>
						<colordiffuse>44ffffff</colordiffuse>
					</control>
				</itemlayout>
				<focusedlayout height="300" width="300">
					<control type="image">
						<width>300</width>
						<height>300</height>
						<aspectratio>scale</aspectratio>
						<texture background="true">$INFO[ListItem.Icon]</texture>
						<bordertexture border="2">thumbs/panel_border3.png</bordertexture>
						<bordersize>2</bordersize>
					</control>
					<control type="image">
						<left>200</left>
						<width>100</width>
						<height>100</height>
						<texture>overlays/addons/enabled.png</texture>
						<aspectratio align="center" aligny="top">keep</aspectratio>
						<visible>String.IsEqual(ListItem.Label2,$LOCALIZE[449])</visible>
						<bordersize>2</bordersize>
					</control>
					<control type="image">
						<width>300</width>
						<height>300</height>
						<texture>black.png</texture>
						<bordersize>2</bordersize>
						<colordiffuse>44ffffff</colordiffuse>
						<include>FocusFadeOutAnimation</include>
					</control>
					<control type="image">
						<width>300</width>
						<height>300</height>
						<texture border="10">thumbs/thumbnail_focused.png</texture>
						<include>FocusFadeInAnimation</include>
					</control>
				</focusedlayout>
			</control>
			<control type="scrollbar" id="60">
				<left>154</left>
				<top>179</top>
				<width>14</width>
				<height>900</height>
				<onright>50</onright>
				<onleft>SetProperty(MediaMenu,True,home)</onleft>
				<onleft>SetFocus(9050)</onleft>
				<ondown>60</ondown>
				<onup>60</onup>
				<showonepage>false</showonepage>
				<texturesliderbackground />
				<texturesliderbar colordiffuse="55ffffff" border="1">scrollbar/texturesliderbar2.png</texturesliderbar>
				<texturesliderbarfocus border="1">scrollbar/texturesliderbar2.png</texturesliderbarfocus>
				<animation effect="fade" start="100" end="0" time="500" delay="500" condition="!Control.HasFocus(60) + !Container.Scrolling">Conditional</animation>
			</control>
			<control type="group">
				<left>InfoPanelInfoWallSquareLeft</left>
				<top>179</top>
				<control type="image">
					<width>680</width>
					<height>400</height>
					<aspectratio>scale</aspectratio>
					<texture background="true" fallback="special://skin/backgrounds/default_livecases.jpg">$INFO[Container(51).ListItem.Art(fanart)]</texture>
					<fadetime>300</fadetime>
					<bordertexture border="2">thumbs/panel_border3.png</bordertexture>
					<bordersize>2</bordersize>
				</control>
				<control type="label">
					<top>401</top>
					<width>680</width>
					<height>60</height>
					<font>font16_title_bold</font>
					<textcolor>grey</textcolor>
					<scroll>true</scroll>
					<label>$VAR[FloorLabelVar]</label>
					<textoffsetx>15</textoffsetx>
				</control>
				<control type="button">
					<top>461</top>
					<width>680</width>
					<label>$INFO[ListItem.AddonCreator,,[CR]]$INFO[ListItem.AddonVersion]</label>
					<include>ShowCaseInfoPanelButtonsValues</include>
				</control>
				<control type="textbox">
					<label>$VAR[MusicPlotVar]</label>
					<top>555</top>
					<left>15</left>
					<width>650</width>
					<height>342</height>
					<font>font14_textbox</font>
					<autoscroll time="3000" delay="4000" repeat="5000">Skin.HasSetting(Enable.AutoScroll) + !Control.HasFocus(61)</autoscroll>
					<pagecontrol>61</pagecontrol>
					<include>ShowCaseInfoPanelButtonsValues</include>
				</control>
				<control type="scrollbar" id="61">
					<left>677</left>
					<top>555</top>
					<width>14</width>
					<height>342</height>
					<onleft>50</onleft>
					<onright>SetProperty(MediaMenu,True,home)</onright>
					<onright>SetFocus(9050)</onright>
					<ondown>61</ondown>
					<onup>61</onup>
					<showonepage>false</showonepage>
					<texturesliderbackground />
					<texturesliderbar colordiffuse="55ffffff" border="1">scrollbar/texturesliderbar2.png</texturesliderbar>
					<texturesliderbarfocus border="1">scrollbar/texturesliderbar2.png</texturesliderbarfocus>
				</control>
			</control>
		</control>
	</include>
</includes>