<?xml version="1.0" encoding="UTF-8"?>
<includes>
	<include name="ShowCaseMusicInfoPanel">
        <control type="group" id="12001">
		<!-- ROURA97311 Hide Infopanel when zoom -->
            <visible>!String.IsEmpty(Control.GetLabel(4420)) + Control.IsVisible(4420)+ !Skin.HasSetting(ZoomShowcaseCD)</visible>
            <animation effect="slide" start="0,0" end="0,20" time="100" tween="cubic" condition="Container.Content(albums) + Control.IsVisible(54)">Conditional</animation>
            <animation effect="slide" start="0,-1200" end="0,0" time="720" tween="cubic">VisibleChange</animation>
            <animation effect="slide" start="0,-1200" end="0,0" time="720" tween="cubic">WindowOpen</animation>
            <animation effect="slide" end="0,-1200" start="0,0" time="720" tween="cubic">WindowClose</animation>
            <animation effect="slide" start="0,0" end="0,20" time="720" tween="cubic" condition="Control.IsVisible(52)">Conditional</animation>
            <top>50</top>
			<!-- <control type="image">
					<left>1450</left>
					<top>15</top>
					<width>320</width>
					<height>135</height>
					<aspectratio aligny="bottom">keep</aspectratio>
					<texture background="true">$VAR[ListItemArtistLogoVar]</texture>
					<visible>!Skin.HasSetting(HideLogoArtist) + Control.IsVisible(54)</visible>
					</control> -->
            <control type="image">
                <description>background image</description>
                <left>106</left>
                <top>834</top>
                <width>1706</width>
                <height>734</height>
                <texture border="40">panel_reflect.png</texture>
            </control>
            <control type="image">
                <description>background image</description>
                <left>106</left>
                <top>130</top>
                <width>1706</width>
                <height>734</height>
                <texture border="40">listpanel_back.png</texture>
            </control>
            <control type="group">
                <visible>String.IsEqual(Control.GetLabel(4420),1)</visible>
                <include>SettingsFadeEffect</include>
                <control type="grouplist">
                    <left>137</left>
                    <top>162</top>
                    <visible>Container.Content(albums)</visible>
                    <control type="button">
                        <label>[COLOR$VAR[ThemeLabelColor]]$LOCALIZE[515]:[/COLOR][CR]$INFO[ListItem.Genre]</label>
                        <width>486</width>
                        <include>ShowCaseInfoPanelButtonsValues</include>
                        <visible>!String.IsEmpty(ListItem.Genre)</visible>
                    </control>
                    <control type="button">
                        <label>[COLOR$VAR[ThemeLabelColor]]$LOCALIZE[515]:[/COLOR][CR]$LOCALIZE[31103]</label>
                        <width>486</width>
                        <include>ShowCaseInfoPanelButtonsValues</include>
                        <visible>String.IsEmpty(ListItem.Genre)</visible>
                    </control>
                    <control type="button">
                        <label>[COLOR$VAR[ThemeLabelColor]]$LOCALIZE[21899]:[/COLOR][CR]$INFO[ListItem.Property(Album_Label)]</label>
                        <width>486</width>
                        <include>ShowCaseInfoPanelButtonsValues</include>
                        <visible>!String.IsEmpty(ListItem.Property(Album_Label))</visible>
                    </control>
                    <control type="button">
                        <label>[COLOR$VAR[ThemeLabelColor]]$LOCALIZE[21899]:[/COLOR][CR]$LOCALIZE[31103]</label>
                        <width>486</width>
                        <include>ShowCaseInfoPanelButtonsValues</include>
                        <visible>String.IsEmpty(ListItem.Property(Album_Label))</visible>
                    </control>
                </control>
                <control type="grouplist">
                    <left>625</left>
                    <top>162</top>
                    <visible>Container.Content(albums)</visible>
                    <control type="button">
                        <label>[COLOR$VAR[ThemeLabelColor]]$LOCALIZE[175]:[/COLOR][CR]$INFO[ListItem.Property(Album_Mood)]</label>
                        <include>ShowCaseInfoPanelButtonsValues</include>
                        <visible>!String.IsEmpty(ListItem.Property(Album_Mood))</visible>
                    </control>
                    <control type="button">
                        <label>[COLOR$VAR[ThemeLabelColor]]$LOCALIZE[175]:[/COLOR][CR]$LOCALIZE[31103]</label>
                        <include>ShowCaseInfoPanelButtonsValues</include>
                        <visible>String.IsEmpty(ListItem.Property(Album_Mood))</visible>
                    </control>
                    <control type="button">
                        <label>[COLOR$VAR[ThemeLabelColor]]$LOCALIZE[176]:[/COLOR][CR]$INFO[ListItem.Property(Album_Style)]</label>
                        <include>ShowCaseInfoPanelButtonsValues</include>
                        <visible>!String.IsEmpty(ListItem.Property(Album_Style))</visible>
                    </control>
                    <control type="button">
                        <label>[COLOR$VAR[ThemeLabelColor]]$LOCALIZE[176]:[/COLOR][CR]$LOCALIZE[31103]</label>
                        <include>ShowCaseInfoPanelButtonsValues</include>
                        <visible>String.IsEmpty(ListItem.Property(Album_Style))</visible>
                    </control>
                </control>
                <control type="image">
                    <left>638</left>
                    <top>162</top>
                    <width>2</width>
                    <height>179</height>
                    <texture border="1">separator3.png</texture>
                </control>
                <control type="textbox">
					<textcolor>$VAR[ThemeLabelColor]</textcolor>
					<label>$VAR[OtherPlotVar,$LOCALIZE[183]:[CR][COLOR white2],[/COLOR]]</label>
					<top>342</top>
					<left>152</left>
					<width>970</width>
					<height>180</height>
					<font>font14_textbox2</font>
					<pagecontrol>95462</pagecontrol>
					<autoscroll time="3000" delay="4000" repeat="5000">Skin.HasSetting(Enable.AutoScroll) + !Control.HasFocus(62)</autoscroll>
					<include>ShowCaseInfoPanelButtonsValues</include>
					
					<visible>Container.Content(albums)</visible>
				</control>
				<control type="textbox">
					<textcolor>$VAR[ThemeLabelColor]</textcolor>
					<label>$VAR[OtherPlotVar,$LOCALIZE[21887]:[CR][COLOR white2],[/COLOR]]</label>
					<top>162</top>
					<left>152</left>
					<width>940</width>
					<height>350</height>
					<font>font14_textbox</font>
					<autoscroll time="3000" delay="4000" repeat="5000">Skin.HasSetting(Enable.AutoScroll) + !Control.HasFocus(62)</autoscroll>
					<pagecontrol>95462</pagecontrol>
					<include>ShowCaseInfoPanelButtonsValues</include>
					
					<visible>Container.Content(artists)</visible>
				</control>
                <control type="scrollbar" id="62">
                    <top>342</top>
                    <left>1128</left>
                    <width>14</width>
                    <height>180</height>
                    <onup>SetProperty(MediaMenu,True,home)</onup>
                    <onup>SetFocus(9050)</onup>
                    <onleft>50</onleft>
                    <onright>50</onright>
                    <ondown>50</ondown>
                    <texturesliderbackground>scrollbar/texturesliderbackground3.png</texturesliderbackground>
                    <texturesliderbar colordiffuse="55ffffff" border="1">scrollbar/texturesliderbar3.png</texturesliderbar>
                    <texturesliderbarfocus border="1">scrollbar/texturesliderbar3.png</texturesliderbarfocus>
                    <showonepage>false</showonepage>
                    <orientation>vertical</orientation>
                </control>
                <control type="image">
                    <left>137</left>
                    <top>464</top>
                    <width>1643</width>
                    <height>60</height>
                    <texture border="1">separator2.png</texture>
                </control>
                <control type="image">
                    <left>1142</left>
                    <top>162</top>
                    <width>640</width>
                    <height>360</height>
                    <fadetime>200</fadetime>
                    <texture background="true">$INFO[ListItem.Art(fanart)]</texture>
                    <bordertexture border="1,1,2,1">thumbs/panel_border.png</bordertexture>
                    <bordersize>1,1,2,1</bordersize>
                </control>
            </control>
            <control type="group">
                <visible>String.IsEqual(Control.GetLabel(4420),2)</visible>
                <include>SettingsFadeEffect</include>
                <control type="grouplist">
                    <left>137</left>
                    <top>164</top>
                    <height>360</height>
                    <visible>Container.Content(artists)</visible>
                    <control type="button">
                        <label>[COLOR$VAR[ThemeLabelColor]]$LOCALIZE[21893]:[/COLOR][CR]$INFO[ListItem.Property(Artist_Born)]</label>
                        <include>ShowCaseInfoPanelButtonsValues</include>
                        <visible>!String.IsEmpty(ListItem.Property(Artist_Born))</visible>
                    </control>
                    <control type="button">
                        <label>[COLOR$VAR[ThemeLabelColor]]$LOCALIZE[21894]:[/COLOR][CR]$INFO[ListItem.Property(Artist_Formed)]</label>
                        <include>ShowCaseInfoPanelButtonsValues</include>
                        <visible>!String.IsEmpty(ListItem.Property(Artist_Formed))</visible>
                    </control>
                    <control type="button">
                        <label>[COLOR$VAR[ThemeLabelColor]]$LOCALIZE[21897]:[/COLOR][CR]$INFO[ListItem.Property(Artist_Died)]</label>
                        <include>ShowCaseInfoPanelButtonsValues</include>
                        <visible>!String.IsEmpty(ListItem.Property(Artist_Died))</visible>
                    </control>
                    <control type="button">
                        <label>[COLOR$VAR[ThemeLabelColor]]$LOCALIZE[21896]:[/COLOR][CR]$INFO[ListItem.Property(Artist_Disbanded)]</label>
                        <include>ShowCaseInfoPanelButtonsValues</include>
                        <visible>!String.IsEmpty(ListItem.Property(Artist_Disbanded))</visible>
                    </control>
                    <control type="button">
                        <label>[COLOR$VAR[ThemeLabelColor]]$LOCALIZE[21898]:[/COLOR][CR]$INFO[ListItem.Property(Artist_YearsActive)]</label>
                        <include>ShowCaseInfoPanelButtonsValues</include>
                        <visible>!String.IsEmpty(ListItem.Property(Artist_YearsActive))</visible>
                    </control>
                    <control type="button">
                        <label>[COLOR$VAR[ThemeLabelColor]]$LOCALIZE[175]:[/COLOR][CR]$INFO[ListItem.Property(Artist_Mood)]</label>
                        <include>ShowCaseInfoPanelButtonsValues</include>
                        <visible>!String.IsEmpty(ListItem.Property(Artist_Mood))</visible>
                    </control>
                    <control type="button">
                        <label>[COLOR$VAR[ThemeLabelColor]]$LOCALIZE[176]:[/COLOR][CR]$INFO[ListItem.Property(Artist_Style)]</label>
                        <include>ShowCaseInfoPanelButtonsValues</include>
                        <visible>!String.IsEmpty(ListItem.Property(Artist_Style))</visible>
                    </control>
                </control>
                <control type="image">
                    <left>638</left>
                    <top>162</top>
                    <width>2</width>
                    <height>359</height>
                    <texture border="1">separator3.png</texture>
                </control>
                <control type="textbox">
                    <left>655</left>
                    <label>$VAR[OtherPlotVar]</label>
                    <top>162</top>
                    <width>700</width>
                    <height>354</height>
                    <font>font14_textbox</font>
                    <pagecontrol>62</pagecontrol>
                    <autoscroll time="3000" delay="4000" repeat="5000">Skin.HasSetting(Enable.AutoScroll) + !Control.HasFocus(62)</autoscroll>
                    <include>ShowCaseInfoPanelButtonsValues</include>
                </control>
                <control type="scrollbar" id="62">
                    <top>162</top>
                    <left>1408</left>
                    <width>14</width>
                    <height>360</height>
                    <onup>SetProperty(MediaMenu,True,home)</onup>
                    <onup>SetFocus(9050)</onup>
                    <onleft>50</onleft>
                    <onright>50</onright>
                    <ondown>50</ondown>
                    <texturesliderbackground>scrollbar/texturesliderbackground3.png</texturesliderbackground>
                    <texturesliderbar colordiffuse="55ffffff" border="1">scrollbar/texturesliderbar3.png</texturesliderbar>
                    <texturesliderbarfocus border="1">scrollbar/texturesliderbar3.png</texturesliderbarfocus>
                    <showonepage>false</showonepage>
                    <orientation>vertical</orientation>
                </control>
                <control type="image">
                    <left>637</left>
                    <top>464</top>
                    <width>1141</width>
                    <height>60</height>
                    <texture border="1">separator2.png</texture>
                </control>
                <control type="image">
                    <left>1142</left>
                    <top>162</top>
                    <width>640</width>
                    <height>360</height>
                    <fadetime>200</fadetime>
                    <aspectratio align="right">keep</aspectratio>
                    <texture background="true">$VAR[PosterThumbVar]</texture>
                    <bordertexture border="1,1,2,1">thumbs/panel_border.png</bordertexture>
                    <bordersize>1,1,2,1</bordersize>
                </control>
            </control>
        </control>
    </include>
	<include name="scqfixed">
		<control type="fixedlist" id="54">
			<include>contents54list</include>
		</control>
	</include>
	<include name="scqwrap">
		<control type="wraplist" id="54">
			<include>contents54list</include>
		</control>
	</include>
	<include name="contents54list">
		<left>-485</left>
		<top>580</top>
		<width>3000</width>
		<height>525</height>
		<onleft>54</onleft>
		<onright>54</onright>
		<onup>62</onup>
		<ondown>109</ondown>
		<onup condition="Control.IsVisible(62)">62</onup>
        <onup condition="!Control.IsVisible(62)">SetProperty(MediaMenu,True,home)</onup>
        <onup condition="!ontrol.IsVisible(62)">SetFocus(9050)</onup>
		<ondown condition="Control.IsVisible(95360)">95360</ondown>
		<ondown condition="!Control.IsVisible(95360)">4400</ondown>
		
		<viewtype label="31077">bigwrap</viewtype>
		<pagecontrol>61</pagecontrol>
		<scrolltime tween="quadratic" easing="out">200</scrolltime>
		<focusposition>3</focusposition>
		<orientation>horizontal</orientation>
		<preloaditems>2</preloaditems>
		<include>Animation_OpenCloseZoom_New</include>
		<visible>Container.Content(addons) | Container.Content(albums) | Container.Content(songs) | Container.Content(artists) | Container.Content(genres) | Container.Content(years) | Window.IsActive(pictures) | [Window.IsActive(musiclibrary) + Container.Content(files)]</visible>
		<animation effect="zoom" start="300" end="100" time="640" easing="inout" tween="circle" center="960,960" condition="Skin.HasSetting(noshowcaseflowCD)">Conditional</animation>
		<itemlayout height="525" width="420" condition="Skin.HasSetting(noshowcaseflowCD)">
		
			<control type="group">
				<top>10</top>
				        <control type="image">
							<include>MusicShowcaseThumb</include>
							<texture background="true" diffuse="thumbs/boxes/cdcover_mask_square.png" fallback="DefaultAudio.png">$VAR[MusicShowcaseItem0Var]</texture>
                        </control>
						<control type="image">
							<aspectratio scalediffuse="false" aligny="top" align="left">scale</aspectratio>
							<left>30</left>
							<width>350</width>
						<texture background="true" flipy="true" diffuse="thumbs/cdcover_mask_reflect.png" fallback="DefaultAudio.png">$VAR[MusicShowcaseItem0Var]</texture>
						<include>MusicShowcaseThumbReflection</include>
						</control>
						<include>MusicShowcaseCase</include>
						<include>MusicShowcaseCaseReflection</include>
			</control>
			<control type="group">
				<left>280</left>
				<top>52</top>
			</control>
		</itemlayout>
		<focusedlayout height="525" width="420" condition="Skin.HasSetting(noshowcaseflowCD)">
			
			<control type="group" id="99">
				<top>10</top>
				<animation effect="fade" time="0" delay="800">Visible</animation>
				<animation effect="zoom" start="75" end="100" center="auto" time="300" reversible="false" tween="cubic">Focus</animation>
				<control type="group">
				<visible>Control.IsVisible(7070)</visible>
				<include>MusicShowcaseNOFLOW</include>
				</control>
			</control>
		</focusedlayout>
		<itemlayout height="525" width="155" condition="![Skin.HasSetting(noshowcaseflowCD) + !Control.IsVisible(7003)]" />
		<focusedlayout height="525" width="155" condition="![Skin.HasSetting(noshowcaseflowCD) + !Control.IsVisible(7003)]" />
	</include>
	<include name="View_54_ShowCase">
		<control type="group">
			<visible>Control.IsVisible(54) + !Window.IsActive(addoninformation)</visible>
			 
			<animation effect="fade" time="1700" delay="0" reversible="false"  condition="Skin.HasSetting(noshowcaseflowCD)">condition</animation>
			<animation effect="fade" time="1700" delay="0" reversible="false"  condition="!Skin.HasSetting(noshowcaseflowCD)">condition</animation>
			<!-- ROURA97311 ZoomShowcaseCD -->
			<animation effect="zoom" start="100" end="155" time="640" easing="inout" tween="circle" center="960,1070" condition="Skin.HasSetting(ZoomShowcaseCD)">Conditional</animation>
			<control type="group">
			<animation effect="zoom" center="auto" start="100" end="115" time="400" tween="quadratic" reversible="false" condition="true">Conditional</animation>
			<camera x="960" y="810" />
			
			<animation effect="zoom" start="300" end="100" time="640" easing="inout" tween="circle" center="960,960" condition="!Skin.HasSetting(noshowcaseflowCD)">Conditional</animation>
			<animation effect="slide" tween="cubic" time="720" start="0,806" end="0,0">VisibleChange</animation>
			<!-- <include>ViewAnimation</include> -->
			<top>0</top>
			<!-- MikeBZH44 Add hidden CDArt to open case only if CDArt exists -->
            <control type="image" id="8823">
                <include>HiddenObject</include>
                <texture background="true" fallback="special://skin/extras/cdart/default.png">$VAR[CDArtVar].png</texture>
            </control>
            <control type="image" id="8824">
                <include>HiddenObject</include>
                <texture background="true" fallback="special://skin/extras/cdart/default.png">$VAR[CDArtVar]1.png</texture>
            </control>
			<control type="group" id="7007">
                <top>580</top>
                <visible>Container.OnNext + !Skin.HasSetting(noshowcaseflowCD)</visible>
                <animation effect="slide" end="-150,0" time="200" reversible="false">Hidden</animation>
                <control type="group">
                    <left>75</left>
                    <visible>Container.OnNext</visible>
                    <animation effect="fade" start="100" end="0" time="200" reversible="false">Hidden</animation>
                    <animation effect="rotatey" center="-75" start="-65" end="-65" time="0" condition="true">Conditional</animation>
                    <include>MusicShowcaseItem-6</include>
                </control>
                <control type="group">
                    <left>225</left>
                    <animation effect="rotatey" center="75" start="-65" end="-65" time="0" condition="true">Conditional</animation>
                    <include>MusicShowcaseItem-5</include>
                </control>
                <control type="group">
                    <left>375</left>
                    <animation effect="rotatey" center="225" start="-65" end="-65" time="0" condition="true">Conditional</animation>
                    <include>MusicShowcaseItem-4</include>
                </control>
                <control type="group">
                    <left>525</left>
                    <animation effect="rotatey" center="375" start="-65" end="-65" time="0" condition="true">Conditional</animation>
                    <include>MusicShowcaseItem-3</include>
                </control>
                <control type="group">
                    <left>675</left>
                    <animation effect="rotatey" center="525" start="-65" end="-65" time="0" condition="true">Conditional</animation>
                    <include>MusicShowcaseItem-2</include>
                </control>
                <control type="group">
                    <left>1590</left>
                    <animation effect="fade" end="100" time="200" reversible="false">Visible</animation>
                    <animation effect="rotatey" center="2145" start="65" end="65" time="0" condition="true">Conditional</animation>
                    <include>MusicShowcaseItem5</include>
                </control>
                <control type="group">
                    <left>1440</left>
                    <animation effect="rotatey" center="1995" start="65" end="65" time="0" condition="true">Conditional</animation>
                    <include>MusicShowcaseItem4</include>
                </control>
                <control type="group">
                    <left>1290</left>
                    <animation effect="rotatey" center="1845" start="65" end="65" time="0" condition="true">Conditional</animation>
                    <include>MusicShowcaseItem3</include>
                </control>
                <control type="group">
                    <left>1140</left>
                    <animation effect="rotatey" center="1695" start="65" end="65" time="0" condition="true">Conditional</animation>
                    <include>MusicShowcaseItem2</include>
                </control>
                <control type="group">
                    <left>990</left>
                    <animation effect="rotatey" center="1545" start="65" end="65" time="0" condition="true">Conditional</animation>
                    <include>MusicShowcaseItem1</include>
                </control>
                <control type="group">
                    <visible>Container.OnNext</visible>
                    <animation effect="slide" end="68,0" time="200" reversible="false">Hidden</animation>
                    <control type="group">
                        <left>840</left>
                        <visible>Container.OnNext</visible>
                        <animation effect="rotatey" center="1395" end="-65" time="200" reversible="false" tween="quadratic" easing="in">Hidden</animation>
                        <animation effect="rotatey" center="1395" start="65" end="65" time="0" condition="true">Conditional</animation>
                        <include>MusicShowcaseItem0</include>
                    </control>
                    <control type="group">
                        <left>758</left>
                        <visible>Container.OnNext</visible>
                        <animation effect="rotatey" center="608" end="-65" time="200" reversible="false" tween="quadratic">Hidden</animation>
                        <include>MusicShowcaseItem-1</include>
                    </control>
                </control>
            </control>
            <control type="group" id="7002">
                <top>580</top>
                <visible>Container.OnPrevious + !Skin.HasSetting(noshowcaseflowCD)</visible>
                <animation effect="slide" end="150,0" time="200" reversible="false">Hidden</animation>
                <control type="group">
                    <left>1440</left>
                    <visible>Container.OnPrevious</visible>
                    <animation effect="fade" start="100" end="0" time="200" reversible="false">Hidden</animation>
                    <animation effect="rotatey" center="1995" start="65" end="65" time="0" condition="true">Conditional</animation>
                    <include>MusicShowcaseItem6</include>
                </control>
                <control type="group">
                    <left>1290</left>
                    <animation effect="rotatey" center="1845" start="65" end="65" time="0" condition="true">Conditional</animation>
                    <include>MusicShowcaseItem5</include>
                </control>
                <control type="group">
                    <left>1140</left>
                    <animation effect="rotatey" center="1695" start="65" end="65" time="0" condition="true">Conditional</animation>
                    <include>MusicShowcaseItem4</include>
                </control>
                <control type="group">
                    <left>990</left>
                    <animation effect="rotatey" center="1545" start="65" end="65" time="0" condition="true">Conditional</animation>
                    <include>MusicShowcaseItem3</include>
                </control>
                <control type="group">
                    <left>840</left>
                    <animation effect="rotatey" center="1395" start="65" end="65" time="0" condition="true">Conditional</animation>
                    <include>MusicShowcaseItem2</include>
                </control>
                <control type="group">
                    <left>-75</left>
                    <visible>!Container.OnPrevious</visible>
                    <animation effect="fade" end="100" time="200" reversible="false">Visible</animation>
                    <animation effect="rotatey" center="-225" start="-65" end="-65" time="0" condition="true">Conditional</animation>
                    <include>MusicShowcaseItem-5</include>
                </control>
                <control type="group">
                    <left>75</left>
                    <animation effect="rotatey" center="-75" start="-65" end="-65" time="0" condition="true">Conditional</animation>
                    <include>MusicShowcaseItem-4</include>
                </control>
                <control type="group">
                    <left>225</left>
                    <animation effect="rotatey" center="75" start="-65" end="-65" time="0" condition="true">Conditional</animation>
                    <include>MusicShowcaseItem-3</include>
                </control>
                <control type="group">
                    <left>375</left>
                    <animation effect="rotatey" center="225" start="-65" end="-65" time="0" condition="true">Conditional</animation>
                    <include>MusicShowcaseItem-2</include>
                </control>
                <control type="group">
                    <left>525</left>
                    <animation effect="rotatey" center="375" start="-65" end="-65" time="0" condition="true">Conditional</animation>
                    <include>MusicShowcaseItem-1</include>
                </control>
                <control type="group">
                    <visible>Container.OnPrevious</visible>
                    <animation effect="slide" end="-68,0" time="200" reversible="false">Hidden</animation>
                    <control type="group">
                        <left>675</left>
                        <visible>Container.OnPrevious</visible>
                        <animation effect="rotatey" center="525" end="65" time="200" reversible="false" tween="quadratic" easing="in">Hidden</animation>
                        <animation effect="rotatey" center="525" start="-65" end="-65" time="0" condition="true">Conditional</animation>
                        <include>MusicShowcaseItem0</include>
                    </control>
                    <control type="group">
                        <left>758</left>
                        <visible>Container.OnPrevious</visible>
                        <animation effect="rotatey" center="1312" end="65" time="200" reversible="false" tween="quadratic">Hidden</animation>
                        <include>MusicShowcaseItem1</include>
                    </control>
                </control>
            </control>
			<control type="group" id="7003">
                <top>580</top>
                <visible>!Control.IsVisible(7007) + !Control.IsVisible(7002) + !Skin.HasSetting(noshowcaseflowCD)</visible>
                <control type="group">
                    <left>75</left>
                    <animation effect="rotatey" center="-75" start="-65" end="-65" time="0" condition="true">Conditional</animation>
                    <include>MusicShowcaseItem-5</include>
                </control>
                <control type="group">
                    <left>225</left>
                    <animation effect="rotatey" center="75" start="-65" end="-65" time="0" condition="true">Conditional</animation>
                    <include>MusicShowcaseItem-4</include>
                </control>
                <control type="group">
                    <left>375</left>
                    <animation effect="rotatey" center="225" start="-65" end="-65" time="0" condition="true">Conditional</animation>
                    <include>MusicShowcaseItem-3</include>
                </control>
                <control type="group">
                    <left>525</left>
                    <animation effect="rotatey" center="375" start="-65" end="-65" time="0" condition="true">Conditional</animation>
                    <include>MusicShowcaseItem-2</include>
                </control>
                <control type="group">
                    <left>675</left>
                    <animation effect="rotatey" center="525" start="-65" end="-65" time="0" condition="true">Conditional</animation>
                    <include>MusicShowcaseItem-1</include>
                </control>
                <control type="group">
                    <left>1440</left>
                    <animation effect="rotatey" center="1995" start="65" end="65" time="0" condition="true">Conditional</animation>
                    <include>MusicShowcaseItem5</include>
                </control>
                <control type="group">
                    <left>1290</left>
                    <animation effect="rotatey" center="1845" start="65" end="65" time="0" condition="true">Conditional</animation>
                    <include>MusicShowcaseItem4</include>
                </control>
                <control type="group">
                    <left>1140</left>
                    <animation effect="rotatey" center="1695" start="65" end="65" time="0" condition="true">Conditional</animation>
                    <include>MusicShowcaseItem3</include>
                </control>
                <control type="group">
                    <left>990</left>
                    <animation effect="rotatey" center="1545" start="65" end="65" time="0" condition="true">Conditional</animation>
                    <include>MusicShowcaseItem2</include>
                </control>
                <control type="group">
                    <left>840</left>
                    <animation effect="rotatey" center="1395" start="65" end="65" time="0" condition="true">Conditional</animation>
                    <include>MusicShowcaseItem1</include>
                </control>
                <control type="group">
                    <left>820</left>
                    <include>MusicShowcase</include>
                </control>
				
					
            </control>
				<!-- ROURA97311 Anime Before Mask for noshowcaseflowCD -->
				<control type="group" id="7070">
					<visible>[Container.OnNext | Container.OnPrevious]</visible>
					<animation effect="fade" time="500" end="0" reversible="false">Hidden</animation>
					<control type="label">
						<include>HiddenObject</include>
					</control>
				</control>
		</control>
			
			<include condition="Skin.HasSetting(HorizontalListNav)">scqfixed</include>
			<include condition="!Skin.HasSetting(HorizontalListNav)">scqwrap</include>
				<control type="scrollbar" id="61">
				<left>110</left>
				<top>980</top>
				<width>1680</width>
				<height>12</height>
				<onup>54</onup>
				<ondown>109</ondown>
				<texturesliderbackground border="1">-</texturesliderbackground>
				<texturesliderbar border="6,0,6,0">scrollbar/texturesliderbar_hor.png</texturesliderbar>
				<texturesliderbarfocus border="6,0,6,0">scrollbar/texturesliderbarfocus_hor.png</texturesliderbarfocus>
				<textureslidernib>-</textureslidernib>
				<textureslidernibfocus>-</textureslidernibfocus>
				<showonepage>false</showonepage>
				<orientation>horizontal</orientation>
				<animation effect="fade" start="100" end="0" time="500" delay="500" condition="!Control.HasFocus(61) + !Container.Scrolling">Conditional</animation>
				</control>
			<!-- MikeBZH44 : Add bhidden button to display full screen fanart when press Down on scrollbar -->
				<control type="button" id="109">
                <include>HiddenObject</include>
                <onup>54</onup>
                <ondown>54</ondown>
                <onleft>54</onleft>
                <onright>54</onright>
                <onclick>SetFocus(54)</onclick>
                <onback>54</onback>
				</control>
				<!-- ROURA97311 Mask for noshowcaseflowCD -->
				<control type="group">
				<animation effect="zoom" start="300" end="100" time="640" easing="inout" tween="circle" center="960,960" condition="Skin.HasSetting(noshowcaseflowCD)">Conditional</animation>
				<left>775</left>
				<top>590</top>
				<visible>!Control.IsVisible(7070) + Skin.HasSetting(noshowcaseflowCD)</visible>
				<include>MusicShowcase</include>
				</control>
		
		<!-- MikeBZH44 : Add hidden button -->
				<control type="button" id="1970">
				<include>HiddenObject</include>
				<visible>Control.IsVisible(54) + !Container.OnNext + !Container.OnPrevious</visible>
				<animation effect="fade" end="100" time="120" delay="1600">Visible</animation>
				</control>
		</control>	
	</include>
	
	
	<include name="MusicShowcaseThumb">
        <left>11</left>
        <top>11</top>
        <width>383</width>
        <height>383</height>
        <!-- MikeBZH44 : scale to stretch -->
        <aspectratio scalediffuse="false">stretch</aspectratio>
        <fadetime>0</fadetime>
        <bordersize>16</bordersize>
        <bordertexture border="16">thumbs/boxes/cd_shadow.png</bordertexture>
    </include>
	<include name="MusicShowcaseThumbReflectionDimensions">
        <left>27</left>
        <top>378</top>
        <width>351</width>
        <height>351</height>
    </include>
    <include name="MusicShowcaseThumbReflection">
        <aspectratio scalediffuse="false" aligny="top">scale</aspectratio>
        <fadetime>0</fadetime>
        <include>MusicShowcaseThumbReflectionDimensions</include>
        <colordiffuse>d1FFFFFF</colordiffuse>
        <animation effect="fade" start="70" end="70" time="0" condition="true">Conditional</animation>
    </include>
		
    <!-- Music Showcase Items -->
    <include name="MusicShowcaseItem-6">
        <control type="group">
            <visible>!String.IsEmpty(Container(54).ListItemNoWrap(-6).FolderPath) | !Skin.HasSetting(HorizontalListNav)</visible>
            <control type="image">
                <texture background="true" diffuse="thumbs/boxes/cdcover_mask_aa.png" fallback="DefaultAudio.png">$VAR[MusicShowcaseItem-6Var]</texture>
                <include>MusicShowcaseThumb</include>
            </control>
			<include>MusicShowcaseCase</include>
			<include>MusicShowcaseCaseReflection</include>
        </control>
    </include>
    <include name="MusicShowcaseItem-5">
        <control type="group">
            <visible>!String.IsEmpty(Container(54).ListItemNoWrap(-5).FolderPath) | !Skin.HasSetting(HorizontalListNav)</visible>
            <control type="image">
                <texture background="true" diffuse="thumbs/boxes/cdcover_mask_aa.png" fallback="DefaultAudio.png">$VAR[MusicShowcaseItem-5Var]</texture>
                <include>MusicShowcaseThumb</include>
            </control>
			<control type="image">
				<aspectratio scalediffuse="false" aligny="top" align="left">scale</aspectratio>
				<width>150</width>
				<texture background="true" flipy="true" diffuse="thumbs/cdcover_mask_reflect.png" fallback="DefaultAudio.png">$VAR[MusicShowcaseItem-5Var]</texture>
				<include>MusicShowcaseThumbReflection</include>
			</control>
            <include>MusicShowcaseCase</include>
			<include>MusicShowcaseCaseReflection</include>
        </control>
    </include>
    <include name="MusicShowcaseItem-4">
        <control type="group">
            <visible>!String.IsEmpty(Container(54).ListItemNoWrap(-4).FolderPath) | !Skin.HasSetting(HorizontalListNav)</visible>
            <control type="image">
                <texture background="true" diffuse="thumbs/boxes/cdcover_mask_aa.png" fallback="DefaultAudio.png">$VAR[MusicShowcaseItem-4Var]</texture>
                <include>MusicShowcaseThumb</include>
            </control>
			<control type="image">
				<aspectratio scalediffuse="false" aligny="top" align="left">scale</aspectratio>
				<width>168</width>
				<texture background="true" flipy="true" diffuse="thumbs/cdcover_mask_reflect.png" fallback="DefaultAudio.png">$VAR[MusicShowcaseItem-4Var]</texture>
				<include>MusicShowcaseThumbReflection</include>
			</control>
            <include>MusicShowcaseCase</include>
			<include>MusicShowcaseCaseReflection</include>
        </control>
    </include>
    <include name="MusicShowcaseItem-3">
        <control type="group">
            <visible>!String.IsEmpty(Container(54).ListItemNoWrap(-3).FolderPath) | !Skin.HasSetting(HorizontalListNav)</visible>
            <control type="image">
                <texture background="true" diffuse="thumbs/boxes/cdcover_mask_aa.png" fallback="DefaultAudio.png">$VAR[MusicShowcaseItem-3Var]</texture>
                <include>MusicShowcaseThumb</include>
			</control>
			<control type="image">
				<aspectratio scalediffuse="false" aligny="top" align="left">scale</aspectratio>
				<width>192</width>
				<texture background="true" flipy="true" diffuse="thumbs/cdcover_mask_reflect.png" fallback="DefaultAudio.png">$VAR[MusicShowcaseItem-3Var]</texture>
				<include>MusicShowcaseThumbReflection</include>
			</control>
            <include>MusicShowcaseCase</include>
			<include>MusicShowcaseCaseReflection</include>
        </control>
    </include>
    <include name="MusicShowcaseItem-2">
        <control type="group">
            <visible>!String.IsEmpty(Container(54).ListItemNoWrap(-2).FolderPath) | !Skin.HasSetting(HorizontalListNav)</visible>
            <control type="image">
                <texture background="true" diffuse="thumbs/boxes/cdcover_mask_aa.png" fallback="DefaultAudio.png">$VAR[MusicShowcaseItem-2Var]</texture>
                <include>MusicShowcaseThumb</include>
            </control>
			<control type="image">
				<aspectratio scalediffuse="false" aligny="top" align="left">scale</aspectratio>
				<width>220</width>
				<texture background="true" flipy="true" diffuse="thumbs/cdcover_mask_reflect.png" fallback="DefaultAudio.png">$VAR[MusicShowcaseItem-2Var]</texture>
				<texture flipy="true" background="true">thumbs/boxes/cd_box_closed.png</texture>
				<include>MusicShowcaseThumbReflection</include>
			</control>
			<include>MusicShowcaseCase</include>
			<include>MusicShowcaseCaseReflection</include>
		</control>
    </include>
    <include name="MusicShowcaseItem-1">
        <control type="group">
            <visible>!String.IsEmpty(Container(54).ListItemNoWrap(-1).FolderPath) | !Skin.HasSetting(HorizontalListNav)</visible>
            <control type="image">
                <texture background="true" diffuse="thumbs/boxes/cdcover_mask_aa.png" fallback="DefaultAudio.png">$VAR[MusicShowcaseItem-1Var]</texture>
                <include>MusicShowcaseThumb</include>
            </control>
			<control type="image">
				<aspectratio scalediffuse="false" aligny="top" align="left">scale</aspectratio>
				<width>284</width>
				<texture background="true" flipy="true" diffuse="thumbs/cdcover_mask_reflect.png" fallback="DefaultAudio.png">$VAR[MusicShowcaseItem-1Var]</texture>
				<include>MusicShowcaseThumbReflection</include>
			</control>
            <include>MusicShowcaseCase</include>
			<include>MusicShowcaseCaseReflection</include>
        </control>
    </include>
	<include name="MusicShowcase">
		<control type="group">
			<animation effect="zoom" center="auto" start="100" end="115" time="400" tween="quadratic" reversible="false" condition="!Skin.HasSetting(noshowcaseflowCD)">Conditional</animation>
            <visible>!String.IsEmpty(Container(54).ListItemNoWrap(0).FolderPath) | !Skin.HasSetting(HorizontalListNav)</visible>
            <!-- MikebZH44 Start : Add back case and disc art for opening -->
            <include>MusicShowcaseBack</include>
			<include>MusicShowcaseCaseReflection</include>
            <include>MusicShowcaseDisc</include>
            <!-- MikebZH44 End -->
			<control type="image">
							<aspectratio scalediffuse="false" aligny="top" align="left">scale</aspectratio>
							<left>30</left>
							<width>350</width>
						<texture background="true" flipy="true" diffuse="thumbs/cdcover_mask_reflect.png" fallback="DefaultAudio.png">$VAR[MusicShowcaseItem0Var]</texture>
						<include>MusicShowcaseThumbReflection</include>
						</control>
                <control type="image">
                <include>MusicShowcaseThumb</include>
                <!-- MikebZH44 Start : Open case -->
                <include>OpenCaseAnimationCD</include>
                <!-- MikebZH44 End -->
                <texture background="true" diffuse="thumbs/boxes/cdcover_mask_square.png" fallback="DefaultAudio.png">$VAR[MusicShowcaseItem0Var]</texture>
                </control>
				
                <!-- MikebZH44 Start : Add front case for opening -->
                <include>MusicShowcaseCaseOpen</include>
        </control>
	</include>
	<include name="MusicShowcaseNOFLOW">
		<control type="group">
			<animation effect="zoom" center="auto" start="100" end="115" time="400" tween="quadratic" reversible="false" condition="!Skin.HasSetting(noshowcaseflowCD)">Conditional</animation>
            <visible>!String.IsEmpty(Container(54).ListItemNoWrap(0).FolderPath) | !Skin.HasSetting(HorizontalListNav)</visible>
            <!-- MikebZH44 Start : Add back case and disc art for opening -->
            <include>MusicShowcaseBack</include>
			<include>MusicShowcaseCaseReflection</include>
                <!-- MikebZH44 End -->
                <control type="image">
                <include>MusicShowcaseThumb</include>
				
                <!-- MikebZH44 Start : Open case -->
                <include>OpenCaseAnimationCD</include>
                <!-- MikebZH44 End -->
                <texture background="true" diffuse="thumbs/boxes/cdcover_mask_square.png" fallback="DefaultAudio.png">$VAR[MusicShowcaseItem0Var]</texture>
                </control>
				<control type="image">
							<aspectratio scalediffuse="false" aligny="top" align="left">scale</aspectratio>
							<left>30</left>
							<width>350</width>
						<texture background="true" flipy="true" diffuse="thumbs/cdcover_mask_reflect.png" fallback="DefaultAudio.png">$VAR[MusicShowcaseItem0Var]</texture>
						<include>MusicShowcaseThumbReflection</include>
						</control>
                <!-- MikebZH44 Start : Add front case for opening -->
                <include>MusicShowcaseCaseOpen</include>
        </control>
	</include>
    <include name="MusicShowcaseItem0">
        <control type="group">
            <visible>!String.IsEmpty(Container(54).ListItemNoWrap(0).FolderPath) | !Skin.HasSetting(HorizontalListNav)</visible>
            <control type="image">
                <texture background="true" diffuse="thumbs/boxes/cdcover_mask_aa.png" fallback="DefaultAudio.png">$VAR[MusicShowcaseItem0Var]</texture>
                <include>MusicShowcaseThumb</include>
            </control>
			<control type="image">
							<aspectratio scalediffuse="false" aligny="top" align="left">scale</aspectratio>
							<left>30</left>
							<width>350</width>
						<texture background="true" flipy="true" diffuse="thumbs/cdcover_mask_reflect.png" fallback="DefaultAudio.png">$VAR[MusicShowcaseItem0Var]</texture>
						<include>MusicShowcaseThumbReflection</include>
						</control>
			<include>MusicShowcaseCase</include>
        </control>
    </include>
    <include name="MusicShowcaseItem1">
        <control type="group">
            <visible>!String.IsEmpty(Container(54).ListItemNoWrap(1).FolderPath) | !Skin.HasSetting(HorizontalListNav)</visible>
            <control type="image">
                <texture background="true" diffuse="thumbs/boxes/cdcover_mask_aa.png" fallback="DefaultAudio.png">$VAR[MusicShowcaseItem1Var]</texture>
                <include>MusicShowcaseThumb</include>
            </control>
			<control type="image">
				<aspectratio scalediffuse="false" aligny="top" align="left">scale</aspectratio>
				<left>30</left>
				<width>350</width>
				<texture background="true" flipy="true" diffuse="thumbs/cdcover_mask_reflect.png" fallback="DefaultAudio.png">$VAR[MusicShowcaseItem1Var]</texture>
				<include>MusicShowcaseThumbReflection</include>
			</control>
            <include>MusicShowcaseCase</include>
			<include>MusicShowcaseCaseReflection</include>
        </control>
    </include>
    <include name="MusicShowcaseItem2">
        <control type="group">
            <visible>!String.IsEmpty(Container(54).ListItemNoWrap(2).FolderPath) | !Skin.HasSetting(HorizontalListNav)</visible>
            <control type="image">
                <texture background="true" diffuse="thumbs/boxes/cdcover_mask_aa.png" fallback="DefaultAudio.png">$VAR[MusicShowcaseItem2Var]</texture>
                <include>MusicShowcaseThumb</include>
            </control>
			<control type="image">
				<aspectratio scalediffuse="false" aligny="top" align="left">scale</aspectratio>
				<left>30</left>
				<width>350</width>
				<texture background="true" flipy="true" diffuse="thumbs/cdcover_mask_reflect.png" fallback="DefaultAudio.png">$VAR[MusicShowcaseItem2Var]</texture>
				<include>MusicShowcaseThumbReflection</include>
			</control>
            <include>MusicShowcaseCase</include>
			<include>MusicShowcaseCaseReflection</include>
        </control>
    </include>
    <include name="MusicShowcaseItem3">
        <control type="group">
            <visible>!String.IsEmpty(Container(54).ListItemNoWrap(3).FolderPath) | !Skin.HasSetting(HorizontalListNav)</visible>
            <control type="image">
                <texture background="true" diffuse="thumbs/boxes/cdcover_mask_aa.png" fallback="DefaultAudio.png">$VAR[MusicShowcaseItem3Var]</texture>
                <include>MusicShowcaseThumb</include>
			</control>
			<control type="image">
				<aspectratio scalediffuse="false" aligny="top" align="left">scale</aspectratio>
				<left>30</left>
				<width>350</width>
				<texture background="true" flipy="true" diffuse="thumbs/cdcover_mask_reflect.png" fallback="DefaultAudio.png">$VAR[MusicShowcaseItem3Var]</texture>
				<include>MusicShowcaseThumbReflection</include>
			</control>
            <include>MusicShowcaseCase</include>
			<include>MusicShowcaseCaseReflection</include>
        </control>
    </include>
    <include name="MusicShowcaseItem4">
        <control type="group">
            <visible>!String.IsEmpty(Container(54).ListItemNoWrap(4).FolderPath) | !Skin.HasSetting(HorizontalListNav)</visible>
            <control type="image">
                <texture background="true" diffuse="thumbs/boxes/cdcover_mask_aa.png" fallback="DefaultAudio.png">$VAR[MusicShowcaseItem4Var]</texture>
                <include>MusicShowcaseThumb</include>
            </control>
			<control type="image">
				<aspectratio scalediffuse="false" aligny="top" align="left">scale</aspectratio>
				<left>30</left>
				<width>350</width>
				<texture background="true" flipy="true" diffuse="thumbs/cdcover_mask_reflect.png" fallback="DefaultAudio.png">$VAR[MusicShowcaseItem4Var]</texture>
				<include>MusicShowcaseThumbReflection</include>
			</control>
            <include>MusicShowcaseCase</include>
			<include>MusicShowcaseCaseReflection</include>
        </control>
    </include>
    <include name="MusicShowcaseItem5">
        <control type="group">
            <visible>!String.IsEmpty(Container(54).ListItemNoWrap(5).FolderPath) | !Skin.HasSetting(HorizontalListNav)</visible>
            <control type="image">
                <texture background="true" diffuse="thumbs/boxes/cdcover_mask_aa.png" fallback="DefaultAudio.png">$VAR[MusicShowcaseItem5Var]</texture>
                <include>MusicShowcaseThumb</include>
            </control>
			<control type="image">
				<aspectratio scalediffuse="false" aligny="top" align="left">scale</aspectratio>
				<left>30</left>
				<width>350</width>
				<texture background="true" flipy="true" diffuse="thumbs/cdcover_mask_reflect.png" fallback="DefaultAudio.png">$VAR[MusicShowcaseItem5Var]</texture>
				<include>MusicShowcaseThumbReflection</include>
			</control>
			<include>MusicShowcaseCase</include>
			<include>MusicShowcaseCaseReflection</include>
        </control>
    </include>
    <include name="MusicShowcaseItem6">
        <control type="group">
            <visible>!String.IsEmpty(Container(54).ListItemNoWrap(6).FolderPath) | !Skin.HasSetting(HorizontalListNav)</visible>
            <control type="image">
                <texture background="true" diffuse="thumbs/boxes/cdcover_mask_aa.png" fallback="DefaultAudio.png">$VAR[MusicShowcaseItem6Var]</texture>
                <include>MusicShowcaseThumb</include>
            </control>
			<control type="image">
				<aspectratio scalediffuse="false" aligny="top" align="left">scale</aspectratio>
				<width>192</width>
				<texture background="true" flipy="true" diffuse="thumbs/cdcover_mask_reflect.png" fallback="DefaultAudio.png">$VAR[MusicShowcaseItem6Var]</texture>
				<include>MusicShowcaseThumbReflection</include>
			</control>
            <include>MusicShowcaseCase</include>
        </control>
    </include>
    <variable name="MusicShowcaseItem-6Var">
        <value condition="Container.Content(genres)">$INFO[ListItem(-6).Label,special://skin/extras/musicgenres/,.jpg]</value>
        <value>$INFO[ListItem(-6).Icon]</value>
    </variable>
    <variable name="MusicShowcaseItem-5Var">
        <value condition="Container.Content(genres)">$INFO[ListItem(-5).Label,special://skin/extras/musicgenres/,.jpg]</value>
        <value>$INFO[ListItem(-5).Icon]</value>
    </variable>
    <variable name="MusicShowcaseItem-4Var">
        <value condition="Container.Content(genres)">$INFO[ListItem(-4).Label,special://skin/extras/musicgenres/,.jpg]</value>
        <value>$INFO[ListItem(-4).Icon]</value>
    </variable>
    <variable name="MusicShowcaseItem-3Var">
        <value condition="Container.Content(genres)">$INFO[ListItem(-3).Label,special://skin/extras/musicgenres/,.jpg]</value>
        <value>$INFO[ListItem(-3).Icon]</value>
    </variable>
    <variable name="MusicShowcaseItem-2Var">
        <value condition="Container.Content(genres)">$INFO[ListItem(-2).Label,special://skin/extras/musicgenres/,.jpg]</value>
        <value>$INFO[ListItem(-2).Icon]</value>
    </variable>
    <variable name="MusicShowcaseItem-1Var">
        <value condition="Container.Content(genres)">$INFO[ListItem(-1).Label,special://skin/extras/musicgenres/,.jpg]</value>
        <value>$INFO[ListItem(-1).Icon]</value>
    </variable>
    <variable name="MusicShowcaseItem0Var">
        <value condition="Container.Content(genres)">$INFO[ListItem.Label,special://skin/extras/musicgenres/,.jpg]</value>
        <value>$INFO[ListItem.Icon]</value>
    </variable>
	<variable name="MusicShowcaseItem1Var">
        <value condition="Container.Content(genres)">$INFO[ListItem(1).Label,special://skin/extras/musicgenres/,.jpg]</value>
        <value>$INFO[ListItem(1).Icon]</value>
    </variable>
    <variable name="MusicShowcaseItem2Var">
        <value condition="Container.Content(genres)">$INFO[ListItem(2).Label,special://skin/extras/musicgenres/,.jpg]</value>
        <value>$INFO[ListItem(2).Icon]</value>
    </variable>
    <variable name="MusicShowcaseItem3Var">
        <value condition="Container.Content(genres)">$INFO[ListItem(3).Label,special://skin/extras/musicgenres/,.jpg]</value>
        <value>$INFO[ListItem(3).Icon]</value>
    </variable>
    <variable name="MusicShowcaseItem4Var">
        <value condition="Container.Content(genres)">$INFO[ListItem(4).Label,special://skin/extras/musicgenres/,.jpg]</value>
        <value>$INFO[ListItem(4).Icon]</value>
    </variable>
    <variable name="MusicShowcaseItem5Var">
        <value condition="Container.Content(genres)">$INFO[ListItem(5).Label,special://skin/extras/musicgenres/,.jpg]</value>
        <value>$INFO[ListItem(5).Icon]</value>
    </variable>
    <variable name="MusicShowcaseItem6Var">
        <value condition="Container.Content(genres)">$INFO[ListItem(6).Label,special://skin/extras/musicgenres/,.jpg]</value>
        <value>$INFO[ListItem(6).Icon]</value>
    </variable>
    
    <!-- MikeBZH44 Start : Add CD case when browsing -->
    <include name="MusicShowcaseCase">
        <control type="image">
            <posx>-30</posx>
            <posy>12</posy>
            <width>426</width>
            <height>391</height>
            <texture background="true">thumbs/boxes/cd_box_closed.png</texture>
            <visible>[Container.Content(albums) + Skin.HasSetting(Enable.ShowCaseCd.Covers)] | [Container.Content(artists) + Skin.HasSetting(Enable.ShowCaseCd.Covers)] | [Container.Content(songs) + Skin.HasSetting(Enable.ShowCaseCd.Covers)]</visible>
        </control>
    </include>
	<!-- ROURA97311 Add Reflection case -->
    <include name="MusicShowcaseCaseReflection">
        <control type="image">
            <posx>-30</posx>
            <posy>360</posy>
            <width>426</width>
            <height>391</height>
            <texture background="true" flipy="true" diffuse="thumbs/thumb_diffuse.png">thumbs/boxes/cd_box_closed.png</texture>
			<visible>[Container.Content(albums) + Skin.HasSetting(Enable.ShowCaseCd.Covers)] | [Container.Content(artists) + Skin.HasSetting(Enable.ShowCaseCd.Covers)] | [Container.Content(songs) + Skin.HasSetting(Enable.ShowCaseCd.Covers)]</visible>
        </control>
    </include>
    <!-- MikeBZH44 Start : front case for opening -->
    <include name="MusicShowcaseCaseOpen">
        <control type="image">
            <posx>-30</posx>
            <posy>12</posy>
            <width>426</width>
            <height>391</height>
            <texture background="true">thumbs/boxes/cd_box_front.png</texture>
            <include>ShowcaseCDOpenCase</include>
            <visible>[Container.Content(albums) + Skin.HasSetting(Enable.ShowCaseCd.Covers)] | [Container.Content(artists) + Skin.HasSetting(Enable.ShowCaseCd.Covers)] | [Container.Content(songs) + Skin.HasSetting(Enable.ShowCaseCd.Covers)]</visible>
        </control>
    </include>
    <!-- MikeBZH44 End -->
    <!-- MikeBZH44 Start : back case for opening -->
    <include name="MusicShowcaseBack">
        <control type="image">
            <posx>-30</posx>
            <posy>12</posy>
            <width>426</width>
            <height>391</height>
            <texture background="true">thumbs/boxes/cd_box_back.png</texture>
            <visible>[Container.Content(albums) + Skin.HasSetting(Enable.ShowCaseCd.Covers)] | [Container.Content(artists) + Skin.HasSetting(Enable.ShowCaseCd.Covers)] | [Container.Content(songs) + Skin.HasSetting(Enable.ShowCaseCd.Covers)]</visible>
        </control>
    </include>
	<!-- MikeBZH44 start -->
    <include name="MusicShowcaseDisc">
        <control type="group">
            <!-- Rolling CDArt single album -->
            <control type="image">
                <posx>1165</posx>
                <posy>46</posy>
                <width>310</width>
                <height>310</height>
                <aspectratio align="bottom">keep</aspectratio>
                <texture background="true" fallback="special://skin/extras/cdart/default.png">$VAR[CDArtVar].png</texture>
                <visible>Control.IsVisible(54) + !String.IsEmpty(ListItem.Album)</visible>
                <include>ShowCaseModDiscAnimationCD</include>
				
            </control>
			<!-- ROURA97311 FAKE CD -->
			<control type="image">
                <posx>1165</posx>
                <posy>46</posy>
                <width>310</width>
                <height>310</height>
                <aspectratio align="bottom">keep</aspectratio>
                <texture background="true" diffuse="thumbs/sets/cdart-mask.png">$VAR[MusicShowcaseItem0Var]</texture>
                <visible>Control.IsVisible(54) + [String.Contains(Control.GetLabel(8823),default.png) + String.Contains(Control.GetLabel(8824),default.png)] + !String.IsEmpty(ListItem.Year) + !Skin.HasSetting(DisableFakeCD)</visible>
                <include>ShowCaseModDiscAnimationCDFAKE</include>
            </control>
            <!-- Rolling CDArt multiple album disc #1 -->
            <control type="image">
               <posx>1165</posx>
                <posy>46</posy>
                <width>310</width>
                <height>310</height>
                <aspectratio align="bottom">keep</aspectratio>
                <texture background="true">$VAR[CDArtVar]1.png</texture>
                <visible>Control.IsVisible(54)</visible>
                
				<include>ShowCaseModDiscAnimationCD1</include>
            </control>
            <!-- Rolling CDArt multiple album disc #2 -->
            <control type="image">
                <posx>1165</posx>
                <posy>46</posy>
                <width>310</width>
                <height>310</height>
                <aspectratio align="bottom">keep</aspectratio>
                <texture background="true">$VAR[CDArtVar]2.png</texture>
                <visible>Control.IsVisible(54)</visible>
                
				<include>ShowCaseModDiscAnimationCD2</include>
            </control>
            <!-- Rolling CDArt multiple album disc #3 -->
            <control type="image">
                <posx>1165</posx>
                <posy>46</posy>
                <width>310</width>
                <height>310</height>
                <aspectratio align="bottom">keep</aspectratio>
                <texture background="true">$VAR[CDArtVar]3.png</texture>
                <visible>Control.IsVisible(54)</visible>
                
				<include>ShowCaseModDiscAnimationCD3</include>
            </control>
			<!-- ROURA 97311 Rolling CDArt multiple album disc #4 -->
            <control type="image">
                <posx>1165</posx>
                <posy>46</posy>
                <width>310</width>
                <height>310</height>
                <aspectratio align="bottom">keep</aspectratio>
                <texture background="true">$VAR[CDArtVar]4.png</texture>
                <visible>Control.IsVisible(54)</visible>
                
				<include>ShowCaseModDiscAnimationCD4</include>
            </control>
			<!-- ROURA 97311 Rolling CDArt multiple album disc #5 -->
            <control type="image">
                <posx>1165</posx>
                <posy>46</posy>
                <width>310</width>
                <height>310</height>
                <aspectratio align="bottom">keep</aspectratio>
                <texture background="true">$VAR[CDArtVar]5.png</texture>
                <visible>Control.IsVisible(54)</visible>
                
				<include>ShowCaseModDiscAnimationCD5</include>
            </control>
        </control>
    </include>
    <!-- Open case when infopanel is displayed -->
    <include name="ShowcaseCDOpenCase">
	<!-- ROURA97311 block open case BACK -->
        <!-- <animation type="Conditional" condition="Control.IsVisible(1970) + Control.IsVisible(12001) + Skin.HasSetting(Enable.ShowCaseCd.Covers) + Skin.HasSetting(OpenshowcasemodCD) + !String.IsEmpty(ListItem.Year)"reversible="false">
            <effect type="rotatey" delay="0" center="0" start="0" end="75" time="1000" tween="quadratic" easing="out"/>
            <effect type="rotatey" delay="5300" center="0" start="0" end="-75" time="1000" tween="quadratic" easing="out"/>
        </animation> -->
		<include>OpenCaseAnimationCD</include>
    </include>
    <!-- MikeBZH44 end -->
</includes>