<?xml version="1.0" encoding="UTF-8"?>
<includes>
	<!-- Fullscreen Wall -->
	<include name="View_503_Wall">
		<control type="group">
			<visible>Control.IsVisible(503)</visible>
			<include>ViewAnimation</include>
			<control type="panel" id="503">
			<!-- <animation effect="zoom" start="100" end="95" time="640" easing="inout" tween="circle" center="960,1070" condition="true">Conditional</animation> -->
				<width>100%</width>
				<height>1080</height>
				<!-- <onleft>60</onleft> -->
				<onleft>SetProperty(MediaMenu,True,home)</onleft>
				<onleft>SetFocus(9050)</onleft>
				<!-- Only works if ParentFolder item is disabled -->
				<onright>SetFocus(503,$INFO[Container(503).CurrentItem],absolute)</onright>
				<onup>503</onup>
				<ondown>503</ondown>
				<orientation>vertical</orientation>
				<viewtype label="Wall">icon</viewtype>
				<pagecontrol>60</pagecontrol>
				<preloaditems>2</preloaditems>
				<scrolltime tween="quadratic">400</scrolltime>
				<visible>Container.Content(sets) | Container.Content(movies) | Container.Content(tvshows) | Container.Content(seasons) | Container.Content(albums) | Container.Content(addons)</visible>
				<itemlayout width="320" height="530" condition="![Container.Content(albums) | Container.Content(addons)]">
					<control type="group">
						<top>80</top>
						
						<control type="image">
							<width>300</width>
							<height>430</height>
							<aspectratio scalediffuse="false">scale</aspectratio>
							<texture background="true">$VAR[PosterThumbVar]</texture>
							<bordertexture border="20">thumbs/thumb_shadow.png</bordertexture>
							<bordersize>20</bordersize>
						</control>
						<!-- Roura97311 AddBox -->
						<control type="image">
						<top>-20</top>
						<left>-30</left>
						<width>330</width>
						<height>450</height>
						<texture background="true" fallback="$VAR[CaseTypePathVar]">$VAR[CaseTypePathVar]$VAR[GlobalCaseVar]</texture>
						<visible>Skin.HasSetting(showcasemod)</visible>
						</control>
						<control type="image">
							<left>190</left>
							<top>19</top>
							<width>100</width>
							<height>100</height>
							<texture>$VAR[OverlayVar]</texture>
							<aspectratio align="center" aligny="top">keep</aspectratio>
							<bordersize>1</bordersize>
							<visible>Skin.HasSetting(WatchedOverlayClick)</visible>
						</control>
						<control type="group">
							<left>30</left>
							<top>45</top>
							<include condition="Skin.HasSetting(Disable.UnwatchedIcon)">UnwatchedIcon</include>
						</control>
						<control type="image">
							<width>300</width>
							<height>430</height>
							<texture border="1" colordiffuse="66FFFFFF">black.png</texture>
							<bordersize>20</bordersize>
						</control>
					</control>
				</itemlayout>
				<focusedlayout width="320" height="530" condition="![Container.Content(albums) | Container.Content(addons)]">
					<control type="group">
						<top>80</top>
						
						<control type="image">
							<width>300</width>
							<height>430</height>
							<aspectratio scalediffuse="false">scale</aspectratio>
							<texture background="true">$VAR[PosterThumbVar]</texture>
							<bordertexture border="20">thumbs/thumb_shadow.png</bordertexture>
							<bordersize>20</bordersize>
						</control>
						<control type="image">
							<top>4</top>
							<left>4</left>
							<width>292</width>
							<height>420</height>
							<texture border="10">thumbs/thumbnail_focused.png</texture>
							<bordersize>8</bordersize>
							<animation effect="fade" start="100" end="0" time="200" reversible="false">UnFocus</animation>
							<animation effect="fade" start="0" end="100" time="200" reversible="false">Focus</animation>
						</control>
						<control type="image">
							<left>190</left>
							<top>19</top>
							<width>100</width>
							<height>100</height>
							<texture>$VAR[OverlayVar]</texture>
							<aspectratio align="center" aligny="top">keep</aspectratio>
							<bordersize>1</bordersize>
						</control>
						<control type="group">
							<left>30</left>
							<top>45</top>
							<include condition="Skin.HasSetting(Disable.UnwatchedIcon)">UnwatchedIcon</include>
						</control>
						<control type="image">
							<width>292</width>
							<height>420</height>
							<texture border="1" colordiffuse="66FFFFFF">black.png</texture>
							<animation effect="fade" start="100" end="0" time="200" reversible="false">Focus</animation>
							<animation effect="fade" start="0" end="100" time="200" reversible="false">UnFocus</animation>
							<bordersize>20</bordersize>
						</control>
					</control>
				</focusedlayout>
				<itemlayout width="320" height="320" condition="[Container.Content(albums) | Container.Content(addons)]">
					<control type="group">
						<top>60</top>
						<control type="image">
							<width>320</width>
							<height>320</height>
							<aspectratio scalediffuse="false">scale</aspectratio>
							<texture background="true">$VAR[PosterThumbVar]</texture>
							<bordertexture border="20">thumbs/thumb_shadow.png</bordertexture>
							<bordersize>20</bordersize>
						</control>
						<control type="image">
							<left>200</left>
							<top>19</top>
							<width>100</width>
							<height>100</height>
							<texture>overlays/addons/enabled.png</texture>
							<aspectratio align="center" aligny="top">keep</aspectratio>
							<visible>String.IsEqual(ListItem.Label2,$LOCALIZE[449])</visible>
							<bordersize>1</bordersize>
						</control>
						<control type="image">
							<width>320</width>
							<height>320</height>
							<texture border="1" colordiffuse="66FFFFFF">black.png</texture>
							<bordersize>20</bordersize>
						</control>
					</control>
				</itemlayout>
				<focusedlayout width="320" height="320" condition="[Container.Content(albums) | Container.Content(addons)]">
					<control type="group">
						<top>60</top>
						<control type="image">
							<width>320</width>
							<height>320</height>
							<aspectratio scalediffuse="false">scale</aspectratio>
							<texture background="true">$VAR[PosterThumbVar]</texture>
							<bordertexture border="20">thumbs/thumb_shadow.png</bordertexture>
							<bordersize>20</bordersize>
						</control>
						<control type="image">
							<top>4</top>
							<left>4</left>
							<width>312</width>
							<height>312</height>
							<texture border="10">thumbs/thumbnail_focused.png</texture>
							<bordersize>8</bordersize>
							<animation effect="fade" start="100" end="0" time="150" reversible="false">UnFocus</animation>
							<animation effect="fade" start="0" end="100" time="150" reversible="false">Focus</animation>
						</control>
						<control type="image">
							<left>200</left>
							<top>19</top>
							<width>100</width>
							<height>100</height>
							<texture>overlays/addons/enabled.png</texture>
							<aspectratio align="center" aligny="top">keep</aspectratio>
							<visible>String.IsEqual(ListItem.Label2,$LOCALIZE[449])</visible>
							<bordersize>1</bordersize>
						</control>
						<control type="image">
							<width>320</width>
							<height>320</height>
							<texture border="1" colordiffuse="66FFFFFF">black.png</texture>
							<animation effect="fade" start="100" end="0" time="150" reversible="false">Focus</animation>
							<animation effect="fade" start="0" end="100" time="150" reversible="false">UnFocus</animation>
							<bordersize>20</bordersize>
						</control>
					</control>
				</focusedlayout>
			</control>
			<control type="scrollbar" id="60">
				<left>-4</left>
				<width>14</width>
				<height>100%</height>
				<onup>60</onup>
				<ondown>60</ondown>
				<onleft>SetProperty(MediaMenu,True,home)</onleft>
				<onleft>SetFocus(9050)</onleft>
				<onright>503</onright>
				<texturesliderbackground />
				<texturesliderbar colordiffuse="55ffffff" border="1">scrollbar/texturesliderbar2.png</texturesliderbar>
				<texturesliderbarfocus border="1">scrollbar/texturesliderbar2.png</texturesliderbarfocus>
				<showonepage>false</showonepage>
				<orientation>vertical</orientation>
			</control>
			<control type="group" id="00700">
				<left>310</left>
				<top>100</top>
				<visible>!ListItem.IsParentFolder</visible>
				<visible>[Container.Content(movies) | Container.Content(tvshows)]</visible>
				<visible>Skin.HasSetting(503.InfoPanel) + Control.HasFocus(503) + System.IdleTime(3)</visible>
				<animation effect="fade" time="100" delay="200">Visible</animation>
				<animation effect="slide" end="0,460" time="300" tween="cubic" easing="inout" condition="Container(503).Row(1)">Conditional</animation>
				<animation effect="slide" end="320,0" time="300" tween="cubic" easing="inout" condition="Container(503).Column(3)">Conditional</animation>
				<animation effect="slide" end="320,0" time="300" tween="cubic" easing="inout" condition="Container(503).Column(5) | Container(503).Column(3) | Container(503).Column(2)">Conditional</animation>
				<animation effect="slide" end="320,0" time="300" tween="cubic" easing="inout" condition="Container(503).Column(5) | Container(503).Column(4) | Container(503).Column(3) | Container(503).Column(2) | Container(503).Column(1)">Conditional</animation>
				<control type="image">
					<left>6</left>
					<top>-24</top>
					<width>650</width>
					<height>470</height>
					<texture border="40">dialog_back3.png</texture>
				</control>
				<control type="image">
					<top>192</top>
					<width>19</width>
					<height>36</height>
					<texture colordiffuse="FF060b0e">views/wall/arrow.png</texture>
					<visible>Integer.IsLessOrEqual(Container(503).Column,3)</visible>
				</control>
				<control type="image">
					<left>644</left>
					<top>192</top>
					<width>19</width>
					<height>36</height>
					<texture colordiffuse="FF060b0e" flipx="true">views/wall/arrow.png</texture>
					<visible>Integer.IsGreater(Container(503).Column,3)</visible>
				</control>
				<!-- <control type="label">
					<left>50</left>
					<top>20</top>
					<width>550</width>
					<height>20</height>
					<font>font15</font>
					<textcolor>grey</textcolor>
					<label>$INFO[ListItem.Label]</label>
				</control> -->
				<control type="image">
					<left>50</left>
					<top>0</top>
					<width>180</width>
					<height>70</height>
					<aspectratio>keep</aspectratio>
					<colordiffuse>grey</colordiffuse>
					<texture fallback="flags/rating/0.0.png">$INFO[ListItem.Rating,flags/rating/,.png]</texture>
					<visible>!ListItem.IsParentFolder + String.IsEmpty(ListItem.UserRating)</visible>
				</control>
				<control type="image">
					<left>50</left>
					<top>0</top>
					<width>180</width>
					<height>70</height>
					<aspectratio>keep</aspectratio>
					<colordiffuse>themecolor</colordiffuse>
					<texture>$INFO[ListItem.UserRating,flags/rating/,.png]</texture>
					<visible>!ListItem.IsParentFolder + !String.IsEmpty(ListItem.UserRating)</visible>
				</control>
				<control type="textbox">
					<left>50</left>
					<top>70</top>
					<width>550</width>
					<height>240</height>
					<font>font12</font>
					<!-- <pagecontrol>13</pagecontrol> -->
					<scrolltime>200</scrolltime>
					<autoscroll delay="5000" time="5000" repeat="15000"></autoscroll>
					<textcolor>grey</textcolor>
					<label>$VAR[503.InfoPanelTextboxVar]</label>
				</control>
				<control type="label">
					<left>50</left>
					<top>330</top>
					<width>550</width>
					<height>20</height>
					<font>font15</font>
					<textcolor>labelheader</textcolor>
					<label>$INFO[ListItem.Year]$INFO[ListItem.Duration, - , $LOCALIZE[31162]]</label>
				</control>
				<control type="label">
					<left>50</left>
					<top>375</top>
					<width>550</width>
					<height>20</height>
					<font>font15</font>
					<textcolor>grey</textcolor>
					<label>$VAR[503.InfoPanelLabel2Var]</label>
				</control>
			</control>
		</control>
			<control type="grouplist">
				<visible>Control.IsVisible(503)</visible>
				<orientation>horizontal</orientation>
				<usecontrolcoords>true</usecontrolcoords>
				<top>-40</top>
				<width>100%</width>
				<align>center</align>
					<!-- Roura97311 show Title Movie -->
					<control type="label">
						<left>-5</left>
						<font>font16_title</font>
						<textcolor>grey</textcolor>
						<width>auto</width>
						<label>[B]$INFO[ListItem.Label][/B]</label>
						<visible>String.IsEmpty(Window(home).Property(SkinInfo.Set.Movies.Count))</visible>
					</control>
					<!-- Roura97311 show Title Movie Set-->
					<control type="label">
						<!-- <align>center</align> -->
						<left>-20</left>
						<width>auto</width>
						<font>font16_title</font>
						<textcolor>grey</textcolor>
						<scroll>true</scroll>
						<label>[B]$INFO[ListItem.Label][/B]</label>
						<visible>!String.IsEmpty(Window(home).Property(SkinInfo.Set.Movies.Count))</visible>
					</control>
					
					
			</control>
			<!-- Roura97311 show info movie -->
			<control type="grouplist">
					<visible>Control.IsVisible(503)</visible>
					<top>545</top>
					<width>1700</width>
					<itemgap>10</itemgap>
					<height>270</height>
					<orientation>horizontal</orientation>
					<usecontrolcoords>true</usecontrolcoords>
					<align>center</align>
					
				<control type="label">
						<!-- <top>60</top> -->
						<!-- <align>center</align> -->
						<width>auto</width>
						<height>40</height>
						<textcolor>grey</textcolor>
						<scroll>true</scroll>
						<label>$VAR[InfoPanelLabel6Var]</label>
						<visible>!String.IsEmpty(ListItem.Title) + !Container.Content(tvshows)</visible>
				</control>
				<control type="label">
						<!-- <top>60</top> -->
						<!-- <align>center</align> -->
						<width>auto</width>
						<height>40</height>
						<textcolor>grey</textcolor>
						<scroll>true</scroll>
						<label>$VAR[InfoPanelLabel7Var]</label>
						<visible>Container.Content(tvshows) + !String.IsEmpty(ListItem.Title)</visible>
				</control>
				<control type="label">
						<textcolor>grey</textcolor>
						<height>40</height>
						<label>  - Nbr film $INFO[Window(home).Property(SkinInfo.Set.Movies.Count)] - Durée $VAR[VideoSubLabelVar3]</label>
						<visible>!String.IsEmpty(Window(home).Property(SkinInfo.Set.Movies.Count)) + !String.IsEmpty(ListItem.Title) + !Container.Content(tvshows)</visible>
				</control>
				<control type="label">
						<height>40</height>
						<textcolor>grey</textcolor>
						<label> - Durée $VAR[VideoSubLabelVar3]</label>
						<visible>String.IsEmpty(Window(home).Property(SkinInfo.Set.Movies.Count)) + !String.IsEmpty(ListItem.Title) + !Container.Content(tvshows)</visible>
				</control>
				<control type="label">
						<height>40</height>
						<width>auto</width>
						<textcolor>grey</textcolor>
						<label> - [COLOR$VAR[ThemeLabelColor]]Nbr de Saison :[/COLOR] $VAR[InfoPanelLabel41Var]</label>
						<visible>!String.IsEmpty(ListItem.Title) + Container.Content(tvshows)</visible>
				</control>
				<control type="label">
						<height>40</height>
						<width>auto</width>
						<textcolor>grey</textcolor>
						<label> - [COLOR$VAR[ThemeLabelColor]]Nbr d'épisode :[/COLOR] $VAR[InfoPanelLabel42Var]</label>
						<visible>!String.IsEmpty(ListItem.Title) + Container.Content(tvshows)</visible>
				</control>
				<control type="label">
						<height>40</height>
						<width>auto</width>
						<textcolor>grey</textcolor>
						<label> - [COLOR$VAR[ThemeLabelColor]]Nbr d'épisode non vu :[/COLOR] $VAR[InfoPanelLabel43Var]</label>
						<visible>!String.IsEmpty(ListItem.Title) + Container.Content(tvshows)</visible>
				</control>
			</control>
			
	</include>
	<include name="UpDownShadow">
		<control type="group">
			<animation effect="fade" time="300">WindowOpen</animation>
			<animation effect="fade" time="300">WindowClose</animation>
			<visible>Control.IsVisible(503)</visible>
			<control type="image">
				<width>100%</width>
				<height>120</height>
				<texture border="1">bottom_shadow.png</texture>
			</control>
			<control type="image">
				<top>960</top>
				<width>100%</width>
				<height>120</height>
				<texture border="1" flipy="true">bottom_shadow.png</texture>
			</control>
		</control>
	</include>
</includes>