﻿<?xml version="1.0" encoding="UTF-8" standalone="yes"?>
	<addon id="script.aeon.miro.nox" name="Script.Aeon.Miro.Nox Leia/Matrix" version="1.0.20" provider-name="roura97311">
	<requires>
	  <dir maxversion="18.9.0">
		<import addon="xbmc.python" version="2.24.0"/>
		</dir>
		<dir maxversion="18.9.700">
		<import addon="xbmc.python" version="3.0.0"/>
		</dir>
		<import addon="xbmc.addon" version="16.0.0"/>
		
		
	</requires>
    
  <extension point="xbmc.python.script" library="plugin.py">
		<provides>executable</provides>
	</extension>
   <extension point="xbmc.python.pluginsource" library="plugin.py" />
   <extension library="service.py" point="xbmc.service" start="login" />	

	
	<extension point="xbmc.addon.metadata">
		<summary lang="en">script.aeonmironox_11/08/2021</summary>
        <summary lang="en">tools for AeonMiroNox skin</summary>
        <description>Ajout de fonctions au Skin Aeon.Miro.Nox[CR][COLOR FFFF9800]VERSION Leia/Matrix 1.0.20[/COLOR][CR]Skin.Info.Service.plus nécessaire (Sous Matrix)</description>
		<language></language>
		<platform>all</platform>
		<license>GPL v2.0</license>
		<forum></forum>
		<website></website>
		<source>-</source>
		<assets>
			<icon>icon.png</icon>
			<fanart>fanart.jpg</fanart>
		</assets>
	</extension>
</addon>
