<?xml version="1.0" encoding="UTF-8"?>
<!-- ------------------------------------ACTEURS---------------------------------------------------------- -->
<includes>
  <include name="BioActeur"><!-- INFO BIOGRAPHIE ACTEUR -->

    <control type="group">
      <visible>Control.HasFocus(7779)|Control.HasFocus(7778)|Control.HasFocus(5051)|Control.HasFocus(5052)</visible>
      <animation type="Conditional" condition="[Control.HasFocus(7779)|Control.HasFocus(7778)]+[!String.IsEmpty(Window(Home).Property(Actornaissance))|!String.IsEmpty(Window(Home).Property(Actorlieunaissance))|!String.IsEmpty(Window(Home).Property(Actorbiographie))]">
        <effect type="slide"  end="0,-270" time="300" easy="out" tween="linear" delay="1" reversible="false"/>
        <effect type="fade" start="0" end="100" time="600"  reversible="true"/>
      </animation>
      
      <top>10</top>
      <width>1400</width>
      <left>250</left>
      <control type="image">
        <visible>[Control.HasFocus(7779)|Control.HasFocus(7778)]+[!String.IsEmpty(Window(Home).Property(Actornaissance))|!String.IsEmpty(Window(Home).Property(Actorlieunaissance))|!String.IsEmpty(Window(Home).Property(Actorbiographie))]</visible>
        <height>250</height>
        <colordiffuse>FFFFFFFF</colordiffuse>
        <bordersize>8</bordersize>
        <bordertexture border="8" colordiffuse="FFFFFFFF">landscape.png</bordertexture>
        <texture>osd/osd_settings_back.png</texture>
        <aspectratio scalediffuse="false">stretch</aspectratio>
      </control>
      
      <control type="grouplist">
        <visible>!Container(8888).IsUpdating</visible>
        <top>15</top>
        <left>35</left>
        <height>350</height>
        <control type="textbox"> <!---- Nom reel -->
          <width>340</width>
          <font>comic24</font>
          <height max="70">auto</height>
          <align>center</align>
          <shadowcolor>white</shadowcolor>
          <label>[COLOR=white][I]$INFO[Window(Home).Property(ActorNomReel)][/I][/COLOR]</label>
          <visible>!String.IsEmpty(Window(Home).Property(ActorNomReel))</visible>
        </control>

        <control type="label"> <!---- Date naissance -->
          <!--<top>15</top>
          <left>15</left>-->
          <font>comic24</font>
          <height>30</height>
          <label>$LOCALIZE[21893]:[COLOR=white]$INFO[Window(Home).Property(Actornaissance)][/COLOR]</label>
          <visible>!String.IsEmpty(Window(Home).Property(Actornaissance))</visible>
        </control>

        <control type="textbox"> <!---- Lieu Naissance -->
          <width>340</width>
          <font>comic24</font>
          <height max="70">auto</height>
          <label>$LOCALIZE[19107] : [COLOR=white]$INFO[Window(Home).Property(Actorlieunaissance),[COLOR=white]$LOCALIZE[31895][/COLOR]][/COLOR]</label>
          <visible>!String.IsEmpty(Window(Home).Property(Actorlieunaissance))</visible>
        </control>
        <control type="label"> <!---- AGE -->
          <!-- <top>125</top>
          <left>15</left> -->
          <font>comic24</font>
          <height>30</height>
          <label>$LOCALIZE[31894] [COLOR=white]$INFO[Window(Home).Property(Actorage)] ans[/COLOR]</label>
          <visible>!String.IsEmpty(Window(Home).Property(Actorage))</visible>

        </control>
        <control type="label"> <!---- Date Deces -->

          <font>comic24</font>
          <height>30</height>
          <label>$LOCALIZE[21897]:[COLOR=white]$INFO[Window(Home).Property(Actordeces)][/COLOR]</label>
          <visible>!String.IsEmpty(Window(Home).Property(Actordeces))</visible>
        </control>

      </control>
 

    <control type="scrollbar" id="8892">
      <description>My first scroll bar control</description>
      <left>80</left>
      <top>60</top>
      <width>250</width>
      <height>30</height>
      <visible>true</visible>

      <orientation>vertical</orientation>
      <showonepage>true</showonepage>
      <onup>2</onup>
      <ondown>3</ondown>
      <onleft>1</onleft>
      <onright>1</onright>
    </control>
    <control type="textbox" id="8890">
      <visible>Control.HasFocus(7779)|Control.HasFocus(7778)</visible>
      <top>15</top>
      <left>400</left>
      <width>950</width>
      <height>220</height>
      <align>left</align>
      <aligny>center</aligny>
      <font>comic24</font>
      <autoscroll delay="10000" time="3500" repeat="10000">[Control.HasFocus(7779)|Control.HasFocus(7778)]+System.IdleTime(2)</autoscroll>
      <textcolor>white</textcolor>
      <label>$INFO[Window(Home).Property(Actorbiographie)]</label>
    </control>
    
    <visible>System.HasAddon(script.aeon.miro.nox)</visible>
  </control>
</include>
<!-- ---------------------------------------------------------------------------------------------- -->
<include name="PPActeurs">

  <param name="ItemId" default="0"/>
  <param name="Width1" default="265"/>
  <param name="DiffuseFrame" default="acteurs/frame2.png"/>
  <param name="visibility" default="True"/>
  <param name="showlabel" default="True"/>
  <param name="reflet" default="False"/>
  <definition>
    <control type="group">
      <height>320</height>
      <visible>$PARAM[visibility]</visible>
      <width>$PARAM[Width1]</width>
      <control type="textbox">
        <posy>230</posy>
        <height>115</height>
        <align>center</align>
        <aligny>top</aligny>
        <font>acteurs</font>
        <textcolor>TextNF</textcolor>
        <label>$INFO[Container(1998).ListItem($PARAM[ItemId]).Label][CR][CR][COLOR=white][I]$INFO[Container(1998).ListItem($PARAM[ItemId]).Label2,(,)][/I][/COLOR]</label>
        <visible>$PARAM[showlabel]</visible>
      </control>

      <control type="group">
        <posx>35</posx>
        <posy>5</posy>
        <control type="image">
          <description>Actor image</description>
          <posy>10</posy>
          <posx>5</posx>
          <align>center</align>
          <width>175</width>
          <height>220</height>
          <texture diffuse=$PARAM[DiffuseFrame] fallback="defaultactor.png">$INFO[Container(1998).ListItem($PARAM[ItemId]).Icon]</texture>
          <aspectratio scalediffuse="true" align="center" aligny="center">keep</aspectratio>
        </control>
        <control type="image">
          <description>Actor image</description>
          <top>220</top>
          <posx>5</posx>
          <align>center</align>
          <width>175</width>
          <height>220</height>
          <texture flipy="true" diffuse="acteurs/reflect_poster2.png" fallback="defaultactor.png">$INFO[Container(1998).ListItem($PARAM[ItemId]).Icon]</texture>
          <aspectratio scalediffuse="true" align="center" aligny="center">keep</aspectratio>
          <visible>$PARAM[reflet]</visible>
        </control>
      </control>
    </control>
  </definition>
</include>
<!-- ------------------------------------------------------------------ ---->
<include name="PPActeursListe">
  <param name="Width2" default="265"/>
  <param name="showlabel2" default="True"/>
  <param name="reflet" default="False"/>
  <definition>
    <include content="PPActeurs">
      <param name="showlabel">$PARAM[showlabel2]</param>
      <param name="ItemId">1</param>
      <param name="reflet">$PARAM[reflet]</param>
      <param name="Width1">$PARAM[Width2]</param>
      <param name="visibility">Integer.IsGreater(Container(1998).NumItems,1)</param>
    </include>
    <include  content="PPActeurs">
      <param name="showlabel">$PARAM[showlabel2]</param>
      <param name="Width1">$PARAM[Width2]</param>
      <param name="reflet">$PARAM[reflet]</param>
      <param name="ItemId">2</param>
      <param name="visibility">Integer.IsGreater(Container(1998).NumItems,2)</param>
    </include>
    <include content="PPActeurs">
      <param name="showlabel">$PARAM[showlabel2]</param>
      <param name="Width1">$PARAM[Width2]</param>
      <param name="reflet">$PARAM[reflet]</param>
      <param name="ItemId">3</param>
      <param name="visibility">Integer.IsGreater(Container(1998).NumItems,3)</param>

    </include>
    <include content="PPActeurs">
      <param name="showlabel">$PARAM[showlabel2]</param>
      <param name="Width1">$PARAM[Width2]</param>
      <param name="reflet">$PARAM[reflet]</param>
      <param name="ItemId">4</param>
      <param name="visibility">Integer.IsGreater(Container(1998).NumItems,4)</param>
    </include>
    <include content="PPActeurs">
      <param name="showlabel">$PARAM[showlabel2]</param>
      <param name="Width1">$PARAM[Width2]</param>
      <param name="reflet">$PARAM[reflet]</param>
      <param name="ItemId">5</param>
      <param name="visibility">Integer.IsGreater(Container(1998).NumItems,5)</param>
    </include>
    <include content="PPActeurs">
      <param name="showlabel">$PARAM[showlabel2]</param>
      <param name="Width1">$PARAM[Width2]</param>
      <param name="reflet">$PARAM[reflet]</param>
      <param name="ItemId">6</param>
      <param name="visibility">Integer.IsGreater(Container(1998).NumItems,6)</param>
    </include>
    <include content="PPActeurs">
      <param name="showlabel">$PARAM[showlabel2]</param>
      <param name="Width1">$PARAM[Width2]</param>
      <param name="reflet">$PARAM[reflet]</param>
      <param name="ItemId">7</param>
      <param name="visibility">Integer.IsGreater(Container(1998).NumItems,7)</param>
    </include>
    <include content="PPActeurs">
      <param name="showlabel">$PARAM[showlabel2]</param>
      <param name="Width1">$PARAM[Width2]</param>
      <param name="reflet">$PARAM[reflet]</param>
      <param name="ItemId">8</param>
      <param name="visibility">Integer.IsGreater(Container(1998).NumItems,8)</param>
    </include>
  </definition>
</include>
<!-- --------------------------------------------------------------------------------------------- -->


<include name="PanelActeursOsd">
  <control type="group">
    <top>1450</top>
    <control type="button" id="2022">
      <top>3500</top>
      <label>Activation1998</label>
      <onleft>Control.Move(1998,-1)</onleft>
      <onright>Control.Move(1998,1)</onright>
      <onback>9001</onback>
      <onup>1998</onup>
      <ondown>7781</ondown>
      <onclick>SetFocus(7781)</onclick>
      <visible>Player.HasVideo+[Window.IsVisible(12901)|Window.IsVisible(10142)]+Integer.IsGreater(Container(1998).NumItems,0)</visible>
    </control>

    <!--- CADRE DES ACTEURS ---->
    <control type="group">
      <animation type="Conditional" reversible="true" condition="!Control.HasFocus(7779)+!Control.HasFocus(7781)+!Container(1998).IsUpdating+Player.HasVideo+[Window.IsVisible(12901)|Window.IsVisible(10142)]+Integer.IsGreater(Container(1998).NumItems,0)">
        <effect type="slide"  start="0,0" end="0,-500" time="500" delay="1" />
      </animation>
      <visible>Control.hasFocus(2022)</visible>
      <control type="image">
        <posx>0</posx>
        <width>1920</width>
        <height>350</height>
        <texture>osd/osd_settings_back.png</texture>
        <colordiffuse>OSDBackgroundColor</colordiffuse>
      </control>
      <control type="group"> <!-- focus -->
        <top>0</top>
        <left>15</left>
        <height>350</height>

        <include content="PPActeurs">
          <param name="ItemId">0</param>
        </include>

      </control>
      <control type="group">
        <visible>Control.HasFocus(2022)</visible>
        <top>295</top>
        <left>927</left>
        <include>ShowActorDetails</include>
      </control>

      <control type="grouplist">
        <top>0</top>
        <left>265</left>
        <height>350</height>
        <width>1640</width>
        <orientation>horizontal</orientation>
        <include content="PPActeursListe">
        </include>

      </control>
    </control>


  </control>
</include>


<!-- ---------------------------------------------------------------------------------------------- -->


<include name="PanelActeurs">
<control type="group">
  <visible>!String.IsEqual(ListItem.Label,..)</visible>
  
  <control type="group">
    <control type="image">
       
        <height>1080</height>
        <width>1920</width>
        <texture>back.png</texture> 
        <aspectratio>stretch</aspectratio> 
    </control>
    

    <visible>Integer.IsGreater(Container(1998).NumItems,0)</visible>
 
    <include>PanelActeursOsd</include>
    <!---------------------------------------------------- roles --------------------------------------------------------->
    <control type="group">
      <top>-3500</top>
      <left>10</left>
      <align>left</align>
      <width>1900</width>
      <height>480</height>
      <animation type="Conditional" condition="[Control.HasFocus(7779)|Control.HasFocus(7781)]+!Window.IsVisible(12901)+!Window.IsVisible(10142)">
        <effect type="slide"  start="0,0" end="0,3900" time="500" delay="1" reversible="false"/>
      </animation>
      <animation type="Conditional" condition="[Control.HasFocus(7779)|Control.HasFocus(7781)]+Player.HasVideo+[Window.IsVisible(12901)|Window.IsVisible(10142)]">
        <effect type="slide"  start="0,0" end="0,4200" time="500" delay="1" reversible="false"/>
      </animation>
      <animation type="Conditional" condition="Container(5051).IsUpdating | !String.IsEmpty(Window(Home).Property(IconmixTrailer))">
        <effect type="fade"  start="100" end="30" time="500" delay="100" reversible="true"/>
      </animation>
	  <!-- 03/08/2021 -->
      <control type="image">
        <top>-400</top>
        <visible>Control.HasFocus(7779)</visible>
        <height>1080</height>
        <width>1920</width>
        <colordiffuse>FFFFFFFF</colordiffuse>        
        <texture>$INFO[Container(5051).ListItem.Property(fanart)]</texture>
        <aspectratio>stretch</aspectratio> 
      </control>
      <!-- -------  -->
	  
      <control type="group">
        <control type="group"> <!-- panel acteurs -->
          <top>-180</top>
          <left>10</left>
          <height>290</height>
          <control type="group">
            <width>660</width>
            <visible>!Control.HasFocus(7778)+!Control.HasFocus(7779)+!Control.HasFocus(5051)</visible>
            <include>ActeursSuivants</include>
          </control>
        </control>
        <control type="group">

            <control type="group"><!-- fond panneau et titre -->
              <visible>Control.HasFocus(7779)</visible>
              <animation type="Visible">
              <effect type="slide"  end="0,100" time="500" easy="out" tween="bounce" delay="1" reversible="false"/> -->
            </animation>
            <top>380</top>
            <width>1500</width>
            <left>200</left>
            <control type="image">
              <height>60</height>
              <colordiffuse>FFFFFFFF</colordiffuse>
              <bordersize>8</bordersize>
              <bordertexture border="8" colordiffuse="FFFFFFFF">landscape.png</bordertexture>
              <texture>osd/osd_settings_back.png</texture>
              <aspectratio scalediffuse="false">stretch</aspectratio>
            </control>
           
            <control type="label"> <!---- vidéo sélectionnée-->
              <top>-15</top>
              <font>fontArial15</font>
              <height>80</height>
              <align>center</align>
              <label>[COLOR=white]$INFO[Container(5051).ListItem.Label] [I][COLOR=white]$INFO[Container(5051).ListItem.Year,(,)][/COLOR][/I][/COLOR]</label>
            </control>
            <control type="image">
              <top>-2</top>
              <align>left</align>
              <left>-1480</left>
              <height>60</height>
              <texture>acteurs/films.png</texture>
              <aspectratio>keep</aspectratio>
              <visible>String.IsEqual(Container(5051).ListItem.Property(dbtype),movie)</visible>
            </control>
            <control type="image">
              <top>-2</top>
              <left>-1480</left>
              <height>60</height>
              <align>left</align>
              <texture>acteurs/series.png</texture>
              <aspectratio>keep</aspectratio>
              <visible>!String.IsEqual(Container(5051).ListItem.Property(dbtype),movie)</visible>
            </control>
            <!--- aide --->
            <control type="group">
              <animation type="Conditional"  condition="!String.IsEmpty(Container(5051).ListItem.Plot)" reversible="false">
                <effect type="slide" end="0,65"   time="500" delay="500" />
              </animation>
              <control type="image"> 
                <width>250</width>
                <top>65</top>
                <left>610</left>
                <height>60</height>
                <colordiffuse>FFFFFFFF</colordiffuse>
                <bordersize>8</bordersize>
                <bordertexture border="8" colordiffuse="FFFFFFFF">landscape.png</bordertexture>
                <texture>osd/osd_settings_back.png</texture>
                <aspectratio scalediffuse="false">stretch</aspectratio>
              </control>
              <control type="grouplist">
                <visible>[Control.HasFocus(7779)|Control.HasFocus(7778)|Control.HasFocus(505)]</visible>
                <orientation>horizontal</orientation>
                <width>200</width>
                <left>635</left>
                <top>73</top>
                <height>40</height>
                <aligny>center</aligny>
                 <align>center</align>
                <control type="image">
                  <width>50</width>
                  <aligny>center</aligny>
                  <height>40</height>
                      <texture>osd/buttons/osdvideofo.png</texture>
                      <aspectratio>keep</aspectratio>
                    </control>
                    
                    <control type="label">
                      <height>40</height>
                      <visible>System.HasAddon(script.aeon.miro.nox)</visible>
                      <aligny>center</aligny>
                      <width>250</width>
                      <label>Information</label>
                    </control>
                    
                
              </control>
            </control>
            <!---- PLOT ----->
             <control type="group">
              <visible>!String.IsEmpty(Container(5051).ListItem.Plot)</visible>
              <width>1570</width>
                <top>65</top>
                <left>-20</left>
                <height>55</height>
              <control type="image"> 
                
                <colordiffuse>FFFFFFFF</colordiffuse>
                <bordersize>8</bordersize>
                <bordertexture border="8" colordiffuse="FFFFFFFF">landscape.png</bordertexture>
                <texture>osd/osd_settings_back.png</texture>
                <aspectratio scalediffuse="false">stretch</aspectratio>
              </control>
              <control type="fadelabel">
        				<resetonlabelchange>true</resetonlabelchange>
        				<scrollspeed>80</scrollspeed>
        				<pauseatend>1500</pauseatend>
        				<scrollout>false</scrollout>
        				<top>-3</top>
        				<left>50</left>
        				<width>1470</width>
        				<height>40</height>
        				<aligny>top</aligny>
        				<align>center</align>
        				<font>fontArial15</font>
        				<textcolor>lightgrey</textcolor>
        				<textoffsetx>1450</textoffsetx>
        				<label>$INFO[Container(5051).ListItem.Plot]</label>
        				<scrollout>false</scrollout>
        			</control>
             </control>
          </control>

          <include>BioActeur</include>

          <control type="image"> <!-- fond -->
            <posx>0</posx>
            <posy>0</posy>
            <colordiffuse>FFFFFFFF</colordiffuse>
            <bordersize>8</bordersize>
            <bordertexture border="8" colordiffuse="FFFFFFFF">landscape.png</bordertexture>
            <texture>osd/osd_settings_back.png</texture>
            <aspectratio scalediffuse="false">stretch</aspectratio>
          </control>

          <control type="group">
            <top>-190</top>
            <left>10</left>
            <height>290</height>

            <control type="group"><!-- acteur focus -->
              <width>190</width>
              <control type="image">
                <align>center</align>
                <posy>-10</posy>
                <posx>5</posx>
                <height>250</height>
                <width>205</width>
                <texture diffuse="acteurs/frame2.png" fallback="defaultactor.png">$INFO[Container(1998).ListItem.Icon]</texture>
                <aspectratio scalediffuse="true" align="center" >keep</aspectratio>
                <animation effect="zoom" center="100,125"  end="120" time="800" delay="200" condition="true" reversible="false">Conditional</animation>
              </control>
            </control>

            <control type="group"> 
              <top>205</top>
              <left>175</left>
              <width>30</width>
              <height>30</height>
              <control type="label"> <!-- nom de l'acteur -->
                <top>5</top>
                <left>25</left>
                <width>1440</width>
                <align>left</align>
                <font>font13_title</font>
                <label>[COLOR=yellow]$INFO[Container(1998).Listitem.Label][/COLOR]</label>
              </control>
              <control type="group"><!-- fleches d'aide --->
                <visible>[!Container(5051).IsUpdating+Control.HasFocus(7781)]|Control.HasFocus(7779)</visible>
                <animation type="Conditional" loop="true" condition="true">
                  <effect type="fade"  start="0" end="100"  time="1000" delay="2000" reversible="false"/>
                </animation>
                
                
                <control type="image">
                  
                 <animation effect="rotate" end="-90" center="15,15" time="200" condition="!Control.HasFocus(7779)">Conditional</animation>
                 <animation effect="rotate" end="90" center="15,15" time="200" condition="Control.HasFocus(7779)">Conditional</animation>
                  <align>center</align>
                  <texture >arrowright.png</texture>
                </control>
              </control>
            </control>
          </control>

          <control type="group"> <!-- type local ou tmdb -->
            <posy>-160</posy>
            <posx>1700</posx>
            <width>175</width>
            <height>220</height>
            <control type="image">
              <align>center</align>
              <texture>acteurs/filmotv.png</texture>
              <aspectratio align="center" aligny="center">keep</aspectratio>
            </control>
          </control>

          <control type="group">
            <posy>380</posy>
            <posx>1780</posx>
            <width>70</width>
            <height>70</height>
            <control type="label"> <!-- compteur acteurs -->
          <top>-110</top>
          <left>-50</left>
          <width>100</width>
          <align>right</align>
          <font>font13_title</font>
          <textcolor>lightblue</textcolor>
          <label>$INFO[Container(5051).CurrentItem]/$INFO[Container(5051).NumItems]</label>
          <visible>!Container(5051).IsUpdating</visible>
        </control>
            <control type="group"> <!-- mode local -->
              <visible>!String.IsEmpty(Window(Home).Property(ActeurVideoLocal))</visible>
              <control type="image">
                <texture>acteurs/local.png</texture>
                <aspectratio>keep</aspectratio>
              </control>
              <control type="image">
                <top>60</top>
                <left>65</left>
                <texture>acteurs/tmdb.png</texture>
                <aspectratio>keep</aspectratio>
                <visible>Control.HasFocus(7779)</visible>
                <width>40</width>
                <height>40</height>
              </control>
            </control>
            <control type="group"> <!-- mode TMDB -->
              <visible>String.IsEmpty(Window(Home).Property(ActeurVideoLocal))</visible>
              <control type="image">
                <texture>acteurs/tmdb.png</texture>
                <aspectratio>keep</aspectratio>
              </control>
              <control type="image">
                <texture>acteurs/local.png</texture>
                <top>60</top>
                <left>65</left>
                <width>40</width>
                <height>40</height>
                <visible>Control.HasFocus(7779)</visible>
                <aspectratio>keep</aspectratio>
              </control>
            </control>
            <control type="image">
              <width>30</width>
              <height>30</height>
              <left>60</left>
              <top>40</top>
              <animation type="Conditional" loop="true" condition="true">
                <effect type="fade"  start="0" end="100"  time="1000" delay="1000" reversible="false"/>
              </animation>
              <animation effect="rotate" end="-90" center="15,15" time="200" condition="True">Conditional</animation>
              <visible>Control.HasFocus(7779)</visible>

              <align>center</align>
              <texture>arrowright.png</texture>
            </control>
          </control>


        </control>
     <!--- liste des roles -->
        <control type="fixedlist" id="5051">
          <!--<visible>!String.IsEmpty(Window(Home).Property(ActeurVideoLocal))</visible>-->
          <top>60</top>
          <left>20</left>
          <width>1800</width>
          <align>center</align>
          <focusposition>2</focusposition>
          <preloaditems>6</preloaditems>
          <!-- <content>plugin://script.aeon.miro.nox/?action=gettvfilms&nom=$INFO[Container(1998).ListItem.Label]&acteurtype=actor&local=True</content> -->
          <onfocus>SetProperty(ActeurVideoReset,,Home)</onfocus>
          <onfocus>SetProperty(IconmixTrailer,,Home)</onfocus>
          <onfocus>Action(firstpage)</onfocus>
          <onfocus>SetFocus(7779)</onfocus>
          <include>Roles</include>
        </control>

      </control>
    </control>

  </control>


  <control type="button" id="7781"> <!-- controle acteurs -->
    <top>3500</top>
    <!-- <visible>[[[Container.Content(tvshows)|String.IsEqual(ListItem.DBTYPE,episode)]+!Skin.HasSetting(HideTvCast)]|[String.IsEqual(ListItem.DBTYPE,movie)+!Skin.HasSetting(HideMovieCast)]|[String.IsEqual(ListItem.DBTYPE,set)+!Skin.HasSetting(HideSagaCast)]]|[Player.HasVideo+!String.IsEmpty(VideoPlayer.DBID)]</visible>  -->
    <!-- <visible>String.IsEmpty(Window(Home).Property(IconmixShowInfo))</visible> -->
    <ondown>7779</ondown>
    <onclick>SetFocus(7779)</onclick>
    <onfocus>SetProperty(ActeurVideoLocal,1,Home)</onfocus>
    <onfocus>ClearProperty(IconmixTrailer,Home)</onfocus>
    <onfocus condition="!String.IsEmpty(Window(Home).Property(ActeurVideoReset))">Action(firstpage)</onfocus>

    <onback>SetProperty(ActeurVideoLocal,1,Home)</onback>
    <onback>SetProperty(ActeurVideoReset,1,Home)</onback>
    <onback>9001</onback>    
    <onup condition="Player.HasVideo+[Window.IsVisible(12901)|Window.IsVisible(10142)]">2001</onup>
    <onup>SetProperty(ActeurVideoLocal,1,Home)</onup>
    <onup>SetProperty(ActeurVideoReset,1,Home)</onup>
    <onup condition="String.IsEqual(Window(home).Property(IconmixShowInfo),56)|[!Window.IsVisible(movieinformation)+!Window.IsVisible(12901)+!Window.IsVisible(10142)+!Control.IsVisible(1999)+String.IsEmpty(Window(home).Property(IconmixShowInfo))]">55</onup>
    <onup condition="Window.IsVisible(movieinformation)|[!String.IsEmpty(Window(home).Property(IconmixShowInfo))+!String.IsEqual(Window(home).Property(IconmixShowInfo),56)]">7003</onup>
    <onup condition="String.IsEmpty(Window(home).Property(IconmixShowInfo))+Control.IsVisible(1999)+!Control.IsVisible(2998)+Control.IsVisible(2999)">2999</onup>
    <onup>55</onup>
    <onleft>Control.Move(1998,-1)</onleft>
    <onright>Control.Move(1998,1)</onright>
  </control>



  <control type="button" id="7779"><!-- controle roles -->
    <include>ControlesRoles</include>
  </control>
 
</control>
</include>
<!-- --------------------------------------------------------------------------------------------- -->
<include name="ControlesRoles">

  <left>0</left>
  <top>3500</top>
  <label>CONTROLEROLES</label>

  <onfocus>SetProperty(ActeurVideoReset,,Home)</onfocus>
  <onfocus>SetProperty(IconmixTrailer,,Home)</onfocus>

  <!-- <onup>Action(firstpage)</onup> -->
  <onup>SetProperty(ActeurVideoLocal,1,Home)</onup>
  <onup condition="Integer.IsGreater(Container(1998).NumItems,1)">7781</onup>
  <onleft>Control.Move(5051,-1)</onleft>

  <onright>Control.Move(5051,1)</onright>

  
  <onclick condition="!String.IsEmpty(Window(Home).Property(ActeurVideoLocal))">SetProperty(IconmixShowInfo,1,Home)</onclick><!-- KODI -->
  <onclick condition="String.IsEmpty(Window(Home).Property(ActeurVideoLocal))">SetProperty(IconmixShowInfo,2,Home)</onclick> <!-- TMDB -->
  <!-- <onclick>RunScript(script.aeon.miro.nox,showinfodialog=True)</onclick> -->
  <!--
  <onclick>Dialog.Close(all,true)</onclick>
  <onclick>ActivateWindow(10025,videodb://movies/titles/$INFO[Container(5051).ListItem.FolderPath]/-2/,return)</onclick> 
  -->
  <onback>SetProperty(ActeurVideoReset,1,Home)</onback>
  <onback>SetProperty(ActeurVideoLocal,1,Home)</onback>
  <onback>9001</onback>
  <!--
  <onback condition="[String.IsEqual(Window(home).Property(IconmixShowInfo),56)|[!Window.IsVisible(movieinformation)+!Window.IsVisible(12901)+!Window.IsVisible(10142)+!Control.IsVisible(1999)+String.IsEmpty(Window(home).Property(IconmixShowInfo))]]">55</onback>
  <onback condition="[Window.IsVisible(movieinformation)|[!String.IsEmpty(Window(home).Property(IconmixShowInfo))+!String.IsEqual(Window(home).Property(IconmixShowInfo),56)]]">7003</onback>
  <onback condition="!Integer.IsGreater(Container(1998).NumItems,1)">55</onback>
--> 
 <ondown condition="String.IsEmpty(Window(Home).Property(IconMixUpdating))+String.IsEmpty(Window(Home).Property(ActeurVideoLocal))">SetProperty(ActeurVideoLocal,1,Home)</ondown>
  <ondown condition="String.IsEmpty(Window(Home).Property(IconMixUpdating))+!String.IsEmpty(Window(Home).Property(ActeurVideoLocal))">SetProperty(ActeurVideoLocal,,Home)</ondown>
  

</include>



<!-- ---------------------------------------------------------------------------------------------- -->
<include name="ActeursSuivants">
  <control type="grouplist"> <!-- acteurs suivants -->
    <orientation>horizontal</orientation>
    <animation type="Conditional" condition="Control.HasFocus(7779)">
      <effect type="slide"   end="0,200"  time="250"  reversible="true"/>
    </animation>
    <top>-35</top>
    <left>150</left>
    <align>left</align>
    <itemgap>35</itemgap>
    <width>1400</width>
    <include content="PPActeursListe">
      <param name="Width2">125</param>
      <param name="showlabel2">false</param>
    </include>
  </control>
</include>
<!-- ---------------------------------------------------------------------------------------------- -->

<include name="Roles"> 
  <orientation>horizontal</orientation>
  <itemlayout height="380" width="350">
    <control type="group">
      <top>5</top>
      <left>10</left>
      <width>330</width>
      <align>center</align>
      <control type="textbox">
		<top>-15</top>
		<left>50</left>
        <height>80</height>
        <align>center</align>
        <aligny>center</aligny>
		<width>250</width>
        <font>font12</font>
		<textcolor>lightgrey</textcolor>
        <label>$INFO[ListItem.Label]</label>
      </control>
      <control type="label">
        <top>325</top>
        <height>30</height>
        <align>center</align>
        <aligny>center</aligny>
        <font>font12</font>
        <textcolor>lightgrey</textcolor>
        <label>[I]$INFO[ListItem.Year][/I]</label>
      </control>
      <control type="label">
        <posy>365</posy>
        <height>30</height>
        <align>center</align>
        <aligny>center</aligny>
        <font>impactsongs</font>
        <textcolor>lightgrey</textcolor>
        <label>[I]$INFO[ListItem.Property(role)][/I]</label>
      </control>
    </control>
     <control type="group">
      
      
      
      <posy>85</posy>
      <posx>120</posx>
      <width>150</width>
      <height>245</height>
       <control type="image">
		<left>-15</left>
        <width>160</width>
        <height>240</height>
        <aspectratio aligny="top">stretch</aspectratio>
            <texture background="true" fallback="black.png">$VAR[PosterVar]</texture>
      </control>
      <control type="group">
        <left>-50</left>
          <top>-15</top>
        <height>270</height>
         <width>210</width>
      <control type="image">
          
           <texture background="true" fallback="$VAR[CaseTypePathVar]">$VAR[CaseTypePathVar]$VAR[GlobalCaseVarActeur]</texture>
         <!--  <aspectratio>stretch</aspectratio> -->
          <visible>String.IsEqual(ListItem.Property(dbtype),movie)</visible>
        </control>
        <control type="image">
         
          <texture background="true" fallback="$VAR[CaseTypePathVar]">$VAR[CaseTypePathVar]$VAR[GlobalCaseVarActeur]</texture>
          <visible>!String.IsEqual(ListItem.Property(dbtype),movie)</visible>
        </control>  
       </control>
       
    </control>
  </itemlayout>
  <focusedlayout height="380" width="350">
    <control type="group">
      <top>5</top>
      <left>10</left>
      <align>center</align>
      <width>330</width>
      <control type="textbox">
		<top>-15</top>
        <height>80</height>
        <align>center</align>
        <aligny>center</aligny>
        <font>font12</font>
        <textcolor>lightgrey</textcolor>
        <label>$INFO[ListItem.Label]</label>
        <visible>!Control.HasFocus(7779)+!Control.HasFocus(7778)+!Control.HasFocus(505)</visible>
      </control>
      <control type="label">
        <top>325</top>
        <height>30</height>
        <align>center</align>
        <aligny>center</aligny>
        <font>font12</font>
        <textcolor>lightgrey</textcolor>
        <label>[I]$INFO[ListItem.Year][/I]</label>
        <visible>!Control.HasFocus(7779)+!Control.HasFocus(7778)+!Control.HasFocus(505)</visible>
      </control>
      <control type="label">
        <posy>365</posy>
        <height>30</height>
        <align>center</align>
        <aligny>center</aligny>
        <font>impactsongs</font>
        <textcolor>lightgrey</textcolor>
        <label>[I]$INFO[ListItem.Property(role)][/I]</label>
      </control>
      
    </control>
    <control type="group">
      <!-- POSTER CENTRAL -->
      <animation type="Conditional" condition="Control.HasFocus(7779)|Control.HasFocus(7778)|Control.HasFocus(505)">
        <effect type="zoom"  center="200,250" start="100" end="150" time="5" delay="1" reversible="true"/>
      </animation>
      
      <posy>85</posy>
      <posx>120</posx>
      <width>150</width>
      <height>245</height>
      <control type="image">
		<left>-15</left>
        <width>160</width>
        <height>240</height>
        <aspectratio aligny="top">stretch</aspectratio>
            <texture background="true" fallback="black.png">$VAR[PosterVar]</texture>
      </control>
      <control type="group">
        <left>-50</left>
          <top>-15</top>
        <height>270</height>
         <width>210</width>
      <control type="image">
          
          <texture background="true" fallback="$VAR[CaseTypePathVar]">$VAR[CaseTypePathVar]$VAR[GlobalCaseVarActeur]</texture>
         <!--  <aspectratio>stretch</aspectratio> -->
          <visible>String.IsEqual(ListItem.Property(dbtype),movie)</visible>
        </control>
        <control type="image">
         
          <texture background="true" fallback="$VAR[CaseTypePathVar]">$VAR[CaseTypePathVar]$VAR[GlobalCaseVarActeur]</texture>
          <visible>!String.IsEqual(ListItem.Property(dbtype),movie)</visible>
        </control>  
       </control>
       
    </control>
  </focusedlayout>
</include>
<!-- ---------------------------------------------------------------------------------------------- -->

</includes>