<?xml version="1.0" encoding="UTF-8"?>
<window id="1122" type="dialog">
    <defaultcontrol always="true">90100</defaultcontrol>
    <coordinates>
        <system>1</system>
        <left>457</left>
        <top>240</top>
        <origin x="777" y="240">String.IsEqual(Skin.AspectRatio,21:9)</origin>
    </coordinates>
    <include>DialogOpenCloseAnimation</include>
    <onunload condition="!String.IsEmpty(Skin.String(ItemToEdit.MultiFanart))">Skin.SetString($INFO[Window(Home).Property(Nox.Temp)],$INFO[Skin.String(ItemToEdit.MultiFanart)])</onunload>
    <onunload condition="!String.IsEmpty(Skin.String(ItemToEdit.BGType))">Skin.SetString($INFO[Window(Home).Property(Nox.BGType)],$INFO[Skin.String(ItemToEdit.BGType)])</onunload>
    <onunload>ClearProperty(No.Cases,Home)</onunload>
    <controls>
        <control type="image">
            <left>157</left>
            <width>692</width>
            <height>600</height>
            <texture border="40">dialogs/default/bg.png</texture>
        </control>
        <control type="image">
            <left>187</left>
            <top>86</top>
            <width>632</width>
            <height>482</height>
            <texture border="5">dialogs/default/inner.png</texture>
        </control>
        <control type="label" id="1">
            <left>30</left>
            <top>32</top>
            <width>940</width>
            <height>40</height>
            <font>font15_title</font>
            <label>$LOCALIZE[31027]</label>
            <align>center</align>
            <textcolor>dialogheader</textcolor>
        </control>
        <control type="list" id="90100">
            <left>189</left>
            <top>88</top>
            <width>628</width>
            <height>480</height>
            <onup>90100</onup>
            <ondown>90100</ondown>
            <onleft>90100</onleft>
            <onright>60</onright>
            <pagecontrol>60</pagecontrol>
            <scrolltime tween="quadratic" easing="out">200</scrolltime>
            <itemlayout height="60" width="628">
                <control type="image">
                    <width>628</width>
                    <height>60</height>
                    <texture border="1">separator2.png</texture>
                </control>
                <control type="label">
                    <width>628</width>
                    <height>60</height>
                    <textoffsetx>15</textoffsetx>
                    <font>font14</font>
                    <textcolor>grey2</textcolor>
                    <selectedcolor>selected</selectedcolor>
                    <label>$INFO[ListItem.Label]</label>
                </control>
            </itemlayout>
            <focusedlayout height="60" width="628">
                <control type="image">
                    <width>628</width>
                    <height>60</height>
                    <texture border="1">separator2.png</texture>
                    <include>VisibleFadeAnimation</include>
                </control>
                <control type="image">
                    <width>629</width>
                    <height>60</height>
                    <texture border="5">listselect_fo.png</texture>
                    <visible>Control.HasFocus(90100)</visible>
                    <include>VisibleFadeAnimation</include>
                </control>
                <control type="label">
                    <width>628</width>
                    <height>60</height>
                    <textoffsetx>15</textoffsetx>
                    <font>font14</font>
                    <textcolor>white</textcolor>
                    <selectedcolor>selected</selectedcolor>
                    <scroll>true</scroll>
                    <label>$INFO[ListItem.Label]</label>
                    <animation effect="fade" start="100" end="70" time="300" tween="sine" easing="inout" condition="!Control.HasFocus(90100)">Conditional</animation>
                </control>
            </focusedlayout>
            <content>
                <item>
                    <label>$LOCALIZE[10035]</label>
                    <onclick>Skin.Reset(ItemToEdit.MultiFanart)</onclick>
                    <onclick>Skin.Reset(ItemToEdit.BGType)</onclick>
                    <onclick>Skin.SetString($INFO[Window(Home).Property(Nox.Temp)],$INFO[Skin.String(ItemToEdit.MultiFanart)])</onclick>
                    <onclick>Skin.SetString($INFO[Window(Home).Property(Nox.BGType)],$INFO[Skin.String(ItemToEdit.BGType)])</onclick>
                    <onclick>Dialog.Close(1122)</onclick>
                </item>
                <item>
                    <label>$LOCALIZE[31023]</label>
                    <onclick>Skin.SetString(ItemToEdit.BGType,1)</onclick>
                    <onclick>Skin.SetImage(ItemToEdit.MultiFanart)</onclick>
                    <onclick>Dialog.Close(1122)</onclick>
                </item>
                <item>
                    <label>$LOCALIZE[31022]</label>
                    <onclick>Skin.SetString(ItemToEdit.BGType,2)</onclick>
                    <onclick>Skin.SetPath(ItemToEdit.MultiFanart)</onclick>
                    <onclick>Dialog.Close(1122)</onclick>
                </item>
                <item>
                    <label>$LOCALIZE[31062]</label>
                    <onclick>Skin.SetString(ItemToEdit.BGType,3)</onclick>
                    <onclick>Skin.SetString(ItemToEdit.MultiFanart,1)</onclick>
                    <onclick>Dialog.Close(1122)</onclick>
                    <visible>System.HasAddon(script.grab.fanart)</visible>
                </item>
                <item>
                    <label>$LOCALIZE[31063]</label>
                    <onclick>Skin.SetString(ItemToEdit.BGType,3)</onclick>
                    <onclick>Skin.SetString(ItemToEdit.MultiFanart,2)</onclick>
                    <onclick>Dialog.Close(1122)</onclick>
                    <visible>System.HasAddon(script.grab.fanart)</visible>
                </item>
                <item>
                    <label>$LOCALIZE[31064]</label>
                    <onclick>Skin.SetString(ItemToEdit.BGType,3)</onclick>
                    <onclick>Skin.SetString(ItemToEdit.MultiFanart,3)</onclick>
                    <onclick>Dialog.Close(1122)</onclick>
                    <visible>System.HasAddon(script.grab.fanart)</visible>
                </item>
                <item>
                    <label>$LOCALIZE[31065]</label>
                    <onclick>Skin.SetString(ItemToEdit.BGType,3)</onclick>
                    <onclick>Skin.SetString(ItemToEdit.MultiFanart,4)</onclick>
                    <onclick>Dialog.Close(1122)</onclick>
                    <visible>System.HasAddon(script.grab.fanart)</visible>
                </item>
				<!-- Roura97311 : Add Fanart for script ArtistSlideshow -->
				<item>
					<label>$LOCALIZE[31217]</label>
					<onclick>Skin.SetString(ItemToEdit.BGType,3)</onclick>
					<onclick>Skin.SetString(ItemToEdit.MultiFanart,44)</onclick>
					<onclick>Dialog.Close(1122)</onclick>
					<visible>System.HasAddon(script.artistslideshow)</visible>
				</item>
                <item>
                    <label>$LOCALIZE[31066]</label>
                    <onclick>Skin.SetString(ItemToEdit.BGType,3)</onclick>
                    <onclick>Skin.SetString(ItemToEdit.MultiFanart,5)</onclick>
                    <onclick>Dialog.Close(1122)</onclick>
                    <visible>System.HasAddon(script.grab.fanart)</visible>
                </item>
                <item>
                    <label>$LOCALIZE[31028]: $LOCALIZE[31029]</label>
                    <onclick>Skin.SetString(ItemToEdit.BGType,4)</onclick>
                    <onclick>Skin.SetString(ItemToEdit.MultiFanart,7)</onclick>
                    <onclick>Dialog.Close(1122)</onclick>
                    <visible>String.IsEmpty(Window(Home).Property(No.Cases))</visible>
                </item>
				<!-- ROURA97311 Add Recent Series -->
				<item>
					<label>$LOCALIZE[31028]: $LOCALIZE[31210]</label>
					<onclick>Skin.SetString(ItemToEdit.BGType,4)</onclick>
					<onclick>Skin.SetString(ItemToEdit.MultiFanart,15)</onclick>
					<onclick>Dialog.Close(1122)</onclick>
					<visible>String.IsEmpty(Window(Home).Property(No.Cases))</visible>
				</item>
				<!-- ROURA97311 END Add Recent Series -->
				<item>
                    <label>$LOCALIZE[31028]: $LOCALIZE[31030]</label>
                    <onclick>Skin.SetString(ItemToEdit.BGType,4)</onclick>
                    <onclick>Skin.SetString(ItemToEdit.MultiFanart,8)</onclick>
                    <onclick>Dialog.Close(1122)</onclick>
                    <visible>String.IsEmpty(Window(Home).Property(No.Cases))</visible>
                </item>
                <item>
                    <label>$LOCALIZE[31028]: $LOCALIZE[20012]</label>
                    <onclick>Skin.SetString(ItemToEdit.BGType,5)</onclick>
                    <onclick>Skin.SetFile(ItemToEdit.MultiFanart,.xsp,special://profile/playlists/video/)</onclick>
                    <onclick>Dialog.Close(1122)</onclick>
                    <visible>String.IsEmpty(Window(Home).Property(No.Cases))</visible>
                </item>
                <item>
                    <label>$LOCALIZE[31028]: $LOCALIZE[31035]</label>
                    <onclick>Skin.SetString(ItemToEdit.BGType,4)</onclick>
                    <onclick>Skin.SetString(ItemToEdit.MultiFanart,9)</onclick>
                    <onclick>Dialog.Close(1122)</onclick>
                    <visible>String.IsEmpty(Window(Home).Property(No.Cases))</visible>
                    <visible>System.HasAddon(service.library.data.provider)</visible>
                </item>
                <item>
                    <label>$LOCALIZE[31028]: $LOCALIZE[31036]</label>
                    <onclick>Skin.SetString(ItemToEdit.BGType,4)</onclick>
                    <onclick>Skin.SetString(ItemToEdit.MultiFanart,10)</onclick>
                    <onclick>Dialog.Close(1122)</onclick>
                    <visible>String.IsEmpty(Window(Home).Property(No.Cases))</visible>
                    <visible>System.HasAddon(service.library.data.provider)</visible>
                </item>
                <!-- MikeBZH44 : Add Wall (movie or music) background -->
                <item>
                    <label>$LOCALIZE[31963]: $LOCALIZE[31029]</label>
                    <onclick>Skin.SetString(ItemToEdit.BGType,8)</onclick>
                    <onclick>Skin.SetString(ItemToEdit.MultiFanart,7)</onclick>
                    <onclick>Dialog.Close(1122)</onclick>
                    <visible>String.IsEmpty(Window(Home).Property(No.Cases))</visible>
                </item>
                <item>
                    <label>$LOCALIZE[31963]: $LOCALIZE[31030]</label>
                    <onclick>Skin.SetString(ItemToEdit.BGType,8)</onclick>
                    <onclick>Skin.SetString(ItemToEdit.MultiFanart,8)</onclick>
                    <onclick>Dialog.Close(1122)</onclick>
                    <visible>String.IsEmpty(Window(Home).Property(No.Cases))</visible>
                </item>
                <item>
                    <label>$LOCALIZE[31963]: $LOCALIZE[20012]</label>
                    <onclick>Skin.SetString(ItemToEdit.BGType,9)</onclick>
                    <onclick>Skin.SetFile(ItemToEdit.MultiFanart,.xsp,special://profile/playlists/video/)</onclick>
                    <onclick>Dialog.Close(1122)</onclick>
                    <visible>String.IsEmpty(Window(Home).Property(No.Cases))</visible>
                </item>
                <item>
                    <label>$LOCALIZE[31963]: $LOCALIZE[31035]</label>
                    <onclick>Skin.SetString(ItemToEdit.BGType,8)</onclick>
                    <onclick>Skin.SetString(ItemToEdit.MultiFanart,9)</onclick>
                    <onclick>Dialog.Close(1122)</onclick>
                    <visible>String.IsEmpty(Window(Home).Property(No.Cases))</visible>
                    <visible>System.HasAddon(service.library.data.provider)</visible>
                </item>
                <item>
                    <label>$LOCALIZE[31963]: $LOCALIZE[31036]</label>
                    <onclick>Skin.SetString(ItemToEdit.BGType,8)</onclick>
                    <onclick>Skin.SetString(ItemToEdit.MultiFanart,10)</onclick>
                    <onclick>Dialog.Close(1122)</onclick>
                    <visible>String.IsEmpty(Window(Home).Property(No.Cases))</visible>
                    <visible>System.HasAddon(service.library.data.provider)</visible>
                </item>
                <!-- MikeBZH44 End -->
                <!-- MikeBZH44 : Add Picture polaroid background -->
                <item>
                    <label>$LOCALIZE[31966]: $LOCALIZE[31967]</label>
                    <onclick>Skin.SetString(ItemToEdit.BGType,10)</onclick>
                    <onclick>Skin.SetString(ItemToEdit.MultiFanart,11)</onclick>
                    <onclick>Dialog.Close(1122)</onclick>
                    <visible>System.HasAddon(plugin.image.mypicsdb)</visible>
                </item>
                <!-- MikeBZH44 End -->
                <item>
                    <label>$LOCALIZE[31084]</label>
                    <onclick>Skin.SetString(ItemToEdit.BGType,6)</onclick>
                    <onclick>Skin.SetString(ItemToEdit.MultiFanart,6)</onclick>
                    <onclick>Dialog.Close(1122)</onclick>
                    <visible>!String.IsEmpty(Skin.String(weatherfanart.path))</visible>
                </item>
                <item>
                    <label>$LOCALIZE[20012]</label>
                    <onclick>Skin.SetString(ItemToEdit.BGType,7)</onclick>
                    <onclick>Skin.SetFile(ItemToEdit.MultiFanart,.xsp,special://profile/playlists/video/)</onclick>
                    <onclick>Dialog.Close(1122)</onclick>
                    <visible>String.IsEmpty(Window(Home).Property(No.Cases))</visible>
                </item>
				<!-- Roura97311 : Add Fanart for script Extended info service -->
				<item>
					<label>$LOCALIZE[31215]</label>
					<onclick>Skin.SetString(ItemToEdit.BGType,13)</onclick>
					<onclick>Skin.SetString(ItemToEdit.MultiFanart,22)</onclick>
					<onclick>Dialog.Close(1122)</onclick>
					<visible>String.IsEmpty(Window(Home).Property(No.Cases))</visible>
				</item>
            </content>
        </control>
        <control type="scrollbar" id="60">
            <left>819</left>
            <top>88</top>
            <height>480</height>
            <width>14</width>
            <onleft>90100</onleft>
            <onright>90100</onright>
            <ondown>60</ondown>
            <onup>60</onup>
            <showonepage>false</showonepage>
            <texturesliderbackground />
            <texturesliderbar colordiffuse="55ffffff" border="4">scrollbar/texturesliderbar3.png</texturesliderbar>
            <texturesliderbarfocus border="4">scrollbar/texturesliderbar3.png</texturesliderbarfocus>
        </control>
    </controls>
</window>