<?xml version="1.0" encoding="UTF-8"?>
<includes>
	<constant name="CenterWidth">960</constant>
	<constant name="CenterHeight">540</constant>
	<constant name="HomeSubMenuLeft">210</constant>
	<constant name="SettingsLeft">0</constant>
	<constant name="BackPanelIconsLeft">90</constant>
	<constant name="ViewIconsLeft">120</constant>
	<constant name="BackPanelIconsWidth">1740</constant>
	<constant name="ViewIconsWidth">1680</constant>
	<constant name="ScrollbarIconsLeft">1797</constant>
	<constant name="ViewInfoWallLeft">0</constant>
	<constant name="BackPanelInfoWallWidth">1740</constant>
	<constant name="BackPanelInfoWallSquareWidth">1640</constant>
	<constant name="ViewInfoWallWidth">1000</constant>
	<constant name="ViewInfoWallSquareWidth">900</constant>
	<constant name="ScrollbarInfoWallLeft">104</constant>
	<constant name="InfoPanelInfoWallLeft">1120</constant>
	<constant name="InfoPanelInfoWallSquareLeft">1070</constant>
	<constant name="ViewBannerWallTop">20</constant>
	<constant name="ViewBannerWallLeft">0</constant>
	<constant name="BackPanelBannerWallWidth">1740</constant>
	<constant name="ViewBannerWallWidth">1180</constant>
	<constant name="InfoPanelBannerWallLeft">1240</constant>
	<constant name="BannerWallWidth">1120</constant>
	<constant name="BannerWallHeight">207</constant>
	<constant name="LogoOffsetx">-277</constant>
	<constant name="ListCenterleft">50%</constant>
	<constant name="MultiWidgetBackPanelLeft">216</constant>
	<constant name="MultiWidgetBackPanelRight">202</constant>
	<constant name="MultiWidgetLeft">228</constant>
	<constant name="MultiWidgetRight">222</constant>
	<constant name="VideoInfoSlidePos">1242</constant>
	<constant name="PlayerInfoItemGap">0</constant>
	<constant name="PlayerInfoTextboxWidth">775</constant>
	<include name="HomeFadePosVerticalTaille">
		 <width>70</width>
		 <height>104</height>
	</include>
	<include name="HomeFadePosHorizontalTaille">
		  <width>100</width>
          <height>104</height>
	</include>
	<!-- Largeur du menu en position vertical -->
	<include name="HomePosVerticalTaille">
		 <width>100%</width>
		 <height>225</height>
	</include>
	<include name="HomePosHorizontalTaille">
		 <width>102%</width>
		 <height>225</height>
	</include>
	
	<include name="HomePosHorizontal">
		<left>-290</left>
		<top>62</top>
		<right>-590</right>
		<height>100</height>
		<onleft>9000</onleft>
		<onright>9000</onright>
		<onup>802</onup>
		<ondown>9001</ondown>
		<movement>1</movement>
		<orientation>Horizontal</orientation>
	</include>
	<include name="HomePosVertical">
		<left>-25</left>
		<top>-140</top>
		<right>-590</right>
		<height>1200</height>
		<onleft>802</onleft>
		<onright>9001</onright>
		<ondown>9000</ondown>
		<onup>9000</onup>
		<movement>0</movement>
		<orientation>Vertical</orientation>
	</include>
	
	<include name="SubMenuHorizontal">
		<control type="image">
                    <left>0</left>
					<height>87</height>
                    <texture colordiffuse="$VAR[ThemeHomeSystemBarsColor]">submenu_bar.png</texture>
							<visible>[String.IsEmpty(Skin.String(ThemeHomeMenuBarColor)) | String.IsEqual(Skin.String(ThemeHomeMenuBarColor),None)] + [String.IsEmpty(Skin.String(ThemeHomeSystemBarsColor)) | String.IsEqual(Skin.String(ThemeHomeSystemBarsColor),None)] + String.IsEmpty(Skin.String(PathSkinOptions))</visible>
                </control>
				<control type="image">
                    <left>0</left>
					<height>87</height>
                    <texture>$INFO[Skin.String(PathSkinOptions)]submenu_bar.png</texture>
							<visible>[String.IsEmpty(Skin.String(ThemeHomeMenuBarColor)) | String.IsEqual(Skin.String(ThemeHomeMenuBarColor),None)] + [String.IsEmpty(Skin.String(ThemeHomeSystemBarsColor)) | String.IsEqual(Skin.String(ThemeHomeSystemBarsColor),None)] + !String.IsEmpty(Skin.String(PathSkinOptions))</visible>
                </control>
				<control type="image">
                    <left>0</left>
					<height>87</height>
                    <texture colordiffuse="$VAR[ThemeHomeSystemBarsColor]">$INFO[Skin.String(PathSkinOptions)]submenu_bar_white.png</texture>
							<visible>[!String.IsEmpty(Skin.String(ThemeHomeMenuBarColor)) + !String.IsEqual(Skin.String(ThemeHomeMenuBarColor),None)] | [!String.IsEmpty(Skin.String(ThemeHomeSystemBarsColor)) + !String.IsEqual(Skin.String(ThemeHomeSystemBarsColor),None)]</visible>
                </control>
	</include>
	<include name="SubMenuVertical">
		
		<control type="image">
					<top>-245</top>
                    <left>0</left>
					<height>87</height>
                    <texture colordiffuse="$VAR[ThemeHomeSystemBarsColor]">submenu_bar.png</texture>
							<visible>[String.IsEmpty(Skin.String(ThemeHomeMenuBarColor)) | String.IsEqual(Skin.String(ThemeHomeMenuBarColor),None)] + [String.IsEmpty(Skin.String(ThemeHomeSystemBarsColor)) | String.IsEqual(Skin.String(ThemeHomeSystemBarsColor),None)] + String.IsEmpty(Skin.String(PathSkinOptions))</visible>
                </control>
				<control type="image">
					<top>-245</top>
                    <left>0</left>
					<height>87</height>
                    <texture>$INFO[Skin.String(PathSkinOptions)]submenu_bar.png</texture>
							<visible>[String.IsEmpty(Skin.String(ThemeHomeMenuBarColor)) | String.IsEqual(Skin.String(ThemeHomeMenuBarColor),None)] + [String.IsEmpty(Skin.String(ThemeHomeSystemBarsColor)) | String.IsEqual(Skin.String(ThemeHomeSystemBarsColor),None)] + !String.IsEmpty(Skin.String(PathSkinOptions))</visible>
                </control>
				<control type="image">
					<top>-245</top>
                    <left>0</left>
					<height>87</height>
                    <texture colordiffuse="$VAR[ThemeHomeSystemBarsColor]">$INFO[Skin.String(PathSkinOptions)]submenu_bar_white.png</texture>
							<visible>[!String.IsEmpty(Skin.String(ThemeHomeMenuBarColor)) + !String.IsEqual(Skin.String(ThemeHomeMenuBarColor),None)] | [!String.IsEmpty(Skin.String(ThemeHomeSystemBarsColor)) + !String.IsEqual(Skin.String(ThemeHomeSystemBarsColor),None)]</visible>
                </control>
	</include>
	<include name="FocusPosition4">
		<focusposition>4</focusposition>
	</include>
	<include name="FocusPosition2">
		<focusposition>2</focusposition>
	</include>
	<include name="HomeSubMenuPos">
		<focusposition>2</focusposition>
		<movement>2</movement>
	</include>
</includes>