<?xml version="1.0" encoding="UTF-8"?>
<window>
    <defaultcontrol always="true">9000</defaultcontrol>
    <onunload>RunScript(script.skinshortcuts,type=buildxml&amp;mainmenuID=9000&amp;group=x1|x2|x3|x4|x5|x6|x7|x8|x9|x10|x11|x12|x13|x101|x202|x303|x404|x505|x606)</onunload>
    <controls>
        <include content="CommonBackground">
            <param name="windowOpen" value="!Window.Previous(SettingsCategory.xml)" />
            <param name="windowClose" value="!Window.Next(SettingsCategory.xml)" />
        </include>
        <include>Topbar</include>
        <control type="group">
            <top>128</top>
            <left>SettingsLeft</left>
            <include content="WindowOpenCloseAnimation">
                <param name="windowOpen" value="!Window.Previous(SettingsCategory.xml)" />
                <param name="windowClose" value="!Window.Next(SettingsCategory.xml)" />
            </include>
            <include>SystemLeftPanel</include>
            <control type="panel" id="9000">
                <left>82</left>
                <top>32</top>
                <width>356</width>
                <height>840</height>
                <onleft>9010</onleft>
                <onright>9010</onright>
                <onup>9000</onup>
                <ondown>9000</ondown>
                <pagecontrol />
                <scrolltime tween="quadratic" easing="out">200</scrolltime>
                <visible>!Window.IsActive(1121) + !Window.IsActive(1118) + !Window.IsActive(1139)</visible>
                <include>SettingsFadeAnimation</include>
                <itemlayout height="80" width="356">
                    <control type="image">
                        <top>30</top>
                        <width>356</width>
                        <height>50</height>
                        <texture border="1">separator2.png</texture>
                    </control>
                    <control type="label">
                        <width>356</width>
                        <height>80</height>
                        <font>font15</font>
                        <textoffsetx>20</textoffsetx>
                        <textcolor>grey2</textcolor>
                        <align>right</align>
                        <label>$INFO[ListItem.Label]</label>
                    </control>
                </itemlayout>
                <focusedlayout height="80" width="356">
                    <control type="image">
                        <top>30</top>
                        <width>356</width>
                        <height>50</height>
                        <texture border="1">separator2.png</texture>
                    </control>
                    <control type="image">
                        <width>356</width>
                        <height>80</height>
                        <texture colordiffuse="$VAR[HighlightBarColor]" border="4">listselect_fo.png</texture>
                        <visible>Control.HasFocus(9000)</visible>
                        <include>VisibleFadeAnimation</include>
                    </control>
                    <control type="label">
                        <width>356</width>
                        <height>80</height>
                        <font>font15</font>
                        <textoffsetx>20</textoffsetx>
                        <textcolor>white</textcolor>
                        <selectedcolor>$VAR[ThemeLabelColor]</selectedcolor>
                        <align>right</align>
                        <label>$INFO[ListItem.Label]</label>
                        <animation effect="fade" start="100" end="70" time="300" tween="sine" easing="inout" condition="!Control.HasFocus(9000)">Conditional</animation>
                    </control>
                </focusedlayout>
                <content>
                    <item id="1">
                        <label>513</label>
                        <onclick>noop</onclick>
                    </item>
                    <item id="2">
                        <label>16000</label>
                        <onclick>noop</onclick>
                    </item>
                    <item id="6">
                        <label>31014</label>
                        <onclick>noop</onclick>  
                    </item>
                    <item id="4">
                        <label>10038</label>
                        <onclick>noop</onclick>
                    </item>
					<item id="5">
						<label>31700</label>
						<onclick>ActivateWindow(1139)</onclick>
						<icon>-</icon>
					</item>
					<item id="9">
						<label>Info</label>
						<onclick>noop</onclick>
					</item>
								
                </content>
            </control>
            <control type="image">
                <description>LOGO</description>
                <left>82</left>
                <top>752</top>
                <width>356</width>
                <height>120</height>
                <aspectratio>keep</aspectratio>
                <texture>aeon-miro-nox.png</texture>
            </control>
            <include>SystemRightPanel</include>
            <control type="image">
                <description>separator image</description>
                <left>522</left>
                <top>692</top>
                <width>1316</width>
                <height>60</height>
                <texture border="1">separator2.png</texture>
            </control>
            <control type="textbox">
                <description>description area</description>
                <left>552</left>
                <top>754</top>
                <width>1256</width>
                <height>300</height>
                <font>font15_textbox</font>
                <textcolor>$VAR[ThemeLabelColor]</textcolor>
                <label>$VAR[SkinSettingsDescriptionVar]</label>
                <autoscroll time="3000" delay="4000" repeat="5000">true</autoscroll>
                <animation effect="fade" start="0" end="100" time="300" tween="sine" easing="inout">Visible</animation>
                <animation effect="fade" start="100" end="0" time="0" tween="sine" easing="inout">Hidden</animation>
                <visible>!Window.IsActive(1121) + !Window.IsActive(1118) + !Window.IsActive(1139)</visible>
            </control>
            <control type="group" id="9010">
                <visible>!Window.IsActive(1121) + !Window.IsActive(1118) + !Window.IsActive(1139)</visible>
                <include>SettingsFadeAnimation</include>
                <control type="grouplist" id="9001">
                    <description>control area</description>
                    <left>522</left>
                    <top>32</top>
                    <width>1316</width>
                    <height>720</height>
                    <pagecontrol>60</pagecontrol>
                    <onleft>9000</onleft>
                    <onright>60</onright>
                    <onup>9001</onup>
                    <ondown>9001</ondown>
                    <visible>Container(9000).HasFocus(1)</visible>
                    <control type="button" id="100">
                        <include>SettingsButtonCommonValues</include>
                        <label>31911</label>
                        <onclick>ActivateWindow(1121)</onclick>
                        <texturenofocus border="1">separator5.png</texturenofocus>
                    </control>
                 	<!-- ROURA97311 futur MENU -->
					<control type="button" id="119">
                        <include>SettingsButtonCommonValues</include>
                        <label>Position du menu principal</label>
						<label2>[COLOR $VAR[ThemeLabelColor]]$VAR[HomeMenuPositionVar2][/COLOR]</label2>
						<onclick>$VAR[HomeMenuPosition2]</onclick>
                        <texturenofocus border="1">separator5.png</texturenofocus>
                    </control>
                    <control type="radiobutton" id="106">
                        <include>SettingsButtonCommonValues</include>
                        <label>31082</label>
                        <onclick>Skin.ToggleSetting(Detach.RSS)</onclick>
                        <selected>!Skin.HasSetting(Detach.RSS)</selected>
                        <texturenofocus border="1">separator5.png</texturenofocus>
                        <enable>system.getbool(lookandfeel.enablerssfeeds)</enable>
                    </control>
                    <!-- MikeBZH44 : Add setting for hidding main menu -->
                    <control type="radiobutton" id="107">
                        <include>SettingsButtonCommonValues</include>
                        <label>31969</label>
                        <onclick>Skin.ToggleSetting(HideMainMenu)</onclick>
                        <selected>Skin.HasSetting(HideMainMenu)</selected>
                        <texturenofocus border="1">separator5.png</texturenofocus>
                    </control>
                    <control type="radiobutton" id="102">
                        <include>SettingsButtonCommonValues</include>
                        <label>20083</label>
                        <onclick>Skin.ToggleSetting(Disable.Musicinfo)</onclick>
                        <selected>!Skin.HasSetting(Disable.Musicinfo)</selected>
                        <texturenofocus border="1">separator5.png</texturenofocus>
                    </control>
                    <control type="radiobutton" id="103">
                        <include>SettingsButtonCommonValues</include>
                        <label>20176</label>
                        <onclick>Skin.ToggleSetting(Disable.Videoinfo)</onclick>
                        <selected>!Skin.HasSetting(Disable.Videoinfo)</selected>
                        <texturenofocus border="1">separator5.png</texturenofocus>
                    </control>
                    <control type="button" id="104">
                        <include>SettingsButtonCommonValues</include>
                        <label>31928</label>
                        <label2>[COLOR $VAR[ThemeLabelColor]]$VAR[MainMenuLayoutVar][/COLOR]</label2>
                        <onclick condition="!Skin.HasSetting(biggergap) + !Skin.HasSetting(mainmenuicons)">Skin.SetBool(biggergap)</onclick>
                        <onclick condition="Skin.HasSetting(biggergap)">Skin.Reset(biggergap)</onclick>
						<onclick>ReloadSkin()</onclick>
                        <texturenofocus border="1">separator5.png</texturenofocus>
                    </control>
                    <control type="radiobutton" id="105">
                       <include>SettingsButtonCommonValues</include>
                        <label>$LOCALIZE[31160]</label>
                        <onclick>Skin.ToggleSetting(Disable.FanartTitle)</onclick>
                        <selected>!Skin.HasSetting(Disable.FanartTitle)</selected>
                        <texturenofocus border="1">separator5.png</texturenofocus>
                    </control>
					<control type="radiobutton" id="108">
							<include>SettingsButtonCommonValues</include>
							<label>Sous menu toujours visible</label>
							<onclick>Skin.ToggleSetting(Enable.VisibleSubmenu)</onclick>
							<selected>Skin.HasSetting(Enable.VisibleSubmenu)</selected>
							<visible>!String.IsEqual(Skin.String(Position.Pos),Vertical) + !system.getbool(lookandfeel.enablerssfeeds)</visible>
						</control>
                </control>
                <control type="grouplist" id="9002">
                    <description>control area</description>
                    <left>522</left>
                    <top>32</top>
                    <width>1316</width>
                    <height>720</height>
                    <pagecontrol>60</pagecontrol>
                    <onleft>9000</onleft>
                    <onright>60</onright>
                    <onup>9002</onup>
                    <ondown>9002</ondown>
                    <visible>Container(9000).HasFocus(2)</visible>
                    <control type="radiobutton" id="200">
                        <include>SettingsButtonCommonValues</include>
                        <label>20189</label>
                        <onclick>Skin.ToggleSetting(Enable.AutoScroll)</onclick>
                        <selected>Skin.HasSetting(Enable.AutoScroll)</selected>
                        <texturenofocus border="1">separator5.png</texturenofocus>
                    </control>
                    <control type="radiobutton" id="203">
                        <include>SettingsButtonCommonValues</include>
                        <label>$LOCALIZE[31170]</label>
                        <onclick>Skin.ToggleSetting(Disable.Netflix.Pause)</onclick>
                        <selected>!Skin.HasSetting(Disable.Netflix.Pause)</selected>
                        <texturenofocus border="1">separator5.png</texturenofocus>
                    </control>
                    <control type="button" id="204">
                        <include>SettingsButtonCommonValues</include>
                        <label>31931</label>
                        <label2>[COLOR $VAR[ThemeLabelColor]]$VAR[VideoPlotLocalizeVar][/COLOR]</label2>
                        <onclick>Skin.ToggleSetting(VideoInfoPlotToggle)</onclick>
                        <texturenofocus border="1">separator5.png</texturenofocus>
                    </control>
                    <control type="radiobutton" id="201">
                        <include>SettingsButtonCommonValues</include>
                        <label>31124</label>
                        <onclick>Skin.ToggleSetting(Disable.ShowBackgroundVideo)</onclick>
                        <selected>!Skin.HasSetting(Disable.ShowBackgroundVideo)</selected>
                        <texturenofocus border="1">separator5.png</texturenofocus>
                    </control>
                    <control type="radiobutton" id="202">
                        <include>SettingsButtonCommonValues</include>
                        <label>31125</label>
                        <onclick>Skin.ToggleSetting(Disable.ShowBackgroundVis)</onclick>
                        <selected>!Skin.HasSetting(Disable.ShowBackgroundVis)</selected>
                        <texturenofocus border="1">separator5.png</texturenofocus>
                    </control>
                </control>
                <control type="grouplist" id="9003">
                    <description>control area</description>
                    <left>522</left>
                    <top>32</top>
                    <width>1316</width>
                    <height>720</height>
                    <pagecontrol>60</pagecontrol>
                    <onleft>9000</onleft>
                    <onright>60</onright>
                    <onup>9003</onup>
                    <ondown>9003</ondown>
                    <visible>Container(9000).HasFocus(6)</visible>
                    <control type="button" id="301">
                        <include>SettingsButtonCommonValues</include>
                        <label>$LOCALIZE[31150]</label>
                        <label2>[COLOR $VAR[ThemeLabelColor]]$INFO[Skin.String(StudioLogos.name)][/COLOR]</label2>
                        <onclick condition="System.HasAddon(script.image.resource.select)">RunScript(script.image.resource.select,property=StudioLogos&amp;type=resource.images.studios)</onclick>
                        <onclick condition="!System.HasAddon(script.image.resource.select)">InstallAddon(script.image.resource.select)</onclick>
                        <texturenofocus border="1">separator5.png</texturenofocus>
                    </control>
                    <control type="radiobutton" id="302">
                        <include>SettingsButtonCommonValues</include>
                        <label>31083</label>
                        <onclick>Skin.ToggleSetting(Disable.NextAired)</onclick>
                        <selected>!Skin.HasSetting(Disable.NextAired)</selected>
                        <texturenofocus border="1">separator5.png</texturenofocus>
                        <visible>System.HasAddon(script.tv.show.next.aired)</visible>
                    </control>
                    <control type="radiobutton" id="303">
                        <include>SettingsButtonCommonValues</include>
                        <label>31083</label>
                        <onclick>InstallAddon(script.tv.show.next.aired)</onclick>
                        <selected>false</selected>
                        <texturenofocus border="1">separator5.png</texturenofocus>
                        <visible>!System.HasAddon(script.tv.show.next.aired)</visible>
                    </control>
                    <control type="radiobutton" id="304">
                        <include>SettingsButtonCommonValues</include>
                        <label>$LOCALIZE[31121]</label>
                        <onclick condition="System.HasAddon(plugin.program.autocompletion)">Skin.ToggleSetting(Disable.Autocomplete)</onclick>
                        <onclick condition="!System.HasAddon(plugin.program.autocompletion)">InstallAddon(plugin.program.autocompletion)</onclick>
                        <selected>Skin.HasSetting(Disable.Autocomplete) | !System.HasAddon(plugin.program.autocompletion)</selected>
                        <texturenofocus border="1">separator5.png</texturenofocus>
                        <visible>System.HasAddon(plugin.program.autocompletion)</visible>
                    </control>
                    <control type="button" id="307">
                        <include>SettingsButtonCommonValues</include>
                        <label>31017</label>
                        <label2>[COLOR $VAR[ThemeLabelColor]]$INFO[Skin.String(MusicGenreFanartPath)][/COLOR]</label2>
                        <onclick>Skin.SetPath(MusicGenreFanartPath)</onclick>
                        <texturenofocus border="1">separator5.png</texturenofocus>
                    </control>
                    <control type="button" id="308">
                        <include>SettingsButtonCommonValues</include>
                        <label>- Réinitialiser le chemin</label>
                        <onclick>Skin.Reset(MusicGenreFanartPath)</onclick>
                        <texturenofocus border="1">separator5.png</texturenofocus>
                        <visible>!String.IsEmpty(Skin.String(MusicGenreFanartPath))</visible>
                    </control>
                    <!-- ROURA97311 : Add settings for Music Artist Discart artworks -->
                    <control type="button" id="309">
                        <include>SettingsButtonCommonValues</include>
                        <label>31964</label>
                        <label2>[COLOR $VAR[ThemeLabelColor]]$INFO[Skin.String(ArtistsDiscartPath)][/COLOR]</label2>
                        <onclick>Skin.Reset(ArtistsDiscartPath)</onclick>
                        <onclick>Skin.SetPath(ArtistsDiscartPath)</onclick>
                    </control>
					<control type="button" id="310">
                        <include>SettingsButtonCommonValues</include>
                        <label>- Réinitialiser le chemin</label>
                        <onclick>Skin.Reset(ArtistsDiscartPath)</onclick>
                        <texturenofocus border="1">separator5.png</texturenofocus>
                        <visible>!String.IsEmpty(Skin.String(ArtistsDiscartPath))</visible>
                    </control>
					<control type="button" id="313">
                        <include>SettingsButtonCommonValues</include>
                        <label>31965</label>
                        <label2>[COLOR $VAR[ThemeLabelColor]]$VAR[LibraryStructureVar][/COLOR]</label2>
                        <onclick condition="String.IsEqual(Skin.String(LibraryStructure),1) | String.IsEmpty(Skin.String(LibraryStructure))">Skin.SetString(LibraryStructure,2)</onclick>
                        <onclick condition="String.IsEqual(Skin.String(LibraryStructure),4)">Skin.SetString(LibraryStructure,1)</onclick>
                        <onclick condition="String.IsEqual(Skin.String(LibraryStructure),3)">Skin.SetString(LibraryStructure,4)</onclick>
                        <onclick condition="String.IsEqual(Skin.String(LibraryStructure),2)">Skin.SetString(LibraryStructure,3)</onclick>
                        <onclick condition="String.IsEqual(Skin.String(LibraryStructure),1)">Skin.SetString(LibraryStructure,2)</onclick>
                    </control>
                    <!-- MikeBZH44 : End -->
                </control>
                <control type="grouplist" id="9004">
                    <description>control area</description>
                    <left>522</left>
                    <top>32</top>
                    <width>1316</width>
                    <height>720</height>
                    <pagecontrol>60</pagecontrol>
                    <onleft>9000</onleft>
                    <onright>60</onright>
                    <onup>9004</onup>
                    <ondown>9004</ondown>
                    <visible>Container(9000).HasFocus(4)</visible>
                    <control type="button" id="401">
                        <include>SettingsButtonCommonValues</include>
                        <label>31939</label>
                        <label2>[COLOR $VAR[ThemeLabelColor]]$VAR[InfoPanelDelayLocalizeVar][/COLOR]</label2>
                        <onclick>$VAR[InfoPanelDelayOnClickVar]</onclick>
                        <texturenofocus border="1">separator5.png</texturenofocus>
                    </control>
                    <control type="radiobutton" id="402">
                        <include>SettingsButtonCommonValues</include>
                        <label>31941</label>
                        <onclick>Skin.ToggleSetting(KioskMode.Enabled)</onclick>
                        <selected>Skin.HasSetting(KioskMode.Enabled)</selected>
                        <texturenofocus border="1">separator5.png</texturenofocus>
                    </control>
                    <control type="button" id="403">
                        <include>SettingsButtonCommonValues</include>
                        <label>31915</label>
                        <label2>[COLOR $VAR[ThemeLabelColor]]$VAR[HorizontalListNavVar][/COLOR]</label2>
                        <onclick>Skin.ToggleSetting(HorizontalListNav)</onclick>
                        <texturenofocus border="1">separator5.png</texturenofocus>
                    </control>
                    <control type="button" id="404">
                        <include>SettingsButtonCommonValues</include>
                        <label>31943</label>
                        <onclick>ActivateWindow(1127)</onclick>
                        <texturenofocus border="1">separator5.png</texturenofocus>
                    </control>
                    <control type="button" id="405">
                        <include>SettingsButtonCommonValues</include>
                        <label>31094</label>
                        <label2>[COLOR $VAR[ThemeLabelColor]]$VAR[SlimListSettingVar][/COLOR]</label2>
                        <onclick>Skin.ToggleSetting(Enable.SlimList)</onclick>
                        <texturenofocus border="1">separator5.png</texturenofocus>
                    </control>
                    <control type="radiobutton" id="406">
                        <include>SettingsButtonCommonValues</include>
                        <label>31961</label>
                        <onclick>Skin.ToggleSetting(Enable.HideRatings)</onclick>
                        <selected>Skin.HasSetting(Enable.HideRatings)</selected>
                        <texturenofocus border="1">separator5.png</texturenofocus>
                    </control>
                    <control type="radiobutton" id="407">
                        <include>SettingsButtonCommonValues</include>
                        <label>31970</label>
                        <onclick>Skin.ToggleSetting(Enable.HideWidgets)</onclick>
                        <selected>Skin.HasSetting(Enable.HideWidgets)</selected>
                        <texturenofocus border="1">separator5.png</texturenofocus>
                    </control>
                </control>
				<!-- ROURA97311 New Menu -->
				<control type="grouplist" id="9005">
					<!-- <visible>!Window.IsActive(1118)</visible> -->
					<description>control area</description>
					<left>522</left>
					<top>32</top>
					<width>1316</width>
					<height>720</height>
					<itemgap>0</itemgap>
					<pagecontrol>60</pagecontrol>
					<onleft>9000</onleft>
					<onright>60</onright>
					<onup>9005</onup>
					<ondown>9005</ondown>
					<visible>Container(9000).HasFocus(5)</visible>
					<control type="button" id="509">
						<include>SettingsButtonCommonValues</include>
						<label>Cliquez pour accéder aux paramètres</label>
						<onclick>ActivateWindow(1139)</onclick>
						<texturenofocus border="1">separator5.png</texturenofocus>
					</control>
				</control>
				<!-- ROURA97311 New Menu -->
				<control type="grouplist" id="9009">
					<description>control area</description>
					<left>522</left>
					<top>32</top>
					<width>1316</width>
					<height>720</height>
					<itemgap>0</itemgap>
					<pagecontrol>60</pagecontrol>
					<onleft>9000</onleft>
					<onright>60</onright>
					<onup>9009</onup>
					<ondown>9009</ondown>
					<visible>Container(9000).HasFocus(9)</visible>
					<control type="button" id="612">
						<include>SettingsButtonCommonValues</include>
						<label>Skin Debug</label>
						<onclick>Skin.ToggleDebug</onclick>
					</control>
					<control type="button" id="613">
						<include>SettingsButtonCommonValues</include>
						<label>$LOCALIZE[31337]</label>
						<onclick>ActivateWindow(1118)</onclick>
						<texturenofocus border="1">separator5.png</texturenofocus>
					</control>
					<control type="label" id="614">
						<width>1316</width>
						<height>20</height>
						<textoffsetx>30</textoffsetx>
						<align>center</align>
						<label>MOD by ROURA97311 V 8.0.34</label>
					</control>
					<control type="image" id="615">
						<height>165</height>
						<textoffsetx>00</textoffsetx>
						<aspectratio>keep</aspectratio>
						<texture>aeon-miro-nox.png</texture>
					</control>
					<control type="label" id="616">
						<width>1316</width>
						<height>350</height>
						<textoffsetx>00</textoffsetx>
						<align>left</align>
						<aligny>top</aligny>
						<label>[I][COLOR FFFF9800]Version 8.0.33[/COLOR][/I][CR]Modification des icones HDR.</label>
					</control>
				</control>
			</control>
        </control>
    </controls>
</window>