﻿<?xml version="1.0" encoding="UTF-8"?>
<addon id="skin.aeon.miro.nox.matrix" version="8.0.34" name="Aeon Miro Nox matrix" provider-name="Roura97311">
	<requires>
		<import addon="xbmc.gui" version="5.15.0" />
		<import addon="script.skin.helper.colorpicker" version="2.0.1" />
		<import addon="script.skinshortcuts" version="1.0.10" />
		<import addon="service.library.data.provider" version="0.0.7" />
		<import addon="resource.images.studios.white" version="0.0.1" />
		<import addon="resource.images.recordlabels.white" version="0.0.1" />
		<import addon="script.grab.fanart" version="0.15.9" />
		<import addon="script.globalsearch" version="9.0.7" />
	</requires>
	<extension point="xbmc.gui.skin" debugging="false">
		<res width="1920" height="1080" aspect="16:9" default="true" folder="16x9" />
	</extension>
	<extension point="xbmc.addon.metadata">
		<summary lang="de">Aeon Miro Nox 8.0.34</summary>
		<summary lang="el">Aeon Miro Nox 8.0.34</summary>
		<summary lang="en_GB">Aeon Miro Nox 8.0.34</summary>
		<summary lang="en_AU">Aeon Miro Nox 8.0.34</summary>
		<summary lang="en_NZ">Aeon Miro Nox 8.0.34</summary>
		<summary lang="en_US">Aeon Miro Nox 8.0.34</summary>
		<summary lang="es">Aeon Miro Nox 8.0.34</summary>
		<summary lang="fi">Aeon Miro Nox 8.0.34</summary>
		<summary lang="fr">Aeon Miro Nox 8.0.34</summary>
		<summary lang="fr_CA">Aeon Miro Nox 8.0.34 </summary>
		<summary lang="gl">Aeon Miro Nox 8.0.34</summary>
		<summary lang="he">Aeon Miro Nox 8.0.34</summary>
		<summary lang="hu">Aeon Miro Nox 8.0.34</summary>
		<summary lang="is">Aeon Miro Nox 8.0.34</summary>
		<summary lang="it">Aeon Miro Nox 8.0.34</summary>
		<summary lang="ko">Aeon Miro Nox 8.0.34</summary>
		<summary lang="lt">Aeon Miro Nox 8.0.34</summary>
		<summary lang="ms">Aeon Miro Nox 8.0.34</summary>
		<summary lang="nl">Aeon Miro Nox 8.0.34</summary>
		<summary lang="no">Aeon Miro Nox 8.0.34</summary>
		<summary lang="pl">Aeon Miro Nox 8.0.34</summary>
		<summary lang="pt">Aeon Miro Nox 8.0.34</summary>
		<summary lang="pt_BR">Aeon Miro Nox 8.0.34</summary>
		<summary lang="ro">Aeon Miro Nox 8.0.34: Reproiectat</summary>
		<summary lang="ru">Aeon Miro Nox 8.0.34</summary>
		<summary lang="sk">Aeon Miro Nox 8.0.34</summary>
		<summary lang="sv">Aeon Miro Nox 8.0.34</summary>
		<summary lang="th">Aeon Miro Nox 8.0.34</summary>
		<summary lang="vi">Aeon Miro Nox 8.0.34 - Sự trở về</summary>
		<summary lang="zh">Aeon Miro Nox 8.0.34</summary>
		<description lang="de">Redux: Komplett neu designed für ein modernes Aussehen und das klassische Aeon-Feeling beizubehalten.</description>
		<description lang="el">Redux: Πλήρως επανασχεδιασμένο για να προσφέρει μια μοντέρνα αισθητική, διατηρώντας ταυτόχρονα την κλασική ομορφιά του Aeon.</description>
		<description lang="en_GB">Redux: Completely redesigned to create a modern look, while retaining the classic Aeon feel.</description>
		<description lang="en_AU">Redux: Completely redesigned to create a modern look, while retaining the classic Aeon feel.</description>
		<description lang="en_NZ">Redux: Completely redesigned to create a modern look, while retaining the classic Aeon feel.</description>
		<description lang="en_US">Redux: Completely redesigned to create a modern look, while retaining the classic Aeon feel.</description>
		<description lang="es">Redux: Completamente rediseñado para crear un aspecto moderno, pero conservando el toque clásico Aeon.</description>
		<description lang="fi">Redux: Täysin uudelleensuunniteltu moderni ulkoasu, kuitenkin tuntuen klassiselta Aeon:lta.</description>
		<description lang="fr">[I][COLOR FFFF9800]Version 8.0.34[/COLOR][/I][CR]Modification des icones HDR.</description>
		<description lang="fr_CA">[I][COLOR FFFF9800]Version 8.0.34[/COLOR][/I][CR]Modification des icones HDR.</description>
		<description lang="he">Redux: עיצוב חדש היוצר מראה מודרני אך משמר את ההרגשה של Aeon הקלאסי.</description>
		<description lang="hr">Redux: Potpuno preoblikovan moderan izgled, uz zadržani klasični Aeon osjećaj.</description>
		<description lang="hu">Redux: Teljesen áttervezett modern kinézet, de megtartva a klasszikus Aeon érzetet.</description>
		<description lang="is">Redux: Endurhannað nútímalegt útlit í anda Aeon.</description>
		<description lang="it">Redux: Completamente ridisegnato per creare un look moderno, mantenendo la consueta qualità Aeon.</description>
		<description lang="ko">Redux: 고전적인 Aeon 느낌을 유지하면서 현대적인 모습으로 완전히 다시 디자인하여 만들었습니다.</description>
		<description lang="lt">Redux: pilnai atnaujinta, kad sukurtų modernią išvaizdą, išlaikant klasikinio Aeon pojūtį.</description>
		<description lang="ms">Redux: Direka semula sepenuhnya untuk hasilkan penampilan modern, tetapi masih mengekalkan penampilan Aeon klasik.</description>
		<description lang="nl">Redux: Volledig opnieuw ontworpen om een ​​moderne look te creëren, met behoud van het klassieke Aeon gevoel.</description>
		<description lang="no">Redux: Helt redesignet for å gi deg en moderne utforming, samtidig som man beholder den klassiske Aeon følelsen.</description>
		<description lang="pl">Redux: Całkowicie przeprojektowana skóra Aeon, o nowoczesnym wyglądzie, zachowując klasyczny układ skóry Aeon.</description>
		<description lang="pt">Redux: Completamente redesenhado para criar um visual moderno enquanto retém o toque clássico Aeon.</description>
		<description lang="pt_BR">Redux: Design completamente novo para criar um look moderno, mantendo o feeling do Aeon Clássico.</description>
		<description lang="ru">Redux: полностью переделенная, модернизированная классическая обложка Aeon.</description>
		<description lang="sk">Redux: Kompletne prepracovaný dizajn s moderným vzhľadom pri zachovaní klasického štýlu Aeon.</description>
		<description lang="sv">Redux: Totalt omarbetad för att skapa ett modernt utseende, samtidigt som man behåller den klassiska Aeon-känslan.</description>
		<description lang="th">Redux: การออกแบบใหม่หมดจด เพื่อสร้างรูปลักษณ์ทันสมัย, ​​ขณะที่ยังคงความรู้สึกคลาสสิคของ Aeon.</description>
		<description lang="vi">Redux: Thiết kế lại hoàn toàn để tạo nên một phong cách hiện đại, trong khi đó vẫn duy trì một cảm giác Aeon cổ điển.</description>
		<platform>all</platform>
		<news>
Version 8.0.34
Modification des icones HDR.
			
Version 8.0.33
Correction du fichier Dialogselect.xml.

Version 8.0.32
Ajout des icones studio en vue liste.</news>
		<license>CC BY-NC-SA 4.0</license>
		<assets>
			<icon>icon.png</icon>
			<fanart>fanart.jpg</fanart>
			<screenshot>resources/screenshot000.jpg</screenshot>
			<screenshot>resources/screenshot001.jpg</screenshot>
			<screenshot>resources/screenshot002.jpg</screenshot>
			<screenshot>resources/screenshot003.jpg</screenshot>
			<screenshot>resources/screenshot004.jpg</screenshot>
		</assets>
	</extension>
</addon>
