<?xml version="1.0" encoding="utf-8"?>
<window id="1169" type="dialog">
  <!-- 14/03/2018 j'ai mis 19998 pour donner le focus à la liste des acteurs -->
	<defaultcontrol always="true">19998</defaultcontrol>
	
	<coordinates>
		<left>0</left>
		<top>-500</top>
		<system>1</system>
	</coordinates>
	<!-- 14/03/2018 j'ai mis 19998 pour donner le focus à la liste des acteurs -->
	<onload>SetFocus(19998)</onload>
	
	
	<include>Animation_DialogPopup</include>
	<controls>
		<!-- <control type="label" id="4420">
			<label>$VAR[1112StyleVar]</label>
			<include>HiddenObject</include>
		</control> -->
		<control type="label" id="4421">
			<label>$VAR[InfoPanelVar]</label>
			<include>HiddenObject</include>
			<visible>Container.Content(movies) | Container.Content(tvshows) | Container.Content(seasons) | Container.Content(episodes) | Container.Content(musicvideos) | [Container.Content(sets) + skin.hassetting(backendmode)]</visible>
		</control>
		
		
		

		
		<control type="group">
			<top>30</top>
			<left>85</left>
			<control type="image">
				<left>200</left>
				<top>780</top>
				<width>1350</width>
				<height>465</height>
				<texture border="50">osd/osd_settings_back_glow.png</texture>
				<colordiffuse>$VAR[ColorDiffuseVar]</colordiffuse>
				<visible>!Skin.HasSetting(DisableGlowbar)</visible>
				
			</control>
			<control type="image">
				<left>200</left>
				<top>780</top>
				<width>1350</width>
				<height>465</height>
				<texture border="1" colordiffuse="$VAR[TextureColor]" fallback="osd/osd_settings_back.png">$INFO[Skin.String(PathSkinOptions)]osd_settings_back.png</texture>
				<colordiffuse>$VAR[DialogColorVar]</colordiffuse>
			</control>
			<control type="image">
				<left>320</left>
				<top>810</top>
				<width>880</width>
				<height>30</height>
				<texture border="1">osd/osd_settings_buttonnf.png</texture>
			</control>
			
			<control type="label">
				<top>580</top>
				<left>465</left>
				<width>820</width>
				<textcolor>white</textcolor>
				<label>Liste des acteurs aux casting</label>
				<!-- <include>ButtonCommonValues</include> -->
				<align>center</align>
			</control>
			<!-- <control type="label">
				<left>600</left>
				<top>810</top>
				<width>720</width>
				<textcolor>white</textcolor>
				<label>31245</label>
				<include>ButtonCommonValues</include>
				<align>center</align>
			</control> -->
			
			<control type="label">
			<top>1200</top>
			<left>450</left>
			<width>820</width>
			<align>center</align>
		<label>nb acteurs: $INFO[Container(19998).NumItems]</label>
		</control>
			
		</control>
		<control type="group" id="666">
		  <top>870</top>
		  <left>320</left>
		<include>ActeursEnLecture</include> <!--- manquait ca ! --->
		</control>	
	</controls>
</window>