<?xml version="1.0" encoding="UTF-8"?>
<window id="1138" type="dialog">
	<defaultcontrol always="true">90199</defaultcontrol>
	<onunload>ClearProperty(actualViewtype,home)</onunload>
	<controls>
		<control type="group">
			<control type="image">
			<left>0</left>
			<top>0</top>
			<width>432</width>
			<height>1080</height>
			<texture border="40" colordiffuse="$VAR[TextureColor]" fallback="mediamenu_back.png">$INFO[Skin.String(PathSkinOptions)]mediamenu_back.png</texture>
			<!-- <visible>String.IsEmpty(Skin.String(PathSkinOptions)</visible> -->
			</control>
			<!-- <include>BackGroundTexture</include> -->
			<control type="button" id="8999">
			<description>Close Window button</description>
			<left>350</left>
			<top>0</top>
			<width>64</width>
			<height>48</height>
			<label></label>
			<font>CloseButton</font>
			<textcolor>grey</textcolor>
			<focusedcolor>$VAR[ThemeLabelColor]</focusedcolor>
			<onclick>Dialog.Close(1138)</onclick>
			<texturefocus>-</texturefocus>
			<texturenofocus>-</texturenofocus>
			<onleft>90199</onleft>
			<onright>90199</onright>
			<onup>90199</onup>
			<ondown>90199</ondown>
			<align>center</align>
			<aligny>center</aligny>
			<visible>system.getbool(input.enablemouse)</visible>
			</control>
		
			<control type="label">
				<top>20</top>
				<width>400</width>
				<height>52</height>
				<textoffsetx>15</textoffsetx>
				<font>font13_title</font>
				<label>$INFO[Container.Viewmode] $LOCALIZE[5]</label>
				<textcolor>$VAR[ThemeLabelColor]</textcolor>
				<aligny>center</aligny>
			</control>
		
			<control type="grouplist" id="90199">
				<left>0</left>
				<top>100</top>
				<width>400</width>
				<height>1080</height>
				<onleft>Dialog.Close(1138)</onleft>
				<onright>Dialog.Close(1138)</onright>
				<onup>90199</onup>
				<ondown>90199</ondown>
				<itemgap>0</itemgap>
				<!-- MikeBZH44 : Add new option for display / hide top bar -->
                <control type="radiobutton" id="6060">
                    <include>ButtonCommonValues</include>
                    <textwidth>255</textwidth>
                    <label>Cacher barre Sup</label>
                    <onclick>Skin.ToggleSetting(HideTopBar)</onclick>
                    <selected>Skin.HasSetting(HideTopBar)</selected>
					<texturenofocus border="1">separator5.png</texturenofocus>
                </control>
                <!-- MikeBZH44 -->
				<!-- MikeBZH44 : Add new option for display / hide floor label VIDEO-->
                <control type="radiobutton" id="6057">
                    <include>ButtonCommonValues</include>
                    <textwidth>255</textwidth>
                    <label>Cacher Titre et Genres</label>
                    <onclick>Skin.ToggleSetting(HideFloorLabel)</onclick>
                    <selected>Skin.HasSetting(HideFloorLabel)</selected>
                    <visible>[String.IsEqual(Window(home).Property(actualViewtype),ShowCase) | String.IsEqual(Window(home).Property(actualViewtype),Landscape)] + ![Container.Content(tvshows) | Container.Content(seasons) | Container.Content(episodes)]</visible>
                </control>
                <!-- MikeBZH44 -->
				<!-- MikeBZH44 : Add new option for display / hide floor label MUSIC-->
                <control type="radiobutton" id="202">
                    <include>ButtonCommonValues</include>
                    <textwidth>255</textwidth>
                    <label>Cacher les infos</label>
                    <onclick>Skin.ToggleSetting(HideFloorLabelMusic)</onclick>
                    <selected>Skin.HasSetting(HideFloorLabelMusic)</selected>
                    <visible>String.IsEqual(Window(home).Property(actualViewtype),ShowCaseSquare) + ![Container.Content(movies) | Container.Content(sets)]</visible>
                </control>
				<!-- MikeBZH44 -->
				<!-- MikeBZH44 : Add new option for display / hide LOGO MUSIC-->
                <control type="radiobutton" id="217">
                    <include>ButtonCommonValues</include>
                    <textwidth>255</textwidth>
                    <label>Cacher le Logo</label>
                    <onclick>Skin.ToggleSetting(HideLogoArtist)</onclick>
                    <selected>Skin.HasSetting(HideLogoArtist)</selected>
                    <visible>[String.IsEqual(Window(home).Property(actualViewtype),ShowCaseSquare) | String.IsEqual(Window(home).Property(actualViewtype),LowList) | String.IsEqual(Window(home).Property(actualViewtype),List)] + ![Container.Content(movies) | Container.Content(sets)]</visible>
                </control>
				<!-- MikeBZH44 -->
				<!-- MikeBZH44 : Add new option for display / hide LOGO VIDEO -->
                <control type="radiobutton" id="6056">
                    <include>ButtonCommonValues</include>
                    <textwidth>255</textwidth>
                    <label>Afficher Logo</label>
                    <onclick>Skin.ToggleSetting(DisplayLogo)</onclick>
                    <selected>Skin.HasSetting(DisplayLogo)</selected>
                    <visible>[String.IsEqual(Window(home).Property(actualViewtype),ShowCase) | String.IsEqual(Window(home).Property(actualViewtype),Landscape) | SetProperty(actualViewtype,ShowCaseSquare,home) | String.IsEqual(Window(home).Property(actualViewtype),List) | String.IsEqual(Window(home).Property(actualViewtype),LowList) | String.IsEqual(Window(home).Property(actualViewtype),InfoWall) | String.IsEqual(Window(home).Property(actualViewtype),BannerWall)] +  [Container.Content(movies) | Container.Content(sets) | Container.Content(tvshows)]</visible>
                </control>
				<!-- MikeBZH44 : Add new option for display / hide LOGO SERIE -->
                <control type="radiobutton" id="6059">
                    <include>ButtonCommonValues</include>
                    <textwidth>255</textwidth>
                    <label>Afficher la bannière quand panneau d'info désactivé</label>
                    <onclick>Skin.ToggleSetting(DisplayBan)</onclick>
                    <selected>Skin.HasSetting(DisplayBan)</selected>
                    <visible>[String.IsEqual(Window(home).Property(actualViewtype),ShowCase) | String.IsEqual(Window(home).Property(actualViewtype),Landscape) | SetProperty(actualViewtype,ShowCaseSquare,home)] + [Container.Content(tvshows) | Container.Content(seasons) | Container.Content(episodes)]</visible>
                </control>
				<control type="button" id="6052">
                    <description>BannerWall/List Toggle</description>
                    <textwidth>255</textwidth>
                    <include>ButtonCommonValues</include>
                    <label>Mode d'affichage :</label>
                    <label2>$VAR[58.Label2Var,[COLOR labelheader],[/COLOR]]</label2>
                    <onclick>Skin.ToggleSetting(Banner.Wall)</onclick>
                    <visible>Container.Content(tvshows) + String.IsEqual(Window(home).Property(actualViewtype),BannerWall)</visible>
                </control>
				<!-- Roura97311 Menu -->
				<control type="button" id="201">
                    <description>View options</description>
                    <textwidth>352</textwidth>
                    <font>font13_title</font>
                    <include>ButtonCommonValues</include>
                    <label>31026</label>
                    <enable>no</enable>
                    <disabledcolor>$VAR[ThemeLabelColor]</disabledcolor>
                </control>
				
				<!-- Roura97311 ShowCase Flat VIDEO-->
				<control type="radiobutton" id="1540">
					<description>No CoverFlow</description>
					<include>ButtonCommonValues</include>
					<label>$LOCALIZE[31995]</label>
					<onclick>Skin.ToggleSetting(noshowcaseflow)</onclick>
					<selected>Skin.HasSetting(noshowcaseflow)</selected>
					<visible>String.IsEqual(Window(home).Property(actualViewtype),ShowCase)</visible>
				</control>
				<!-- Roura97311 Zoom VIDEO-->
				<control type="radiobutton" id="1541">
					<description>No CoverFlow</description>
					<include>ButtonCommonValues</include>
					<label>Zoom</label>
					<onclick>Skin.ToggleSetting(ZoomShowcase)</onclick>
					<selected>Skin.HasSetting(ZoomShowcase)</selected>
					<visible>String.IsEqual(Window(home).Property(actualViewtype),ShowCase)</visible>
				</control>
				<!-- Roura97311 Hide Infopanel for Saga-->
				<control type="radiobutton" id="1544">
					<description>No CoverFlow</description>
					<include>ButtonCommonValues</include>
					<label>Cacher le panneau d'info SAGA</label>
					<onclick>Skin.ToggleSetting(HideInfopanelSaga)</onclick>
					<selected>Skin.HasSetting(HideInfopanelSaga)</selected>
					<visible>String.IsEqual(Window(home).Property(actualViewtype),ShowCase)</visible>
				</control>
				<control type="radiobutton" id="1556">
					<description>Enable ShowCase Covers TV</description>
					<include>ButtonCommonValues</include>
					<label>$LOCALIZE[31610]</label>
					<onclick>Skin.ToggleSetting(Enable.ShowCase.TVCovers)</onclick>
					<selected>Skin.HasSetting(Enable.ShowCase.TVCovers)</selected>
					<visible>String.IsEqual(Window(home).Property(actualViewtype),ShowCase) + [Container.Content(tvshows) | Container.Content(seasons)| Container.Content(episodes)]</visible>
				</control>
				<!-- ROURA97311 Show Music Showcase-->
				<control type="radiobutton" id="1560">
					<description>Enable ShowCase Covers</description>
					<include>ButtonCommonValues</include>
					<label>$LOCALIZE[31608]</label>
					<onclick>Skin.ToggleSetting(Enable.ShowCaseCd.Covers)</onclick>
					<selected>Skin.HasSetting(Enable.ShowCaseCd.Covers)</selected>
					<visible>String.IsEqual(Window(home).Property(actualViewtype),ShowCaseSquare)</visible>
				</control>
				<!-- ROURA97311 Opencase music-->
				<control type="radiobutton" id="1561">
					<include>ButtonCommonValues</include>
					<label>$LOCALIZE[31990]</label>
					<onclick condition="!System.HasAddon(script.skin.info.service)">Notification(script.skin.info.service pas installé,Controler la présence du script,7000,icon.png)</onclick>
					<onclick condition="String.IsEmpty(Skin.String(ShowcaseCD.Delay))">Skin.SetString(ShowcaseCD.Delay,2)</onclick>
					<onclick>Skin.ToggleSetting(OpenshowcasemodCD)</onclick>
					<selected>Skin.HasSetting(OpenshowcasemodCD)</selected>
					<texturenofocus border="1">separator5.png</texturenofocus>
					<visible>Skin.HasSetting(Enable.ShowCaseCd.Covers) + String.IsEqual(Window(home).Property(actualViewtype),ShowCaseSquare)</visible>
				</control>
				<!-- ROURA97311 Delay to open BoxSet 2 -->
				<control type="button" id="1563">
					<include>ButtonCommonValues</include>
					<label>   - $LOCALIZE[31980]</label>
					<label2>[COLOR $VAR[ThemeLabelColor]]$VAR[ShowcaseDelayLocalizeVarCD][/COLOR]</label2>
					<onclick>$VAR[ShowcaseModDelayOnClickVarCD]</onclick>
					<texturenofocus border="1">separator5.png</texturenofocus>
					<visible>String.IsEqual(Window(home).Property(actualViewtype),ShowCaseSquare)</visible>
				</control>
				<!-- ROURA97311 ShowCase Flow MUSIC -->
				<control type="radiobutton" id="1565">
					<description>No CoverFlow</description>
					<include>ButtonCommonValues</include>
					<label>$LOCALIZE[31995]</label>
					<onclick>Skin.ToggleSetting(noshowcaseflowCD)</onclick>
					<selected>Skin.HasSetting(noshowcaseflowCD)</selected>
					<visible>String.IsEqual(Window(home).Property(actualViewtype),ShowCaseSquare)</visible>
				</control>
				<!-- ROURA97311 Zoom MUSIC-->
				<control type="radiobutton" id="1566">
					<description>No CoverFlow</description>
					<include>ButtonCommonValues</include>
					<label>Zoom</label>
					<onclick>Skin.ToggleSetting(ZoomShowcaseCD)</onclick>
					<selected>Skin.HasSetting(ZoomShowcaseCD)</selected>
					<visible>String.IsEqual(Window(home).Property(actualViewtype),ShowCaseSquare)</visible>
				</control>
				<!-- ROURA97311 Disable Fake CD-->
				<control type="radiobutton" id="1568">
					<description>No Fake CD</description>
					<include>ButtonCommonValues</include>
					<label>Pas de Faux CD</label>
					<onclick>Skin.ToggleSetting(DisableFakeCD)</onclick>
					<selected>Skin.HasSetting(DisableFakeCD)</selected>
					<visible>[String.IsEqual(Window(home).Property(actualViewtype),ShowCaseSquare) | String.IsEqual(Window(home).Property(actualViewtype),LowList) | String.IsEqual(Window(home).Property(actualViewtype),List) | String.IsEqual(Window(home).Property(actualViewtype),TriPanel)] + !Container.Content(Artists) + ![Container.Content(movies) | Container.Content(sets)]</visible>
                </control>
				<!--- TELEX --->
				<!-- ROURA97311 Intro musical automatique-->
				<control type="radiobutton" id="6510">
						<textwidth>320</textwidth>
						<include>ButtonCommonValues</include>
						<onclick>Skin.ToggleSetting(thememusical)</onclick>
						<selected>Skin.HasSetting(thememusical)</selected>
						<label>Intro musical automatique</label>
						<visible>Window.IsActive(videos) + [ Container.Content(movies) | Container.Content(tvshows) | Container.Content(seasons)]</visible>
				</control>
				<!------ 15/05/2019 ---->
				<control type="button" id="6509">
						<include>ButtonCommonValues</include>
						<label>Volume intro</label>
						<label2>$INFO[Skin.String(ThemeVolume)]%</label2>  
						<onclick condition="!String.IsEqual(Skin.String(ThemeVolume),15)+!String.IsEqual(Skin.String(ThemeVolume),30)+!String.IsEqual(Skin.String(ThemeVolume),45)+!String.IsEqual(Skin.String(ThemeVolume),60)+!String.IsEqual(Skin.String(ThemeVolume),75)+!String.IsEqual(Skin.String(ThemeVolume),90)+!String.IsEqual(Skin.String(ThemeVolume),100)">Skin.SetString(ThemeVolume,75)</onclick>
						<onclick condition="String.IsEqual(Skin.String(ThemeVolume),15)">Skin.SetString(ThemeVolume,30)</onclick>       
						<onclick condition="String.IsEqual(Skin.String(ThemeVolume),30)">Skin.SetString(ThemeVolume,45)</onclick>       
						<onclick condition="String.IsEqual(Skin.String(ThemeVolume),45)">Skin.SetString(ThemeVolume,60)</onclick>
						<onclick condition="String.IsEqual(Skin.String(ThemeVolume),60)">Skin.SetString(ThemeVolume,75)</onclick>
						<onclick condition="String.IsEqual(Skin.String(ThemeVolume),75)">Skin.SetString(ThemeVolume,90)</onclick>
						<onclick condition="String.IsEqual(Skin.String(ThemeVolume),90)">Skin.SetString(ThemeVolume,100)</onclick>
						<onclick condition="String.IsEqual(Skin.String(ThemeVolume),100)">Skin.SetString(ThemeVolume,15)</onclick>
						<!-- 
						mis en commentaire pour pouvoir régler le volume du theme même en mode manuel
						<visible>Skin.HasSetting(thememusical)</visible> 			-->
						<visible>Window.IsActive(videos) + [ Container.Content(movies) | Container.Content(tvshows) | Container.Content(seasons)]</visible>
				</control>
				<!-- Roura97311 Bannières AUTO-->
				<control type="radiobutton" id="1217">
					<description>Zoom</description>
					<include>ButtonCommonValues</include>
					<label>Bannières auto</label>
					<onclick>Skin.ToggleSetting(BannerAuto)</onclick>
					<selected>Skin.HasSetting(BannerAuto)</selected>
					<visible>String.IsEqual(Window(home).Property(actualViewtype),ShowCase)</visible>
				</control>
				<!-- <control type="button" id="6511">
                    <description>BannerWall/List Toggle</description>
                    <textwidth>255</textwidth>
                    <include>ButtonCommonValues</include>
                    <label>$LOCALIZE[31165]</label>
                    <label2>$VAR[58.Label2Var,[COLOR labelheader],[/COLOR]]</label2>
                    <onclick>Skin.ToggleSetting(Banner.Wall)</onclick>
                    <visible>String.IsEqual(Window(home).Property(actualViewtype),ShowCase)</visible>
                </control> -->
				
			</control>
		</control>
	</controls>
</window>