<?xml version="1.0" encoding="UTF-8"?>
<window id="1128" type="dialog">
	<defaultcontrol always="true">90100</defaultcontrol>
	<controls>
		<control type="group">
			<control type="image">
				<width>432</width>
				<height>1080</height>
				<texture border="40">mediamenu_back.png</texture>
			</control>
			<control type="button" id="8999">
				<description>Close Window button</description>
				<left>350</left>
				<width>64</width>
				<height>48</height>
				<label></label>
				<font>CloseButton</font>
				<textcolor>grey</textcolor>
				<focusedcolor>themecolor</focusedcolor>
				<onclick>Dialog.Close(1128)</onclick>
				<texturefocus />
				<texturenofocus />
				<onleft>2</onleft>
				<onright>13</onright>
				<onup>13</onup>
				<ondown>2</ondown>
				<align>center</align>
				<visible>system.getbool(input.enablemouse)</visible>
			</control>
			<control type="image">
				<description>LOGO</description>
				<width>400</width>
				<height>120</height>
				<aspectratio>keep</aspectratio>
				<texture>aeon-miro-nox.png</texture>
			</control>
			<control type="grouplist" id="90100">
				<top>100</top>
				<width>400</width>
				<height>1080</height>
				<onleft>Dialog.Close(1128)</onleft>
				<onright>Dialog.Close(1128)</onright>
				<onup>90100</onup>
				<ondown>90100</ondown>
				<control type="radiobutton" id="901001">
					<description>Fanart</description>
					<textwidth>255</textwidth>
					<include>ButtonCommonValues</include>
					<label>$LOCALIZE[20445]</label>
					<onclick>Skin.ToggleSetting(Disable.Fanart)</onclick>
					<selected>!Skin.HasSetting(Disable.Fanart)</selected>
					<visible>Window.IsMedia</visible>
				</control>
				<control type="radiobutton" id="901002">
					<description>Extrafanart</description>
					<textwidth>255</textwidth>
					<include>ButtonCommonValues</include>
					<label>- $LOCALIZE[31116]</label>
					<onclick>Skin.ToggleSetting(Disable.Extrafanart)</onclick>
					<selected>!Skin.HasSetting(Disable.Extrafanart)</selected>
					<enable>!Skin.HasSetting(Disable.Fanart)</enable>
					<visible>Window.IsMedia</visible>
				</control>
				<control type="button" id="901003">
					<description>Fallback</description>
					<textwidth>255</textwidth>
					<include>ButtonCommonValues</include>
					<label>$LOCALIZE[31117]</label>
					<onclick>Skin.Reset(ItemToEdit.MultiFanart)</onclick>
					<onclick>SetProperty(No.Cases,True,home)</onclick>
					<onclick>$VAR[FallbackBackgroundOnClickVar]</onclick>
					<onclick>ActivateWindow(1122)</onclick>
				</control>
				<control type="button" id="901004">
					<description>Download extrafanart</description>
					<include>ButtonCommonValues</include>
					<label>$LOCALIZE[31118]</label>
					<onclick condition="!System.HasAddon(script.toolbox)">InstallAddon(script.toolbox)</onclick>
					<onclick condition="Container.Content(movies) + System.HasAddon(script.toolbox)">RunScript(script.toolbox,info=extrafanartmovie)</onclick>
					<onclick condition="[Container.Content(tvshows) | Container.Content(seasons) | Container.Content(episodes)] + System.HasAddon(script.toolbox)">RunScript(script.toolbox,info=extrafanarttvshow)</onclick>
					<visible>Container.Content(movies) | Container.Content(tvshows) | Container.Content(seasons) | Container.Content(episodes)</visible>
				</control>
				<control type="radiobutton" id="901005">
					<description>Fanart</description>
					<textwidth>255</textwidth>
					<include>ButtonCommonValues</include>
					<label>Affichage des boitiers Saga en fond d'écran</label>
					<onclick>Skin.ToggleSetting(Disable.BoitierSaga)</onclick>
					<selected>!Skin.HasSetting(Disable.BoitierSaga)</selected>
					<visible>Container.Content(sets) | Container.Content(movies)</visible>
				</control>		
			</control>
		</control>
	</controls>
</window>