<?xml version="1.0" encoding="UTF-8"?>
<window>
 
	<onload>RunScript(script.aeon.miro.nox,fileexist=True&path=$INFO[ListItem.Path]$VAR[ThemeMusical])</onload>
	<!-- <onunload condition="Window.IsActive(videos) + Control.IsVisible(53)">SetProperty(actualViewtype,ShowCase,home)</onunload> -->
	<onunload>ClearProperty(FileExist,Home)</onunload>
	<defaultcontrol always="true">996</defaultcontrol>
	<animation type="WindowOpen" reversible="false">
		<effect type="zoom" start="150" end="100" center="auto" time="300" tween="cubic" easing="out" />
		<effect type="fade" end="100" time="150" />
	</animation>
	<animation type="WindowClose" reversible="false">
		<effect type="fade" start="100" end="0" time="100" delay="100" />
		<effect type="zoom" start="100" end="130" center="auto" time="200" tween="cubic" easing="in" />
	</animation>
	<coordinates>
		<system>1</system>
		<left>0</left>
		<top>0</top>
	</coordinates>
	<controls>
		<!-- Roura97311 Textures -->
		<control type="image" id="999">
			<description>background image</description>
			<top>-34</top>
			<width>510</width>
			<height>1148</height>
			<texture border="36" colordiffuse="$VAR[TextureColor]" fallback="dialog_context.png" >$INFO[Skin.String(PathSkinOptions)]dialog_context.png</texture>
		</control>
		<!-- <control type="image" id="999">
			<description>background image</description>
			<top>-34</top>
			<width>510</width>
			<height>1148</height>
			<texture border="36">dialog_context.png</texture>
		</control> -->
		<control type="grouplist" id="996">
			<description>grouplist for context buttons</description>
			<left>30</left>
			<width>510</width>
			<height min="60" max="1080">auto</height>
			<include condition="Window.IsActive(programs) + !String.IsEmpty(Window(Home).Property(Progams.Games))">AdvancedLauncherTrailerButton</include>
		<!-- <control type="button" id="1161">
				<width>450</width>
				<height>61</height>
				<font>font14</font>
				<textoffsetx>15</textoffsetx>
				<label>Configuration Boîtier et CdArt</label>
				<onclick>ActivateWindow(1166)</onclick>
				<texturefocus colordiffuse="$VAR[ThemeLabelColor]" border="5">button_middle_focus.png</texturefocus>
				<texturenofocus border="5">button_middle3.png</texturenofocus>
				<visible>String.IsEqual(Window(home).Property(actualViewtype),ShowCase)</visible>
		</control> -->
		<control type="button" id="1169">
				<width>450</width>
				<height>61</height>
				<font>font14</font>
				<textoffsetx>15</textoffsetx>
				<label>Ecoute du thème musical</label>
				<onclick>PlayMedia($INFO[ListItem.Path]$VAR[ThemeMusical])</onclick>
				<!-- <onclick condition="Window.IsActive(videos)">SetProperty(actualViewtype,ShowCase,home)</onclick> -->
				<texturefocus colordiffuse="$VAR[ThemeLabelColor]" border="5">button_middle_focus.png</texturefocus>
				<texturenofocus border="5">button_middle3.png</texturenofocus>
				<visible>!String.IsEmpty(Window(home).Property(FileExist)) + Window.IsActive(videos) + [ Container.Content(tvshows) | Container.Content(seasons) | Container.Content(movies) | Container.Content(sets)]</visible>
		</control>
		</control>
		<control type="button" id="1000">
			<description>button template</description>
			<width>450</width>
			<height>61</height>
			<font>font14</font>
			<textoffsetx>15</textoffsetx>
			<texturefocus colordiffuse="$VAR[ThemeLabelColor]" border="5">button_middle_focus.png</texturefocus>
			<texturenofocus border="5">button_middle3.png</texturenofocus>
		</control>
		
	</controls>
</window>