<?xml version="1.0" encoding="UTF-8"?>
<window>
  <defaultcontrol always="true">9000</defaultcontrol>
  <allowoverlay>no</allowoverlay>
  <onload>SetFocus(900171)</onload>
  <onload>SetFocus(9000)</onload>
  <onload>SetProperty(ActeurVideoLocal,1,Home)</onload>
    
  <onunload>ClearProperty(Extra.Info,movieinformation)</onunload>
  <controls>
    <!-- telex 15/04/2021 --->
    <control type="group">
    <!-- fin telex 15/04/2021 --->
      <control type="group">
        <animation effect="slide" start="-1900,0" end="0,0" time="700" tween="quadratic">WindowOpen</animation>
        <animation effect="slide" end="1900,0" time="700" tween="quadratic">WindowClose</animation>
        <animation effect="slide" start="-1900,0" end="0,0" time="700" tween="quadratic" condition="![Window.IsVisible(script-ExtendedInfo Script-DialogVideoInfo.xml) | Window.IsVisible(script-ExtendedInfo Script-DialogInfo.xml)]">Conditional</animation>
        <animation effect="slide" end="1900,0" time="700" tween="quadratic" condition="Window.IsVisible(script-ExtendedInfo Script-DialogVideoInfo.xml) | Window.IsVisible(script-ExtendedInfo Script-DialogInfo.xml)">Conditional</animation>
        <left>0</left>
        <control type="image">
          <right>0</right>
          <height>100%</height>
          <texture>black.png</texture>
          <visible>String.IsEmpty(ListItem.Art(fanart))</visible>
        </control>

        <control type="image">
          <right>0</right>
          <height>100%</height>
          <aspectratio align="center">scale</aspectratio>
          <texture background="true">$INFO[ListItem.Art(fanart)]</texture>
        </control>
        <control type="image">
          <right>0</right>
          <height>100%</height>
          <texture border="4">dialogs/info/mask_fanart.png</texture>
        </control>
        <!-- ROURA97311 Add option for display discart -->
        <control type="image">
          <left>1520</left>
          <top>180</top>
          <width>460</width>
          <height>460</height>
          <texture background="true">$INFO[ListItem.Art(discart)]</texture>
          <animation type="WindowOpen" reversible="true">
            <effect type="slide"  start="-350,0" end="-465,0" delay="1000" time="2000" tween="quadratic" easing="out" />
            <effect type="rotate" start="0" center="auto" end="360" delay="1000" time="4000" tween="quadratic" easing="out" loop="true"/>
          </animation>
          <visible>Skin.HasSetting(discartoninfo) + !String.IsEmpty(ListItem.Art(discart))</visible>
        </control>
        <control type="image">
          <left>1520</left>
          <top>180</top>
          <width>460</width>
          <height>460</height>

          <aspectratio scalediffuse="false" aligny="top">scale</aspectratio>
          <texture background="true" diffuse="thumbs/sets/cdart-mask.png">$INFO[ListItem.Art(poster)]</texture>
          <animation type="WindowOpen" reversible="true">
            <effect type="slide"  start="-350,0" end="-465,0" delay="1000" time="2000" tween="quadratic" easing="out" />
            <effect type="rotate" start="0" center="auto" end="360" delay="1000" time="4000" tween="quadratic" easing="out" loop="true"/>
          </animation>
          <visible>Skin.HasSetting(discartoninfo) + String.IsEmpty(ListItem.Art(discart)) + Skin.HasSetting(Fakediscart)</visible>
        </control>

        <control type="group" >
          <control type="image">
            <top>144</top>
            <left>1300</left>
            <width>370</width>
            <height>580</height>
            <aspectratio aligny="top">scale</aspectratio>
            <texture background="true" fallback="black.png">$VAR[PosterVar]</texture>

          </control>
          <control type="image">
            <top>88</top>
            <left>1224</left>
            <width>477</width>
            <height>666</height>
            <texture background="true" fallback="$VAR[CaseTypePathVar]">$VAR[CaseTypePathVar]$VAR[GlobalCaseVar]</texture>
            <visible>Skin.HasSetting(showcasemod) + ![Container.Content(actors)]</visible>

          </control>
        </control>
        <control type="group">

          <left>40</left>
          <top>20</top>
          <right>0</right>
          <height>854</height>
          <control type="group">

            <control type="grouplist">
              <top>-30</top>
              <right>0</right>
              <height>110</height>
              <align>center</align>
              <control type="label">
                <right>30</right>
                <height>60</height>
                <font>font30_title_bold</font>
                <textcolor>white</textcolor>
                <scroll>true</scroll>
                <label>$INFO[ListItem.Title]</label>
              </control>

              <control type="textbox">
                <width>1400</width>
                <right>0</right>
                <height>50</height>
                <font>font15</font>
                <shadowcolor>shadow</shadowcolor>
                <textcolor>$VAR[ThemeLabelColor]</textcolor>

                <autoscroll time="4000" delay="6000" repeat="6000">true</autoscroll>
                <label>$INFO[ListItem.Tagline]</label>
                <visible>!String.IsEmpty(ListItem.Tagline)</visible>
              </control>

              <control type="label">
                <right>30</right>
                <height>30</height>
                <font>font15</font>
                <textcolor>$VAR[ThemeLabelColor]</textcolor>
                <scroll>true</scroll>
                <label>$INFO[Window(Home).Property(NextAired.Status)]</label>
                <visible>String.IsEqual(ListItem.DBType,tvshow) + !String.IsEmpty(Window(Home).Property(NextAired.Status))</visible>
              </control>
              <control type="label">
                <right>30</right>
                <height>30</height>
                <font>font15</font>
                <textcolor>$VAR[ThemeLabelColor]</textcolor>
                <scroll>true</scroll>
                <label>$INFO[ListItem.TvShowTitle]</label>
                <visible>String.IsEqual(ListItem.DBType,episode) + !String.IsEmpty(ListItem.TvShowTitle)</visible>
              </control>
              <control type="label">
                <right>30</right>
                <height>30</height>
                <font>font15</font>
                <textcolor>$VAR[ThemeLabelColor]</textcolor>
                <scroll>true</scroll>
                <label>$INFO[ListItem.Artist]</label>
                <visible>String.IsEqual(ListItem.DBType,musicvideo) + !String.IsEmpty(ListItem.Artist)</visible>
              </control>
            </control>
            <control type="grouplist">
              <top>80</top>
              <left>-40</left>
              <height>100</height>
              <orientation>horizontal</orientation>
              <control type="label">

                <width>180</width>
                <height>90</height>
                <align>center</align>
                <label>$INFO[ListItem.Year]</label>
                <font>font35_title_bold</font>
                <textcolor>white</textcolor>
                <visible>!String.IsEqual(ListItem.DBType,episode)</visible>
              </control>
              <control type="label">
                <width min="180" max="200">auto</width>
                <height>90</height>
                <align>center</align>
                <label>$VAR[EpisodeCountVar]</label>
                <font>font30_title_bold</font>
                <textcolor>white</textcolor>
                <visible>String.IsEqual(ListItem.DBType,episode)</visible>
              </control>
              <control type="group">
                <width>202</width>
                <control type="image" id="800019">
                  <colordiffuse>white</colordiffuse>
                  <width>198</width>
                  <include>MediaFlagVars</include>
                  <bordersize>2</bordersize>
                  <texture>$VAR[StudioIconVar2]</texture>
                </control>
                <control type="image" id="800021">
                  <colordiffuse>white</colordiffuse>
                  <width>198</width>
                  <include>MediaFlagVars</include>
                  <bordersize>2</bordersize>
                  <texture>$VAR[StudioIconVar]</texture>
                  <visible>String.IsEmpty(Control.GetLabel(800019))</visible>
                </control>
                <control type="label">
                  <width>190</width>
                  <height>90</height>
                  <align>center</align>
                  <label>$INFO[ListItem.Studio]</label>
                  <font>font10</font>
                  <textcolor>white</textcolor>
                  <wrapmultiline>true</wrapmultiline>
                  <visible>String.IsEmpty(Control.GetLabel(800019)) + String.IsEmpty(Control.GetLabel(800021))</visible>
                </control>
              </control>
              <control type="image">
                <right>10</right>
                <width>145</width>
                <colordiffuse>white</colordiffuse>
                <include>MediaFlagVars</include>
                <texture fallback="flags/default/mpaa/NR.png">$VAR[RatingFlagVar]</texture>
              </control>
              <!-- Roura97311 Movie runtime Minutes-->
              <control type="group">
                <width>160</width>
                <visible>[![String.IsEqual(ListItem.DBType,tvshow) + Skin.HasSetting(Disable.NextAired)]] + !Skin.HasSetting(RunTimeFormat)</visible>
                <control type="label">
                  <top>2</top>
                  <width>160</width>
                  <height>60</height>
                  <align>center</align>
                  <label>$INFO[ListItem.Duration(mins)]</label>
                  <font>font48_bold</font>
                  <textcolor>white</textcolor>
                </control>
                <control type="label">
                  <top>52</top>
                  <width>160</width>
                  <height>30</height>
                  <align>center</align>
                  <label>[LOWERCASE]$LOCALIZE[12391][/LOWERCASE]</label>
                  <font>font12</font>
                  <textcolor>white</textcolor>
                </control>
              </control>
              <!-- Roura97311 Movie runtime HOURS-->
              <control type="group">
                <width>160</width>
                <visible>[![String.IsEqual(ListItem.DBType,tvshow) + Skin.HasSetting(Disable.NextAired)]]  + Skin.HasSetting(RunTimeFormat)</visible>
                <control type="label">
                  <top>10</top>
                  <width>160</width>
                  <height>60</height>
                  <align>center</align>
                  <label>$INFO[Window(home).Property(DurationAeon)]</label>
                  <font>font48_bold</font>
                  <textcolor>white</textcolor>
                </control>
              </control>
              <control type="group">
                <width>150</width>
                <control type="label">
                  <top>2</top>
                  <width>165</width>
                  <height>60</height>
                  <align>center</align>
                  <label>$INFO[ListItem.Rating]</label>
                  <font>font48_bold</font>
                  <textcolor>white</textcolor>
                </control>
                <control type="label">
                  <top>52</top>
                  <width>165</width>
                  <height>30</height>
                  <align>center</align>
                  <label>[LOWERCASE]$VAR[RatingAndVotesVar][/LOWERCASE]</label>
                  <font>font12</font>
                  <textcolor>white</textcolor>
                </control>
              </control>
              <control type="group">
                <visible>!String.IsEmpty(ListItem.UserRating)</visible>
                <width>120</width>
                <control type="label">
                  <top>2</top>
                  <width>120</width>
                  <height>60</height>
                  <align>center</align>
                  <label>$INFO[ListItem.UserRating]</label>
                  <font>font48_bold</font>
                  <textcolor>white</textcolor>
                </control>
                <control type="label">
                  <top>52</top>
                  <width>120</width>
                  <height>30</height>
                  <align>center</align>
                  <label>[LOWERCASE]$LOCALIZE[31146][/LOWERCASE]</label>
                  <font>font12</font>
                  <textcolor>white</textcolor>
                </control>
              </control>
              <control type="group">
                <visible>!String.IsEmpty(ListItem.Top250)</visible>
                <width>170</width>
                <control type="label">
                  <top>2</top>
                  <width>170</width>
                  <height>60</height>
                  <align>center</align>
                  <label>$INFO[ListItem.Top250,#]</label>
                  <font>font48_bold</font>
                  <wrapmultiline>true</wrapmultiline>
                  <textcolor>white</textcolor>
                </control>
                <control type="label">
                  <top>52</top>
                  <width>170</width>
                  <height>30</height>
                  <align>center</align>
                  <label>[LOWERCASE]$LOCALIZE[13409][/LOWERCASE]</label>
                  <font>font12</font>
                  <textcolor>white</textcolor>
                </control>
              </control>
            </control>
            <control type="panel" id="300">
              <left>-36</left>
              <top>161</top>
              <width>1188</width>
              <height>420</height>
              <ondown>9000</ondown>
              <onright>1234</onright>
              <onleft>1234</onleft>
              <orientation>horizontal</orientation>
              <scrolltime tween="quadratic" easing="out">200</scrolltime>
              <itemlayout height="60" width="594">
                <control type="label">
                  <width>694</width>
                  <height>62</height>
                  <font>font13</font>
                  <textcolor>$VAR[ThemeLabelColor]</textcolor>
                  <selectedcolor>$VAR[ThemeLabelColor]</selectedcolor>
                  <label>$INFO[ListItem.Label2,, ]$INFO[ListItem.Label,[COLOR white], [/COLOR]]</label>
                  <textoffsetx>36</textoffsetx>
                </control>
              </itemlayout>
              <focusedlayout height="60" width="594">
                <control type="image">
                  <top>9</top>
                  <width>594</width>
                  <height>52</height>
                  <texture colordiffuse="$VAR[HighlightBarColor]" border="4">listselect_fo.png</texture>
                  <visible>Control.HasFocus(300)</visible>
                  <include>VisibleFadeAnimation</include>
                </control>
                <control type="label">
                  <width>594</width>
                  <height>62</height>
                  <font>font13</font>
                  <textcolor>white</textcolor>
                  <selectedcolor>$VAR[ThemeLabelColor]</selectedcolor>
                  <label>$INFO[ListItem.Label2,, ]$INFO[ListItem.Label]</label>
                  <animation effect="fade" start="100" end="70" time="300" tween="sine" easing="inout" condition="!Control.HasFocus(300)">Conditional</animation>
                  <textoffsetx>36</textoffsetx>
                </control>
              </focusedlayout>
              <content>
                <item>
                  <label>$INFO[ListItem.OriginalTitle]</label>
                  <label2>$LOCALIZE[20376]:</label2>
                  <onclick>noop</onclick>
                  <visible>!String.IsEmpty(ListItem.OriginalTitle) + !String.IsEqual(ListItem.OriginalTitle,ListItem.Title)</visible>
                </item>
                <item>
                  <label>$VAR[InfoPanelLabel1Var]</label>
                  <onclick condition="System.HasAddon(script.extendedinfo)">SetProperty(DirectorID,True)</onclick>
                  <onclick condition="System.HasAddon(script.extendedinfo)">SetProperty(ActorName,$INFO[ListItem.Director])</onclick>
                  <onclick condition="System.HasAddon(script.extendedinfo)">ActivateWindow(1129)</onclick>
                  <onclick condition="!System.HasAddon(script.extendedinfo)">SendClick(2003,13)</onclick>
                </item>
                <item>
                  <label>$VAR[InfoPanelLabel2Var]</label>
                  <onclick condition="System.HasAddon(script.extendedinfo)">RunScript(script.extendedinfo,info=extendedactorinfo,name=$INFO[ListItem.Writer])</onclick>
                </item>
                <item>
                  <label>$INFO[ListItem.Premiered]</label>
                  <label2>$LOCALIZE[31452]:</label2>
                  <onclick>noop</onclick>
                  <visible>!String.IsEmpty(ListItem.Premiered) + !String.IsEqual(ListItem.DBType,movie)</visible>
                </item>
                <item>
                  <label>$INFO[Window(Home).Property(NextAired.LatestNumber)]$INFO[Window(Home).Property(NextAired.LatestTitle), - ]</label>
                  <label2>$LOCALIZE[31374]:</label2>
                  <onclick>noop</onclick>
                  <visible>String.IsEqual(ListItem.DBType,tvshow) + !String.IsEmpty(Window(Home).Property(NextAired.LatestNumber))</visible>
                </item>
                <item>
                  <label>$INFO[Window(Home).Property(NextAired.LatestDay)]</label>
                  <label2>$LOCALIZE[31324]:</label2>
                  <onclick>noop</onclick>
                  <visible>String.IsEqual(ListItem.DBType,tvshow) + !String.IsEmpty(Window(Home).Property(NextAired.LatestDate))</visible>
                </item>
                <item>
                  <label>$INFO[Window(Home).Property(NextAired.NextNumber)]$INFO[Window(Home).Property(NextAired.NextTitle), - ]</label>
                  <label2>$LOCALIZE[19031]:</label2>
                  <onclick>noop</onclick>
                  <visible>String.IsEqual(ListItem.DBType,tvshow) + !String.IsEmpty(Window(Home).Property(NextAired.NextNumber))</visible>
                </item>
                <item>
                  <label>$INFO[Window(Home).Property(NextAired.Nextday)]</label>
                  <label2>$LOCALIZE[31012]:</label2>
                  <onclick>noop</onclick>
                  <visible>String.IsEqual(ListItem.DBType,tvshow) + !String.IsEmpty(Window(Home).Property(NextAired.NextDay))</visible>
                </item>
                <item>
                  <label>$VAR[InfoPanelLabel6Var]</label>
                  <onclick>noop</onclick>
                  </item>
                <item>
                  <label>$INFO[Window(Home).Property(SkinHelper.ListItem.Budget.formatted),$,]</label>
                  <label2>$LOCALIZE[31850]:</label2>
                  <onclick>noop</onclick>
                  <visible>!String.IsEmpty(Window(Home).Property(SkinHelper.ListItem.Budget.formatted)) + String.IsEqual(ListItem.DBType,movie) + !String.IsEqual(Window(Home).Property(SkinHelper.ListItem.Budget.formatted),0)</visible>
                </item>
                <item>
                  <label>$INFO[Window(Home).Property(SkinHelper.ListItem.Revenue.formatted),$,]</label>
                  <label2>$LOCALIZE[31851]:</label2>
                  <onclick>noop</onclick>
                  <visible>!String.IsEmpty(Window(Home).Property(SkinHelper.ListItem.Revenue.formatted)) + String.IsEqual(ListItem.DBType,movie) + !String.IsEqual(Window(Home).Property(SkinHelper.ListItem.Revenue.formatted),0)</visible>
                </item>
                <item>
                  <label>$INFO[Window(Home).Property(SkinHelper.ListItem.RottenTomatoesAwards)]</label>
                  <label2>$LOCALIZE[31272]</label2>
                  <onclick>noop</onclick>
                  <visible>!String.IsEmpty(Window(Home).Property(SkinHelper.ListItem.RottenTomatoesAwards)) + !String.IsEqual(ListItem.DBType,episode)</visible>
                </item>
                <item>
                  <label>$INFO[ListItem.Country]</label>
                  <label2>$LOCALIZE[574]:</label2>
                  <onclick>noop</onclick>
                  <visible>!String.IsEmpty(ListItem.Country)</visible>
                </item>
                <item>
                  <label>$INFO[Window(Home).Property(NextAired.Country)]</label>
                  <label2>$LOCALIZE[574]:</label2>
                  <onclick>noop</onclick>
                  <visible>String.IsEqual(ListItem.DBType,tvshow) + !String.IsEmpty(Window(Home).Property(NextAired.Country))</visible>
                </item>
                <item>
                <label>$INFO[ListItem.LastPlayed]</label>
                <label2>$LOCALIZE[568]:</label2>
                <onclick>noop</onclick>
                <visible>!String.IsEmpty(ListItem.LastPlayed)</visible>
              </item>
              <item>
              <label>$INFO[ListItem.PercentPlayed,,%]</label>
              <label2>$LOCALIZE[575]:</label2>
              <onclick>noop</onclick>
              <visible>ListItem.IsResumable</visible>
            </item>
            <item>
              <label>$INFO[ListItem.PlayCount]</label>
              <label2>$LOCALIZE[567]:</label2>
              <onclick>noop</onclick>
              <visible>!String.IsEmpty(ListItem.PlayCount)</visible>
            </item>
            
        </content>
      </control>
      <control type="group">
        <left>-37</left>
        <top>970</top>
        <right>0</right>
        <control type="grouplist">
          <right>0</right>
          <height>90</height>
          <orientation>horizontal</orientation>
          <visible>!ControlGroup(9001).HasFocus</visible>
          <include>SettingsFadeAnimation</include>

          <control type="image">
            <width>178</width>
            <colordiffuse>white</colordiffuse>
            <include>MediaFlagVars</include>
            <texture>$VAR[MediaFlagsPathVar]/resolution/$INFO[ListItem.VideoResolution,,.png]</texture>
            <visible>!String.IsEmpty(ListItem.VideoResolution)</visible>
          </control>
		  
          <control type="group">
            <visible>String.IsEqual(ListItem.DBType,tvshow) + !String.IsEmpty(ListItem.Property(TotalSeasons))</visible>
            <width>200</width>
            <control type="label">
              <top>2</top>
              <width>200</width>
              <height>60</height>
              <align>center</align>
              <label>$INFO[ListItem.Property(TotalSeasons)]</label>
              <font>font48_bold</font>
              <wrapmultiline>true</wrapmultiline>
              <textcolor>white</textcolor>
            </control>
            <control type="label">
              <top>52</top>
              <width>200</width>
              <height>30</height>
              <align>center</align>
              <label>[LOWERCASE]$VAR[OneOrMoreSeasonsVar][/LOWERCASE]</label>
              <font>font12</font>
              <textcolor>white</textcolor>
            </control>
          </control>
          <control type="image">
            <width>178</width>
            <colordiffuse>white</colordiffuse>
            <include>MediaFlagVars</include>
            <texture>$VAR[MediaFlagsPathVar]/audiocodec/$INFO[ListItem.AudioCodec,,.png]</texture>
            <visible>!String.IsEmpty(ListItem.AudioCodec)</visible>
          </control>
          <control type="group">
            <visible>String.IsEqual(ListItem.DBType,tvshow) + !String.IsEmpty(ListItem.Property(TotalEpisodes))</visible>
            <width>200</width>
            <control type="label">
              <top>2</top>
              <width>200</width>
              <height>60</height>
              <align>center</align>
              <label>$INFO[ListItem.Property(TotalEpisodes)]</label>
              <font>font48_bold</font>
              <wrapmultiline>true</wrapmultiline>
              <textcolor>white</textcolor>
            </control>
            <control type="label">
              <top>52</top>
              <width>200</width>
              <height>30</height>
              <align>center</align>
              <label>[LOWERCASE]$VAR[OneOrMoreEpisodesVar][/LOWERCASE]</label>
              <font>font12</font>
              <textcolor>white</textcolor>
            </control>
          </control>

          <control type="image">
            <width>140</width>
            <colordiffuse>white</colordiffuse>
            <include>MediaFlagVars</include>
            <texture>$VAR[AudioChannelPath]</texture>
            <visible>!String.IsEmpty(ListItem.AudioChannels)</visible>
          </control>
          <!-- MikeBZH44 : Add Audio language country flags -->
          <control type="group">
            <align>left</align>
            <width>25</width>
            <control type="grouplist">
              <orientation>vertical</orientation>
              <top>15</top>
              <control type="image">
                <width>26</width>
                <height>22</height>
                <aspectratio>scale</aspectratio>
                <texture>$INFO[ListItem.Property(AudioLanguage.1),flags/language/,.png]</texture>
              </control>
              <control type="image">
                <width>26</width>
                <height>22</height>
                <aspectratio>scale</aspectratio>
                <texture>$INFO[ListItem.Property(AudioLanguage.2),flags/language/,.png]</texture>
              </control>
              <control type="image">
                <width>26</width>
                <height>22</height>
                <aspectratio>scale</aspectratio>
                <texture>$INFO[ListItem.Property(AudioLanguage.3),flags/language/,.png]</texture>
              </control>
            </control>
          </control>
          <control type="label">
            <width>50</width>

            <include>MediaFlagVars</include>
            <visible>!String.IsEmpty(ListItem.Property(SubtitleLanguage.1))</visible>
          </control>
          <!-- MikeBZH44 : Add Audio subtitles flag -->
          <control type="image">
            <width>100</width>
            <align>right</align>
            <include>MediaFlagVars</include>
            <texture>flags/subtitles/subtitles.png</texture>
            <visible>!String.IsEmpty(ListItem.Property(SubtitleLanguage.1))</visible>
          </control>
          <!-- MikeBZH44 : Add Audio subtitles country flags -->
          <control type="group">
            <width>45</width>
            <control type="grouplist">
              <orientation>vertical</orientation>
              <top>15</top>
              <control type="image">
                <width>26</width>
                <height>22</height>
                <aspectratio>scale</aspectratio>
                <texture>$INFO[ListItem.Property(SubtitleLanguage.1),flags/language/,.png]</texture>
              </control>
              <control type="image">
                <width>26</width>
                <height>22</height>
                <aspectratio>scale</aspectratio>
                <texture>$INFO[ListItem.Property(SubtitleLanguage.2),flags/language/,.png]</texture>
              </control>
              <control type="image">
                <width>26</width>
                <height>22</height>
                <aspectratio>scale</aspectratio>
                <texture>$INFO[ListItem.Property(SubtitleLanguage.3),flags/language/,.png]</texture>
              </control>
            </control>
            <visible>!String.IsEmpty(ListItem.Property(SubtitleLanguage.1))</visible>
          </control>
          <control type="group">
            <visible>String.IsEqual(ListItem.DBType,tvshow) + !String.IsEmpty(ListItem.Property(UnWatchedEpisodes))</visible>
            <width>200</width>
            <control type="label">
              <top>2</top>
              <width>200</width>
              <height>60</height>
              <align>center</align>
              <label>$INFO[ListItem.Property(UnWatchedEpisodes)]</label>
              <font>font48_bold</font>
              <wrapmultiline>true</wrapmultiline>
              <textcolor>white</textcolor>
            </control>
            <control type="label">
              <top>52</top>
              <width>200</width>
              <height>30</height>
              <align>center</align>
              <label>[LOWERCASE]$LOCALIZE[16101][/LOWERCASE]</label>
              <font>font12</font>
              <textcolor>white</textcolor>
            </control>
          </control>

          <control type="image">
            <width>160</width>
            <colordiffuse>white</colordiffuse>
            <include>MediaFlagVars</include>
            <texture>$VAR[MediaFlagsPathVar]/videocodec/$VAR[SourceFlagVar,,.png]</texture>
          </control>
		  
          <control type="image">
            <width>160</width>
            <colordiffuse>white</colordiffuse>
            <include>MediaFlagVars</include>
            <texture>$VAR[MediaFlagsPathVar]/aspectratio/$INFO[ListItem.VideoAspect,,.png]</texture>
          </control>

          <control type="image">
            <width>198</width>
            <colordiffuse>white</colordiffuse>
            <include>MediaFlagVars</include>
            <texture>$VAR[MediaFlagsPathVar]/cc.png</texture>
            <visible>!String.IsEmpty(ListItem.SubtitleLanguage)</visible>
          </control>
        </control>
      </control>
		<!-- ROURA97311 : HDR -->
		  <control type="image">
            <width>70</width>
			<left>95</left>
			<top>955</top>
            <colordiffuse>white</colordiffuse>
            <include>MediaFlagVars</include>
            <texture>$VAR[MediaFlagsPathVar]/videocodec/$VAR[SourceFlagVar2,,.png]</texture>
			<visible>!ControlGroup(9001).HasFocus</visible>
          </control>	
    </control>
    <!-- ------------------------ TELEX--------ACTEURS--------- --->

    <control type="list" id="1998">
      
      <orientation>Vertical</orientation>
      <onleft>900171</onleft>
      <!-- telex 15/04/2021 --->
      <!-- <onright>55</onright> -->
      <!-- <onright>7781</onright>-->
      <onfocus>SetFocus(7781)</onfocus> 
      
      <!-- fin telex 15/04/2021 --->
      <top>-55</top>
      <height>1110</height>
      <left>1670</left>
      <itemlayout condition="Integer.IsGreater(Container(50).NumItems,0)"></itemlayout>
      <focusedlayout condition="Integer.IsGreater(Container(50).NumItems,0)"></focusedlayout>
           <itemlayout width="240" height="272" condition="!Integer.IsGreater(Container(50).NumItems,0)">
        <control type="group">
         
          <control type="image">
            <posx>0</posx>
            <posy>40</posy>
            <width>170</width>
            <height>245</height>
            <aspectratio align="center">stretch</aspectratio>
            <texture background="true"  >$VAR[PosterVar]</texture>
            <bordertexture border="3">thumbs/panel_border3.png</bordertexture>
            <bordersize>2</bordersize>
          </control>
          <control type="image">
            <posy>40</posy>
            <width>170</width>
            <height>245</height>
            <aspectratio>scale</aspectratio>
            <texture border="1" colordiffuse="44FFFFFF">black.png</texture>
            <bordersize>2</bordersize>
          </control>
          <control type="label">
            <top>220</top>
            <width>175</width>
            <height>43</height>
            <align>center</align>
            <font>font12</font>
            <textoffsetx>10</textoffsetx>
            <shadowcolor>shadow</shadowcolor>
            <selectedcolor>selected</selectedcolor>
            <label>$INFO[ListItem.Label]</label>

            <animation effect="fade" start="100" end="70" time="0" condition="true">Conditional</animation>
          </control>
          <control type="label">
            <top>248</top>
            <width>175</width>
            <height>43</height>
            <align>center</align>
            <font>font12</font>
            <textoffsetx>10</textoffsetx>
            <shadowcolor>shadow</shadowcolor>
            <selectedcolor>selected</selectedcolor>
            <label>$INFO[ListItem.Label2]</label>

            <animation effect="fade" start="100" end="70" time="0" condition="true">Conditional</animation>
          </control>

        </control>
      </itemlayout>
      <focusedlayout width="240" height="272" condition="!Integer.IsGreater(Container(50).NumItems,0)">
        <control type="group">
          <control type="image">
            <posx>0</posx>
            <posy>40</posy>
            <width>170</width>
            <height>245</height>
            <aspectratio align="center">stretch</aspectratio>
            <bordersize>2</bordersize>
            <texture background="true">$VAR[PosterVar]</texture>
          </control>
          <control type="image">
            <top>40</top>
            <width>175</width>
            <height>250</height>
            <texture border="10">thumbs/thumbnail_focused.png</texture>
            <include>FocusFadeInAnimation</include>
          </control>
          <control type="label">
            <top>220</top>
            <width>175</width>
            <height>43</height>
            <align>center</align>
            <font>font12</font>
            <textoffsetx>10</textoffsetx>
            <textcolor>white</textcolor>
            <shadowcolor>shadow</shadowcolor>
           <label>$INFO[ListItem.Label]</label>
            <animation effect="fade" start="100" end="100" time="0" condition="true">Conditional</animation>
          </control>
          <control type="label">
            <top>248</top>
            <width>175</width>
            <height>43</height>
            <align>center</align>
            <font>font12</font>
            <textoffsetx>10</textoffsetx>
            <textcolor>white</textcolor>
            <shadowcolor>shadow</shadowcolor>
            <label>$INFO[ListItem.Label2]</label>
            <animation effect="fade" start="100" end="100" time="0" condition="true">Conditional</animation>
          </control>
       </control>
        
      </focusedlayout>
     
    </control>

  <control type="list" id="50">
     <!-- <visible>!String.IsEmpty(Window(Home).Property(IconmixShowInfo))</visible> -->
      <orientation>Vertical</orientation>
      <onleft>900171</onleft>
      <!-- <onright>7781</onright> -->
	  <onright condition="Skin.HasSetting(ShowsAdvancedCast)">7781</onright>
      <top>-55</top>
      <height>1110</height>
      <left>1670</left>
      <itemlayout width="240" height="272" >
        <control type="group">
         
          <control type="image">
            <posx>0</posx>
            <posy>40</posy>
            <width>170</width>
            <height>245</height>
            <aspectratio align="center">stretch</aspectratio>
            <texture background="true"  >$VAR[PosterVar]</texture>
            <bordertexture border="3">thumbs/panel_border3.png</bordertexture>
            <bordersize>2</bordersize>
          </control>
          <control type="image">
            <posy>40</posy>
            <width>170</width>
            <height>245</height>
            <aspectratio>scale</aspectratio>
            <texture border="1" colordiffuse="44FFFFFF">black.png</texture>
            <bordersize>2</bordersize>
          </control>
          <control type="label">
            <top>220</top>
            <width>175</width>
            <height>43</height>
            <align>center</align>
            <font>font12</font>
            <textoffsetx>10</textoffsetx>
            <shadowcolor>shadow</shadowcolor>
            <selectedcolor>selected</selectedcolor>
            <label>$INFO[ListItem.Label]</label>

            <animation effect="fade" start="100" end="70" time="0" condition="true">Conditional</animation>
          </control>
          <control type="label">
            <top>248</top>
            <width>175</width>
            <height>43</height>
            <align>center</align>
            <font>font12</font>
            <textoffsetx>10</textoffsetx>
            <shadowcolor>shadow</shadowcolor>
            <selectedcolor>selected</selectedcolor>
            <label>$INFO[ListItem.Label2]</label>

            <animation effect="fade" start="100" end="70" time="0" condition="true">Conditional</animation>
          </control>

        </control>
      </itemlayout>
      <focusedlayout width="240" height="272" >
        <control type="group">
          <control type="image">
            <posx>0</posx>
            <posy>40</posy>
            <width>170</width>
            <height>245</height>
            <aspectratio align="center">stretch</aspectratio>
            <bordersize>2</bordersize>
            <texture background="true">$VAR[PosterVar]</texture>
          </control>
          <control type="image">
            <top>40</top>
            <width>175</width>
            <height>250</height>
            <texture border="10">thumbs/thumbnail_focused.png</texture>
            <include>FocusFadeInAnimation</include>
          </control>
          <control type="label">
            <top>220</top>
            <width>175</width>
            <height>43</height>
            <align>center</align>
            <font>font12</font>
            <textoffsetx>10</textoffsetx>
            <textcolor>white</textcolor>
            <shadowcolor>shadow</shadowcolor>
           <label>$INFO[ListItem.Label]</label>
            <animation effect="fade" start="100" end="100" time="0" condition="true">Conditional</animation>
          </control>
          <control type="label">
            <top>248</top>
            <width>175</width>
            <height>43</height>
            <align>center</align>
            <font>font12</font>
            <textoffsetx>10</textoffsetx>
            <textcolor>white</textcolor>
            <shadowcolor>shadow</shadowcolor>
            <label>$INFO[ListItem.Label2]</label>
            <animation effect="fade" start="100" end="100" time="0" condition="true">Conditional</animation>
          </control>
       </control>
        
      </focusedlayout>
    </control>

    <!---------- --------------- FIN TELEX-------- --------------------------------->
    <control type="grouplist" id="9001">
      <left>-36</left>
      <top>665</top>
      <width>2000</width>
      <height>290</height>
      <onup>9000</onup>
      <ondown>noop</ondown>
      <usecontrolcoords>true</usecontrolcoords>
      <scrolltime tween="quadratic" easing="out">300</scrolltime>
      <control type="group" id="90017">
        <left>0</left>
        <top>0</top>
        <width>1190</width>
        <height>290</height>
        <control type="button" id="900171">
          <description>FS Plot</description>
          <texturenofocus />
          <width>1190</width>
          <height>290</height>
          <label />
          <onup>9000</onup>
          <ondown>55</ondown>
          <!--<onright condition="String.IsEmpty(Window(Home).Property(IconmixShowInfo))">1998</onright> 
          <onright condition="!String.IsEmpty(Window(Home).Property(IconmixShowInfo))">50</onright>-->
          <onright>50</onright>
          <onclick>SetProperty(TextViewerHeader,$INFO[ListItem.Label,[B],[/B]],Home)</onclick>
          <!-- <onclick>SetProperty(TextViewerContent,$ESCINFO[ListItem.Tagline,[I],[/I][CR]]$ESCINFO[ListItem.Plot]$ESCINFO[ListItem.PlotOutline,[CR]---[CR]],Home)</onclick> -->
          <onclick>ActivateWindow(1132)</onclick>
        </control>
        <control type="textbox" id="4">
          <description>Plot</description>
          <include>HiddenObject</include>
        </control>

        <control type="textbox" id="401">
          <description>Plot</description>
          <left>5</left>
          <top>6</top>
          <width>1190</width>
          <height>290</height>
          <shadowcolor>shadow</shadowcolor>
          <font>font12_textbox</font>
          <align>left</align>
          <label>$VAR[VideoPlotVar]</label>
          <textcolor>white</textcolor>
          <pagecontrol>-</pagecontrol>
          <autoscroll time="3000" delay="1000" repeat="6000">Skin.HasSetting(Enable.AutoScroll) + !Control.HasFocus(900171)</autoscroll>
          <animation effect="fade" start="100" end="78" time="300" tween="sine" easing="inout" condition="!Control.HasFocus(900171)">Conditional</animation>

        </control>

      </control>
      <include content="ExtendedInfoListLayout">
        <description>Cast</description>
        <param name="controlId" value="55" />
        <param name="label2" value="$INFO[ListItem.Label2]" />
        <param name="overlayVisibility" value="false" />
        <param name="includeContent" value="false" />
      </include>

      <include content="ExtendedInfoListLayout" condition="System.HasAddon(script.extendedinfo) + String.IsEqual(ListItem.DBType,movie)">
        <description>Similar movies</description>
        <param name="controlId" value="90011" />
        <param name="label2" value="$INFO[ListItem.Year]" />
        <param name="listVisible" value="!String.IsEqual(Window(Home).Property(SimilarMovies.Count),0)" />
        <param name="content" value="plugin://script.extendedinfo?info=similarmovies&amp;&amp;imdb_id=$INFO[ListItem.IMDBNumber]&amp;&amp;dbid=$INFO[ListItem.DBID]" />
      </include>
      <include content="ExtendedInfoListLayout" condition="System.HasAddon(script.extendedinfo) + String.IsEqual(ListItem.DBType,movie)">
        <description>Movies from director</description>
        <param name="controlId" value="90012" />
        <param name="label2" value="$INFO[ListItem.Year]" />
        <param name="listVisible" value="!String.IsEqual(Window(Home).Property(DirectorMovies.Count),0)" />
        <param name="content" value="plugin://script.extendedinfo?info=personmovies&amp;&amp;person=$INFO[ListItem.Director]" />
      </include>
      <include content="ExtendedInfoListLayout" condition="System.HasAddon(script.extendedinfo) + String.IsEqual(ListItem.DBType,movie)">
        <description>Movies from writers</description>
        <param name="controlId" value="90013" />
        <param name="label2" value="$INFO[ListItem.Year]" />
        <param name="listVisible" value="!String.IsEqual(Window(Home).Property(WriterMovies.Count),0)" />
        <param name="content" value="plugin://script.extendedinfo?info=personmovies&amp;&amp;person=$INFO[ListItem.Writer]" />
      </include>
      <include content="ExtendedInfoListLayout" condition="System.HasAddon(script.extendedinfo) + String.IsEqual(ListItem.DBType,movie)">
        <description>Movies from studio</description>
        <param name="controlId" value="90014" />
        <param name="label2" value="$INFO[ListItem.Year]" />
        <param name="listVisible" value="!String.IsEqual(Window(Home).Property(StudioInfo.Count),0)" />
        <param name="content" value="plugin://script.extendedinfo?info=studio&amp;&amp;studio=$INFO[ListItem.Studio]" />
      </include>
      <include content="ExtendedInfoListLayout" condition="String.IsEqual(ListItem.DBType,movie)">
        <description>Movies from Set</description>
        <param name="controlId" value="90018" />
        <param name="label2" value="$INFO[ListItem.Year]" />
        <param name="overlayVisibility" value="false" />
        <param name="listVisible" value="!String.IsEmpty(ListItem.SetID)" />
        <param name="content" value="videodb://movies/sets/$INFO[ListItem.SetID]" />
      </include>
      <include content="ExtendedInfoListLayout" condition="System.HasAddon(script.extendedinfo) + String.IsEqual(ListItem.DBType,tvshow) | String.IsEqual(ListItem.DBType,season) | String.IsEqual(ListItem.DBType,episode)">
        <description>Seasons</description>
        <param name="controlId" value="90016" />
        <param name="label2" value="$INFO[ListItem.Property(TotalEpisodes),, $LOCALIZE[20453]]" />
        <param name="overlayVisibility" value="false" />
        <param name="listVisible" value="Integer.IsGreater(ListItem.Property(TotalSeasons),0) + String.IsEqual(ListItem.DBType,tvshow)" />
        <param name="content" value="videodb://tvshows/titles/$INFO[ListItem.DBID]/" />
      </include>
      <include content="ExtendedInfoListLayout" condition="System.HasAddon(script.extendedinfo) + String.IsEqual(ListItem.DBType,tvshow) | String.IsEqual(ListItem.DBType,season) | String.IsEqual(ListItem.DBType,episode)">
        <description>Similar TV Shows</description>
        <param name="controlId" value="90015" />
        <param name="label2" value="$INFO[ListItem.Year]" />
        <param name="listVisible" value="Integer.IsGreater(Container(90015).NumItems,0) | Container(90015).IsUpdating" />
        <param name="content" value="plugin://script.extendedinfo?info=similartvshows&amp;&amp;$VAR[SimilarShowsIDVar]" />
      </include>
      <include content="ExtendedInfoListLayout" condition="System.HasAddon(script.extendedinfo) + String.IsEqual(ListItem.DBType,tvshow) | String.IsEqual(ListItem.DBType,season) | String.IsEqual(ListItem.DBType,episode)">
        <description>Popluar TV Shows</description>
        <param name="controlId" value="90019" />
        <param name="label2" value="$INFO[ListItem.Year]" />
        <param name="listVisible" value="!String.IsEqual(Window(Home).Property(PopularTVShows.Count),0)" />
        <param name="content" value="plugin://script.extendedinfo?info=populartvshows" />
      </include>
      <include content="ExtendedInfoListLayout" condition="System.HasAddon(script.extendedinfo) + String.IsEqual(ListItem.DBType,tvshow) | String.IsEqual(ListItem.DBType,season) | String.IsEqual(ListItem.DBType,episode)">
        <description>Top Rated TV Shows</description>
        <param name="controlId" value="90020" />
        <param name="label2" value="$INFO[ListItem.Year]" />
        <param name="listVisible" value="!String.IsEqual(Window(Home).Property(TopRatedTVShows.Count),0)" />
        <param name="content" value="plugin://script.extendedinfo?info=topratedtvshows" />
      </include>
      <include content="ExtendedInfoListLayout" condition="System.HasAddon(script.extendedinfo) + String.IsEqual(ListItem.DBType,tvshow) | String.IsEqual(ListItem.DBType,season) | String.IsEqual(ListItem.DBType,episode)">
        <description>TV shows airing today</description>
        <param name="controlId" value="90021" />
        <param name="label2" value="$INFO[ListItem.Year]" />
        <param name="listVisible" value="!String.IsEqual(Window(Home).Property(AiringTodayTVShows.Count),0)" />
        <param name="content" value="plugin://script.extendedinfo?info=airingtodaytvshows" />
      </include>
      <include content="ExtendedInfoListLayout" condition="System.HasAddon(script.extendedinfo) + String.IsEqual(ListItem.DBType,tvshow) | String.IsEqual(ListItem.DBType,season) | String.IsEqual(ListItem.DBType,episode)">
        <description>On-the-air TV shows</description>
        <param name="controlId" value="90022" />
        <param name="label2" value="$INFO[ListItem.Year]" />
        <param name="listVisible" value="!String.IsEqual(Window(Home).Property(OnAirTVShows.Count),0)" />
        <param name="content" value="plugin://script.extendedinfo?info=onairtvshows" />
      </include>
    </control>
    <control type="scrollbar" id="70">
      <include>HiddenObject</include>
    </control>
    <control type="group" id="71">
      <top>975</top>
      <visible>ControlGroup(9001).HasFocus</visible>
      <include>SettingsFadeAnimation</include>
      <control type="label">
        <right>0</right>
        <height>90</height>
        <font>font12</font>
        <textcolor>white</textcolor>
        <label>$VAR[VideoInfoDetailsLabelVar]</label>
      </control>
      <control type="button">
        <right>230</right>
        <top>20</top>
        <width>40</width>
        <height>25</height>
        <label />
        <texturenofocus border="1" colordiffuse="themecolor">android/numberpicker_up_normal_holo_white.png</texturenofocus>
        <texturefocus border="1" colordiffuse="themecolor">android/numberpicker_up_longpressed_holo_white.png</texturefocus>
        <onclick>PageUp(70)</onclick>
      </control>
      <control type="button">
        <right>230</right>
        <top>50</top>
        <width>40</width>
        <height>25</height>
        <label />
        <texturenofocus border="1" colordiffuse="themecolor">android/numberpicker_down_normal_holo_white.png</texturenofocus>
        <texturefocus border="1" colordiffuse="themecolor">android/numberpicker_down_longpressed_holo_white.png</texturefocus>
        <onclick>PageDown(70)</onclick>
        <animation effect="fade" time="100">VisibleChange</animation>
        <visible>Container(9001).HasNext</visible>
      </control>
    </control>

  </control>

  <control type="group">
    <left>3</left>
    <control type="grouplist" id="9000">
      <left>1</left>
      <top>625</top>
      <width>1192</width>
      <height>60</height>
      <onleft>9000</onleft>
      <onright>9000</onright>
      <onup>300</onup>
      <ondown>9001</ondown>
      <orientation>horizontal</orientation>
      <control type="togglebutton" id="8">
        <description>Play/browse to Show</description>
        <textcolor>white</textcolor>
        <include>ButtonInfoDialogsCommonValues</include>
        <font>font14_textbox</font>
        <visible>!String.IsEmpty(ListItem.FolderPath)</visible>

        <label>208</label>
        <altlabel>1024</altlabel>
        <usealttexture>String.IsEqual(ListItem.DBType,tvshow)</usealttexture>
      </control>

      <control type="togglebutton" id="7">
        <description>Set rating</description>
        <font>font12</font>
        <textcolor>white</textcolor>
        <include>ButtonInfoDialogsCommonValues</include>
        <label>38023</label>
        <altlabel>$LOCALIZE[31147]</altlabel>
        <usealttexture>!String.IsEmpty(ListItem.UserRating)</usealttexture>
        <visible>!String.IsEmpty(ListItem.FolderPath)</visible>
      </control>

      <control type="button" id="10">
        <description>Get Thumb</description>
        <font>font12</font>
        <textcolor>white</textcolor>
        <include>ButtonInfoDialogsCommonValues</include>
        <label>13511</label>
        <enable>!Skin.HasSetting(KioskMode.Enabled)</enable>
        <visible>!String.IsEmpty(ListItem.FolderPath)</visible>
      </control>

      <control type="button" id="11">
        <description>Play Trailer</description>
        <font>font12</font>
        <textcolor>white</textcolor>
        <include>ButtonInfoDialogsCommonValues</include>
        <label>20410</label>
        <!-- <enable>!String.IsEmpty(ListItem.Trailer)+!String.IsEmpty(ListItem.FolderPath)</enable> -->
        <enable>!String.IsEmpty(ListItem.Trailer)</enable>
      </control>
      <control type="button" id="203">
        <description>Play Trailer</description>
        <textcolor>white</textcolor>
        <include>ButtonInfoDialogsCommonValues</include>
        <label />
        <onclick>noop</onclick>
        <enable>no</enable>
        <visible>!String.IsEqual(ListItem.DBType,movie)</visible>
      </control>

      <control type="button" id="209">
        <description>Info</description>
        <font>IconMedium</font>
        <width>80</width>
        <textcolor>white</textcolor>
        <include>ButtonInfoDialogsCommonValues</include>
        <label>&#62229;</label>
        <onclick>SetProperty(Extra.Info,True,movieinformation)</onclick>
        <onclick>SetFocus(9002)</onclick>
      </control>

      <control type="button" id="6">
        <description>Refresh</description>
        <font>IconMedium</font>
        <width>80</width>
        <textcolor>white</textcolor>
        <include>ButtonInfoDialogsCommonValues</include>
        <label></label>
        <enable>!Skin.HasSetting(KioskMode.Enabled)+!String.IsEmpty(ListItem.FolderPath)</enable>
        
      </control>

      <control type="button" id="207">
        <description>Extras</description>
        <font>IconMedium</font>
        <width>80</width>
        <textcolor>white</textcolor>
        <include>ButtonInfoDialogsCommonValues</include>
        <label>+</label>
        <onclick>SetProperty(Info.DBID,$INFO[ListItem.DBID],movieinformation)</onclick>
        <onclick>SetProperty(Info.FileNameAndPath,$INFO[ListItem.FileNameAndPath],movieinformation)</onclick>
        <onclick>SetProperty(Info.Path,$INFO[ListItem.Path],movieinformation)</onclick>
        <onclick>SetProperty(Info.Fanart,$INFO[ListItem.Art(fanart)],movieinformation)</onclick>
        <onclick>SetProperty(Info.Artist,$INFO[ListItem.Artist],movieinformation)</onclick>
        <onclick>SetProperty(Info.Label,$INFO[ListItem.Label],movieinformation)</onclick>
        <onclick>SetProperty(Info.DBType,$INFO[ListItem.DBType],movieinformation)</onclick>
        <onclick>ActivateWindow(1119)</onclick>
        <enable>!Skin.HasSetting(KioskMode.Enabled)</enable>
      </control>

    </control>
  </control>
</control>
<control type="group">
  <width>1122</width>
  <height>720</height>
  <centerleft>50%</centerleft>
  <centertop>50%</centertop>
  <visible>!String.IsEmpty(Window.Property(Extra.Info))</visible>
  <animation type="Visible" reversible="false">
    <effect type="zoom" start="150" end="100" center="CenterWidth,CenterHeight" time="300" tween="cubic" easing="out" />
    <effect type="fade" end="100" time="150" />
  </animation>
  <animation type="Hidden" reversible="false">
    <effect type="fade" start="100" end="0" time="100" delay="100" />
    <effect type="zoom" start="100" end="130" center="CenterWidth,CenterHeight" time="200" tween="cubic" easing="in" />
  </animation>
  <control type="image">
    <description>background image</description>
    <width>1122</width>
    <height>720</height>
    <texture border="40">dialogs/default/bg.png</texture>
  </control>
  <control type="label">
    <description>header label</description>
    <left>30</left>
    <top>32</top>
    <width>1062</width>
    <height>40</height>
    <font>font15_title</font>
    <label>$LOCALIZE[544]</label>
    <align>center</align>
    <textcolor>dialogheader</textcolor>
  </control>
  <control type="image">
    <left>30</left>
    <top>86</top>
    <width>1060</width>
    <height>602</height>
    <texture border="5">dialogs/default/inner.png</texture>
  </control>
  <control type="list" id="9002">
    <left>31</left>
    <top>88</top>
    <width>1058</width>
    <height>600</height>
    <onup>9002</onup>
    <ondown>9002</ondown>
    <onleft>60</onleft>
    <onright>60</onright>
    <onback>ClearProperty(Extra.Info,movieinformation)</onback>
    <onback>9000</onback>
    <pagecontrol>60</pagecontrol>
    <scrolltime tween="quadratic" easing="out">200</scrolltime>
    <itemlayout height="60" width="1058">
      <control type="label">
        <width>1058</width>
        <height>60</height>
        <font>font15</font>
        <textcolor>$VAR[ThemeLabelColor]</textcolor>
        <selectedcolor>$VAR[ThemeLabelColor]</selectedcolor>
        <label>$INFO[ListItem.Label2]</label>
        <textoffsetx>15</textoffsetx>
      </control>
      <control type="label">
        <width>1058</width>
        <height>60</height>
        <font>font15</font>
        <align>right</align>
        <textcolor>white</textcolor>
        <selectedcolor>$VAR[ThemeLabelColor]</selectedcolor>
        <label>$INFO[ListItem.Label]</label>
        <textoffsetx>15</textoffsetx>
      </control>
    </itemlayout>
    <focusedlayout height="60" width="1058">
      <control type="image">
        <width>1058</width>
        <height>60</height>
        <texture colordiffuse="$VAR[HighlightBarColor]" border="4">listselect_fo.png</texture>
        <visible>Control.HasFocus(9002)</visible>
        <include>VisibleFadeAnimation</include>
      </control>
      <control type="label">
        <width>1058</width>
        <height>60</height>
        <font>font15</font>
        <textcolor>white</textcolor>
        <selectedcolor>$VAR[ThemeLabelColor]</selectedcolor>
        <label>$INFO[ListItem.Label2]</label>
        <animation effect="fade" start="100" end="70" time="300" tween="sine" easing="inout" condition="!Control.HasFocus(9002)">Conditional</animation>
        <textoffsetx>15</textoffsetx>
      </control>
      <control type="label">
        <width>1058</width>
        <height>60</height>
        <font>font15</font>
        <align>right</align>
        <textcolor>white</textcolor>
        <selectedcolor>$VAR[ThemeLabelColor]</selectedcolor>
        <label>$INFO[ListItem.Label]</label>
        <animation effect="fade" start="100" end="70" time="300" tween="sine" easing="inout" condition="!Control.HasFocus(9002)">Conditional</animation>
        <textoffsetx>15</textoffsetx>
      </control>
    </focusedlayout>
    <content>
      <item>
        <label>$INFO[ListItem.OriginalTitle]</label>
        <label2>$LOCALIZE[20376]:</label2>
        <onclick>noop</onclick>
        <visible>!String.IsEmpty(ListItem.OriginalTitle) + !String.IsEqual(ListItem.OriginalTitle,ListItem.Title)</visible>
      </item>
      <item>
        <label>$INFO[ListItem.Director]</label>
        <label2>$LOCALIZE[20339]:</label2>
        <onclick>SetProperty(TextViewerHeader,$LOCALIZE[20339],Home)</onclick>
        <onclick>SetProperty(TextViewerContent,$ESCINFO[ListItem.Director],Home)</onclick>
        <onclick condition="!System.HasAddon(script.extendedinfo)">SendClick(2003,13)</onclick>
        <visible>!String.IsEmpty(ListItem.Director)</visible>
      </item>
      <item>
        <label>$INFO[ListItem.Writer]</label>
        <label2>$LOCALIZE[20417]:</label2>
        <onclick>SetProperty(TextViewerHeader,$LOCALIZE[20417],Home)</onclick>
        <onclick>SetProperty(TextViewerContent,$ESCINFO[ListItem.Writer],Home)</onclick>
        <onclick>ActivateWindow(1132)</onclick>
        <visible>!String.IsEmpty(ListItem.Writer)</visible>
      </item>
      <item>
        <label>$INFO[ListItem.Genre]</label>
        <label2>$LOCALIZE[515]:</label2>
        <onclick>SetProperty(TextViewerHeader,$LOCALIZE[515],Home)</onclick>
        <onclick>SetProperty(TextViewerContent,$ESCINFO[ListItem.Genre],Home)</onclick>
        <onclick>ActivateWindow(1132)</onclick>
        <visible>!String.IsEmpty(ListItem.Genre)</visible>
      </item>
      <item>
        <label>$INFO[ListItem.Duration,, $LOCALIZE[12391]]</label>
        <label2>$LOCALIZE[2050]:</label2>
        <onclick>SetProperty(TextViewerHeader,$LOCALIZE[515],Home)</onclick>
        <onclick>SetProperty(TextViewerContent,$ESCINFO[ListItem.Duration],Home)</onclick>
        <onclick>ActivateWindow(1132)</onclick>
        <visible>!String.IsEmpty(ListItem.Duration)</visible>
      </item>
      <item>
        <label>$INFO[ListItem.Year]</label>
        <label2>$LOCALIZE[345]:</label2>
        <onclick>SetProperty(TextViewerHeader,$LOCALIZE[20416],Home)</onclick>
        <onclick>SetProperty(TextViewerContent,$ESCINFO[ListItem.Year],Home)</onclick>
        <onclick>ActivateWindow(1132)</onclick>
        <visible>!String.IsEmpty(ListItem.Year) + !String.IsEqual(ListItem.DBType,tvshow)</visible>
      </item>
      <item>
        <label>$INFO[ListItem.Premiered]</label>
        <label2>$LOCALIZE[20416]:</label2>
        <onclick>SetProperty(TextViewerHeader,$LOCALIZE[20416],Home)</onclick>
        <onclick>SetProperty(TextViewerContent,$ESCINFO[ListItem.Premiered],Home)</onclick>
        <onclick>ActivateWindow(1132)</onclick>
        <visible>!String.IsEmpty(ListItem.Premiered)</visible>
      </item>
      <item>
        <label>$INFO[ListItem.Studio]</label>
        <label2>$LOCALIZE[572]:</label2>
        <onclick>SetProperty(TextViewerHeader,$LOCALIZE[20416],Home)</onclick>
        <onclick>SetProperty(TextViewerContent,$ESCINFO[ListItem.Studio],Home)</onclick>
        <onclick>ActivateWindow(1132)</onclick>
        <visible>!String.IsEmpty(ListItem.Studio)</visible>
      </item>
      <item>
        <label>$INFO[ListItem.MPAA]</label>
        <label2>$LOCALIZE[20074]:</label2>
        <onclick>SetProperty(TextViewerHeader,$LOCALIZE[20416],Home)</onclick>
        <onclick>SetProperty(TextViewerContent,$ESCINFO[ListItem.MPAA],Home)</onclick>
        <onclick>ActivateWindow(1132)</onclick>
        <visible>!String.IsEmpty(ListItem.MPAA)</visible>
      </item>
      <item>
        <label>$INFO[ListItem.Country]</label>
        <label2>$LOCALIZE[574]:</label2>
        <onclick>SetProperty(TextViewerHeader,$LOCALIZE[574],Home)</onclick>
        <onclick>SetProperty(TextViewerContent,$ESCINFO[ListItem.Country],Home)</onclick>
        <onclick>ActivateWindow(1132)</onclick>
        <visible>!String.IsEmpty(ListItem.Country)</visible>
      </item>
      <item>
        <label>$INFO[Window(Home).Property(NextAired.Country)]</label>
        <label2>$LOCALIZE[574]:</label2>
        <onclick>SetProperty(TextViewerHeader,$LOCALIZE[574],Home)</onclick>
        <onclick>SetProperty(TextViewerContent,$ESCINFO[ListItem.Property(NextAired.Country)],Home)</onclick>
        <onclick>ActivateWindow(1132)</onclick>
        <visible>String.IsEqual(ListItem.DBType,tvshow) + !String.IsEmpty(Window(Home).Property(NextAired.Country))</visible>
      </item>
      <item>
        <label>$INFO[ListItem.DateAdded]</label>
        <label2>$LOCALIZE[570]:</label2>
        <onclick>SetProperty(TextViewerHeader,$LOCALIZE[570],Home)</onclick>
        <onclick>SetProperty(TextViewerContent,$ESCINFO[ListItem.DateAdded],Home)</onclick>
        <onclick>ActivateWindow(1132)</onclick>
        <visible>!String.IsEmpty(ListItem.DateAdded)</visible>
      </item>
      <item>
        <label>$INFO[ListItem.Path]</label>
        <label2>$LOCALIZE[573]:</label2>
        <onclick>Dialog.Close(all,true)</onclick>
        <onclick>ActivateWindow(Videos,$INFO[ListItem.Path],return)</onclick>
      </item>
     <item>
      <label>$INFO[ListItem.Filename]</label>
      <label2>$LOCALIZE[21800]:</label2>
      <onclick>SetProperty(TextViewerHeader,$LOCALIZE[21800],Home)</onclick>
      <onclick>SetProperty(TextViewerContent,$ESCINFO[ListItem.Filename],Home)</onclick>
      <onclick>ActivateWindow(1132)</onclick>
      <visible>!String.IsEmpty(ListItem.Filename)</visible>
    </item>
    <item>
      <label>$INFO[ListItem.PlayCount]</label>
      <label2>$LOCALIZE[567]:</label2>
      <onclick>SetProperty(TextViewerHeader,$LOCALIZE[567],Home)</onclick>
      <onclick>SetProperty(TextViewerContent,$ESCINFO[ListItem.PlayCount],Home)</onclick>
      <onclick>ActivateWindow(1132)</onclick>
      <visible>!String.IsEmpty(ListItem.PlayCount)</visible>
    </item>
    <item>
      <label>$INFO[ListItem.PercentPlayed,,%]</label>
      <label2 fallback="-">$LOCALIZE[575]:</label2>
      <onclick>SetProperty(TextViewerHeader,$LOCALIZE[575],Home)</onclick>
      <onclick>SetProperty(TextViewerContent,$ESCINFO[ListItem.PercentPlayed,,%],Home)</onclick>
      <onclick>ActivateWindow(1132)</onclick>
      <visible>ListItem.IsResumable</visible>
    </item>
    <item>
      <label>$INFO[ListItem.LastPlayed]</label>
      <label2 fallback="-">$LOCALIZE[568]:</label2>
      <onclick>SetProperty(TextViewerHeader,$LOCALIZE[568],Home)</onclick>
      <onclick>SetProperty(TextViewerContent,$ESCINFO[ListItem.LastPlayed],Home)</onclick>
      <onclick>ActivateWindow(1132)</onclick>
      <visible>!String.IsEmpty(ListItem.LastPlayed)</visible>
    </item>
    <item>
      <label>$INFO[ListItem.Tag]</label>
      <label2 fallback="-">$LOCALIZE[20459]:</label2>
      <onclick>Dialog.Close(movieinformation)</onclick>
      <onclick>ActivateWindow(Videos,videodb://movies/tags,/return)</onclick>
      <visible>!String.IsEmpty(ListItem.Tag)</visible>
    </item>
    <item>
      <label>$INFO[ListItem.Set]</label>
      <label2 fallback="-">$LOCALIZE[20457]:</label2>
      <onclick>Dialog.Close(movieinformation)</onclick>
      <onclick>ActivateWindow(Videos,videodb://movies/sets/$INFO[ListItem.SetID],return)</onclick>
      <visible>!String.IsEmpty(ListItem.Set)</visible>
    </item>
    <item>
      <label>$INFO[ListItem.Property(AudioLanguage.1)]$INFO[ListItem.Property(AudioCodec.1), / ]$INFO[ListItem.Property(AudioChannels.1), / , [LOWERCASE]$LOCALIZE[21444][/LOWERCASE]]</label>
      <label2>$LOCALIZE[460] 1:</label2>
      <onclick>noop</onclick>
      <visible>!String.IsEmpty(ListItem.Property(AudioLanguage.1))</visible>
    </item>
    <item>
      <label>$INFO[ListItem.Property(AudioLanguage.2)]$INFO[ListItem.Property(AudioCodec.2), / ]$INFO[ListItem.Property(AudioChannels.2), / , [LOWERCASE]$LOCALIZE[21444][/LOWERCASE]]</label>
      <label2>$LOCALIZE[460] 2:</label2>
      <onclick>noop</onclick>
      <visible>!String.IsEmpty(ListItem.Property(AudioLanguage.2))</visible>
    </item>
    <item>
      <label>$INFO[ListItem.Property(AudioLanguage.3)]$INFO[ListItem.Property(AudioCodec.3), / ]$INFO[ListItem.Property(AudioChannels.3), / , [LOWERCASE]$LOCALIZE[21444][/LOWERCASE]]</label>
      <label2>$LOCALIZE[460] 3:</label2>
      <onclick>noop</onclick>
      <visible>!String.IsEmpty(ListItem.Property(AudioLanguage.3))</visible>
    </item>
    <item>
      <label>$INFO[ListItem.Property(AudioLanguage.4)]$INFO[ListItem.Property(AudioCodec.4), / ]$INFO[ListItem.Property(AudioChannels.4), / , [LOWERCASE]$LOCALIZE[21444][/LOWERCASE]]</label>
      <label2>$LOCALIZE[460] 4:</label2>
      <onclick>noop</onclick>
      <visible>!String.IsEmpty(ListItem.Property(AudioLanguage.4))</visible>
    </item>
    <item>
      <label>$INFO[ListItem.Property(AudioLanguage.5)]$INFO[ListItem.Property(AudioCodec.5), / ]$INFO[ListItem.Property(AudioChannels.5), / , [LOWERCASE]$LOCALIZE[21444][/LOWERCASE]]</label>
      <label2>$LOCALIZE[460] 5:</label2>
      <onclick>noop</onclick>
      <visible>!String.IsEmpty(ListItem.Property(AudioLanguage.5))</visible>
    </item>
    <item>
      <label>$INFO[ListItem.Property(AudioLanguage.6)]$INFO[ListItem.Property(AudioCodec.6), / ]$INFO[ListItem.Property(AudioChannels.6), / , [LOWERCASE]$LOCALIZE[21444][/LOWERCASE]]</label>
      <label2>$LOCALIZE[460] 6:</label2>
      <onclick>noop</onclick>
      <visible>!String.IsEmpty(ListItem.Property(AudioLanguage.6))</visible>
    </item>
    <item>
      <label>$INFO[ListItem.Property(AudioLanguage.7)]$INFO[ListItem.Property(AudioCodec.7), / ]$INFO[ListItem.Property(AudioChannels.7), / , [LOWERCASE]$LOCALIZE[21444][/LOWERCASE]]</label>
      <label2>$LOCALIZE[460] 7:</label2>
      <onclick>noop</onclick>
      <visible>!String.IsEmpty(ListItem.Property(AudioLanguage.7))</visible>
    </item>
    <item>
      <label>$INFO[ListItem.Property(SubtitleLanguage.1)]</label>
      <label2>$LOCALIZE[21448] 1:</label2>
      <onclick>noop</onclick>
      <visible>!String.IsEmpty(ListItem.Property(SubtitleLanguage.1))</visible>
    </item>
    <item>
      <label>$INFO[ListItem.Property(SubtitleLanguage.2)]</label>
      <label2>$LOCALIZE[21448] 2:</label2>
      <onclick>noop</onclick>
      <visible>!String.IsEmpty(ListItem.Property(SubtitleLanguage.2))</visible>
    </item>
    <item>
      <label>$INFO[ListItem.Property(SubtitleLanguage.3)]</label>
      <label2>$LOCALIZE[21448] 3:</label2>
      <onclick>noop</onclick>
      <visible>!String.IsEmpty(ListItem.Property(SubtitleLanguage.3))</visible>
    </item>
    <item>
      <label>$INFO[ListItem.Property(SubtitleLanguage.4)]</label>
      <label2>$LOCALIZE[21448] 4:</label2>
      <onclick>noop</onclick>
      <visible>!String.IsEmpty(ListItem.Property(SubtitleLanguage.4))</visible>
    </item>
    <item>
      <label>$INFO[ListItem.Property(SubtitleLanguage.5)]</label>
      <label2>$LOCALIZE[21448] 5:</label2>
      <onclick>noop</onclick>
      <visible>!String.IsEmpty(ListItem.Property(SubtitleLanguage.5))</visible>
    </item>
    <item>
      <label>$INFO[ListItem.Property(SubtitleLanguage.6)]</label>
      <label2>$LOCALIZE[21448] 6:</label2>
      <onclick>noop</onclick>
      <visible>!String.IsEmpty(ListItem.Property(SubtitleLanguage.6))</visible>
    </item>
    <item>
      <label>$INFO[ListItem.Property(SubtitleLanguage.7)]</label>
      <label2>$LOCALIZE[21448] 7:</label2>
      <onclick>noop</onclick>
      <visible>!String.IsEmpty(ListItem.Property(SubtitleLanguage.7))</visible>
    </item>
    <item>
      <label>$INFO[ListItem.Property(SubtitleLanguage.8)]</label>
      <label2>$LOCALIZE[21448] 8:</label2>
      <onclick>noop</onclick>
      <visible>!String.IsEmpty(ListItem.Property(SubtitleLanguage.8))</visible>
    </item>
    <item>
      <label>$INFO[ListItem.Property(SubtitleLanguage.9)]</label>
      <label2>$LOCALIZE[21448] 9:</label2>
      <onclick>noop</onclick>
      <visible>!String.IsEmpty(ListItem.Property(SubtitleLanguage.9))</visible>
    </item>
    <item>
      <label>$INFO[ListItem.Property(SubtitleLanguage.10)]</label>
      <label2>$LOCALIZE[21448] 10:</label2>
      <onclick>noop</onclick>
      <visible>!String.IsEmpty(ListItem.Property(SubtitleLanguage.10))</visible>
    </item>
    <item>
      <label>$INFO[ListItem.Property(SubtitleLanguage.11)]</label>
      <label2>$LOCALIZE[21448] 11:</label2>
      <onclick>noop</onclick>
      <visible>!String.IsEmpty(ListItem.Property(SubtitleLanguage.11))</visible>
    </item>
    <item>
      <label>$INFO[ListItem.Property(SubtitleLanguage.12)]</label>
      <label2>$LOCALIZE[21448] 12:</label2>
      <onclick>noop</onclick>
      <visible>!String.IsEmpty(ListItem.Property(SubtitleLanguage.12))</visible>
    </item>
    <item>
      <label>$INFO[ListItem.Property(SubtitleLanguage.13)]</label>
      <label2>$LOCALIZE[21448] 13:</label2>
      <onclick>noop</onclick>
      <visible>!String.IsEmpty(ListItem.Property(SubtitleLanguage.13))</visible>
    </item>
    <item>
      <label>$INFO[ListItem.Property(SubtitleLanguage.14)]</label>
      <label2>$LOCALIZE[21448] 14:</label2>
      <onclick>noop</onclick>
      <visible>!String.IsEmpty(ListItem.Property(SubtitleLanguage.14))</visible>
    </item>
    <item>
      <label>$INFO[ListItem.Property(SubtitleLanguage.15)]</label>
      <label2>$LOCALIZE[21448] 15:</label2>
      <onclick>noop</onclick>
      <visible>!String.IsEmpty(ListItem.Property(SubtitleLanguage.15))</visible>
    </item>
    <item>
      <label>$INFO[ListItem.Property(SubtitleLanguage.16)]</label>
      <label2>$LOCALIZE[21448] 16:</label2>
      <onclick>noop</onclick>
      <visible>!String.IsEmpty(ListItem.Property(SubtitleLanguage.16))</visible>
    </item>
    <item>
      <label>$INFO[ListItem.Property(SubtitleLanguage.17)]</label>
      <label2>$LOCALIZE[21448] 17:</label2>
      <onclick>noop</onclick>
      <visible>!String.IsEmpty(ListItem.Property(SubtitleLanguage.17))</visible>
    </item>
    <item>
      <label>$INFO[ListItem.Property(SubtitleLanguage.18)]</label>
      <label2>$LOCALIZE[21448] 18:</label2>
      <onclick>noop</onclick>
      <visible>!String.IsEmpty(ListItem.Property(SubtitleLanguage.18))</visible>
    </item>
    <item>
      <label>$INFO[ListItem.Property(SubtitleLanguage.19)]</label>
      <label2>$LOCALIZE[21448] 19:</label2>
      <onclick>noop</onclick>
      <visible>!String.IsEmpty(ListItem.Property(SubtitleLanguage.19))</visible>
    </item>
    <item>
      <label>$INFO[ListItem.Property(SubtitleLanguage.20)]</label>
      <label2>$LOCALIZE[21448] 20:</label2>
      <onclick>noop</onclick>
      <visible>!String.IsEmpty(ListItem.Property(SubtitleLanguage.20))</visible>
    </item>
  </content>
</control>

<control type="scrollbar" id="60">
  <left>1092</left>
  <top>88</top>
  <height>600</height>
  <width>14</width>
  <onleft>9002</onleft>
  <onright>9002</onright>
  <ondown>60</ondown>
  <onup>60</onup>
  <showonepage>false</showonepage>
  <texturesliderbackground />
  <texturesliderbar colordiffuse="55ffffff" border="4">scrollbar/texturesliderbar3.png</texturesliderbar>
  <texturesliderbarfocus border="4">scrollbar/texturesliderbar3.png</texturesliderbarfocus>
  <animation effect="slide" start="0" end="157" time="0" tween="quadratic" condition="Control.IsVisible(3) + !Control.IsVisible(5)">Conditional</animation>
</control>

</control>
<!-- telex 15/04/2021 --->
 <animation effect="slide" end="-1900" time="700" condition="Control.HasFocus(7781)|Control.HasFocus(7779)|Control.HasFocus(7778)|Control.HasFocus(5051)|Control.HasFocus(5052)">Conditional</animation>
-->
</control>


<control type="group"><!-- fleches d'aide --->
                <visible>Control.HasFocus(1998)</visible>
                <animation type="Conditional" loop="true" condition="true">
                  <effect type="fade"  start="0" end="100"  time="1000" delay="2000" reversible="false"/>
                </animation>
                <top>10</top>
            <right>40</right>
            <width>30</width>
            <height>30</height>                
                <control type="image"> 
                  <align>center</align>
                  <texture >arrowright.png</texture>
                </control>
              </control>

<control type="group">
  <top>-10</top>
  <left>2000</left>
  <animation effect="slide" start="0" end="-2000" time="700" condition="Control.HasFocus(7781)|Control.HasFocus(7779)|Control.HasFocus(7778)|Control.HasFocus(5051)|Control.HasFocus(5052)">Conditional</animation>
  
  <include>PanelActeurs</include>
</control>
<!-- debug --
<control type="label">
  <label>1998:$INFO[Container(1998).NumItems][CR]0050:$INFO[Container(50).NumItems][CR]5051:$INFO[Container(5051).NumItems][CR]5051idx:$INFO[Container(5051).CurrentItem][CR]$INFO[Container(5051).ListItem.Property(TMDBNumber)][CR]$INFO[Container(5051).ListItem.Property(poster)][CR]ShowInfo:$INFO[Window(Home).Property(IconmixShowInfo)]</label>
</control>
<!-- fin telex 15/04/2021 --->
</controls>

</window>