<?xml version="1.0" encoding="UTF-8"?>
<includes>
  <!-- TELEXX 10/08/2018-->
  <include name="ListeEpisodes">
  <control type="label" id="2667">
    <!-- <include>IsMainMenuVisible</include> -->
    <visible>!String.IsEmpty(Window(Home).property(IconmixFlagPanelEpisode))</visible>
  </control>

  <!---------------------------------------- LISTE DE TOUS LES  EPISODES ------------------------------------------------------------------------ -->
  <control type="group">
    <visible>[String.IsEqual(ListItem.DbType,tvshow)|String.IsEqual(ListItem.DbType,season)]+!Skin.HasSetting(DisableTvList)</visible>
    <!----->
    <control type="image">
      <width>1920</width>
      <height>1080</height>
      <texture>background.png</texture>
      <animation type="Conditional" condition="!Control.HasFocus(2998)+!Control.HasFocus(2996)+!Control.HasFocus(2666)+!Control.IsVisible(2667)" reversible="false">
        <effect type="slide" end="1930" time="0"  />
      </animation>

      <animation type="Conditional" condition="Control.HasFocus(2998)|Control.HasFocus(2996)" reversible="true">
        <effect type="fade" start="0" end="80" time="50"  />
      </animation>
    </control>
    <!--- button accès épisodes --->
    <control type="group">
      <top>200</top>
      <left>1975</left>
      <visible>!Window.IsVisible(12003)+!Control.HasFocus(2998)+!Control.HasFocus(2996)+!Control.IsVisible(2667)+!Container.OnNext+!Container.OnPrevious+Integer.IsGreater(Container(2666).NumItems,0)</visible>
      <!-- -->
      <animation type="Conditional" condition="true" reversible="false">
        <effect type="rotate" center="1975,200" end="-90" time="0"  />
        <effect type="slide" start="0" end="0,50" time="250" delay="500" />
      </animation>

      <control type="button" id="2998">
        <onfocus condition="String.IsEmpty(Window(Home).property(IconmixFlagPanelEpisode))">SetProperty(IconmixFlagPanelEpisode,$INFO[Container(2666).ListItem.DBID],Home)</onfocus>

        <onclick>SetProperty(IconmixFlagPanelEpisode,$INFO[ListItem.DBID],Home)</onclick>
        <onclick>PlayMedia($INFO[Container(2666).ListItem.FileNameandPath])</onclick>
        <onup>Control.Move(2666,-1)</onup>
        <ondown>Control.Move(2666,1)</ondown>
        <onback>ClearProperty(IconmixFlagPanelEpisode,Home)</onback>
        <onback>50</onback>
        <!---->
        <onleft>ClearProperty(IconmixFlagPanelEpisode,Home)</onleft>
        <onleft>50</onleft>

        <onright>2996</onright>
        <label>$LOCALIZE[31109] ([COLOR=lightgreen]$INFO[ListItem.Property(UnWatchedEpisodes),,/][/COLOR][COLOR=yellow]$INFO[ListItem.Property(TotalEpisodes),,][/COLOR])</label>
        <visible>Integer.IsGreater(Container(2666).NumItems,0)</visible>
        <texturenofocus>new_pvr/osd_line_white.png</texturenofocus>
        <colordiffuse>F02F2F2F</colordiffuse>
        <texturefocus >separator2.png</texturefocus>
        <width max="600">auto</width>
        <height>40</height>
        <align>left</align>
        <aligny>center</aligny>
        <focusedcolor>yellow</focusedcolor>
        <textoffsetx>50</textoffsetx>
      </control>
    </control>
    <!--- controle de la liste ---->
    <control type="group">
      <top>200</top>
      <left>400</left>
      <animation type="Conditional" condition="!Control.HasFocus(2998)+!Control.HasFocus(2996)+!Control.HasFocus(2666)+!Control.IsVisible(2667)" reversible="true">
        <effect type="slide" end="1920" time="500"  />
      </animation>
      <animation type="Conditional" condition="Control.IsVisible(2667)+!String.IsEmpty(Window(Home).property(IconmixFlagPanelEpisode))" reversible="true">
        <effect type="slide" end="450" time="0"  />
      </animation>

      <!-- poster de la saison -->
      <control type="group">
        <visible>Control.HasFocus(2998)|Control.HasFocus(2996)</visible>
        <top>70</top>
        <left>70</left>
        <width>360</width>
        <height>550</height>

        <animation type="Visible" reversible="true">
          <effect type="fade" start="0" end="100" time="1000" />
          <effect type="slide" start="0" end="-390" time="1" />
          <effect type="rotatey" delay="1100" center="440,0" start="110" end="-20" time="500" tween="bounce" easy="out"  />
        </animation>
        <control type="image">



          <bordersize>25</bordersize>
          <bordertexture border="25" colordiffuse="FFFFFFFF">listpanel_back.png</bordertexture>
          <texture background="true" fallback="" >$INFO[Container(2666).ListItem.Property(PosterSaison)]</texture>
          <aspectratio scalediffuse="true">keep</aspectratio>
        </control>
        
      </control>
      <!-- apercu episode -->
      <control type="group">
        <visible>!String.IsEmpty(Container(2666).ListItem.Icon)+[Control.HasFocus(2998)|Control.HasFocus(2996)]</visible>
        <top>50</top>
        <left>510</left>
        <animation type="Visible" reversible="false">
          <effect type="fade" start="0" end="100" time="800" />
          <effect type="slide" start="0" end="460" time="1" />
          <effect type="rotatey" delay="900" center="510,0" start="-110" end="15" time="300" />
        </animation>


        <control type="image">

          <height>500</height>
          <width>450</width>
          <bordersize>25</bordersize>
          <bordertexture border="25" colordiffuse="FFFFFFFF">listpanel_back.png</bordertexture>
          <texture background="true" fallback="background.png">$INFO[Container(2666).ListItem.Icon]</texture>
          <aspectratio scalediffuse="true">keep</aspectratio>

        </control>
        <control type="image">
          <left>155</left>
          <top>5</top>
          <width>150</width>
          <height>150</height>
          <colordiffuse>A0101010</colordiffuse>
          <aspectratio>keep</aspectratio>
          <texture >resource://resource.images.studios.coloured/$INFO[Window(Home).Property(IconMixTvNetwork)].png</texture>


        </control>
        <control type="image">
          <left>150</left>
          <width>150</width>
          <height>150</height>
          <aspectratio>keep</aspectratio>
          <texture >resource://resource.images.studios.coloured/$INFO[Window(Home).Property(IconMixTvNetwork)].png</texture>


        </control>
      </control>
      <!-- banniere -->
      <control type="image">
        <visible>Control.HasFocus(2998)|Control.HasFocus(2996)|Control.IsVisible(2667)</visible>
        <animation type="Visible" reversible="false">
          <effect type="fade" start="0" end="100" time="1000" />
          <effect type="slide" start="0,0" end="0,-200" time="800" />
        </animation>
        <top>-680</top>
        <left>140</left>
        <width>755</width>
        
        <bordertexture border="25" colordiffuse="FFFFFFFF">listpanel_back.png</bordertexture>
        <!-- <texture background="true" >$VAR[BanniereEpTv]</texture> -->
        <aspectratio scalediffuse="true">keep</aspectratio>
      </control>
      <!-- synopsis de l'épisode -->

      <control type="group">
        <top>286</top>
        <left>30</left>
        <height>210</height>
        <width>950</width>
        <visible>String.IsEmpty(Container(2666).ListItem.Label2)</visible>
        <animation type="Visible" reversible="false">
          <effect type="slide" start="0,0" end="0,300" time="250" />
        <!--<effect type="rotatey" delay="1100" center="510,0" start="-110" end="15" time="500" />-->
      </animation>


      <control type="image">
        <texture border="40">listpanel_back.png</texture>
        <aspectratio scalediffuse="true">stretch</aspectratio>
      </control>
      <control type="textbox" id="8888" >
        <pagecontrol>8867</pagecontrol>
        <width>905</width>
        <height>90</height>
        <posx>20</posx>
        <posy>25</posy>
        <aligny>top</aligny>
        <align>center</align>
        <font>impactsongs</font>
        <autoscroll delay="5000" time="3500" repeat="10000">Control.HasFocus(2998)|Control.IsVisible(2667)</autoscroll>
        <label>$INFO[Container(2666).ListItem.Plot]</label>
        <shadowcolor>FF000000</shadowcolor>
        <textcolor>white</textcolor>
      </control>

    </control>
    <!-- liste -->
    <control type="image">
      <top>-30</top>
      <left>30</left>
      <height>630</height>
      <width>955</width>
      <texture border="40">listpanel_back.png</texture>
      <aspectratio scalediffuse="true">stretch</aspectratio>
    </control>


    <control type="scrollbar" id="2996">
      <description>My first scroll bar control</description>
      <left>960</left>
      <top>5</top>
      <width>20</width>
      <height>570</height>
      <visible>true</visible>
      <texturesliderbackground>scrollbarfond.png</texturesliderbackground>
      <textureslidernibfocus>ScrollBarV_Nib_Focus.png</textureslidernibfocus>
      <textureslidernib>scrollbarvr.gif</textureslidernib>
      <onleft>setFocus(2998)</onleft>
      <showonepage>false</showonepage>
      <orientation>vertical</orientation>
      <pulseonselect>true</pulseonselect>
      <onright condition="String.IsEmpty(Container(2666).ListItem.Label2)">SetProperty(IconmixFlagPanelEpisode,$INFO[Container(2666).ListItem.DBID],Home)</onright>
      <onright condition="!String.IsEmpty(Container(2666).ListItem.Label2)">SetProperty(IconmixFlagPanelEpisode,0,Home)</onright>
      <ondown>setFocus(2998)</ondown>
      <onup>setFocus(2998)</onup>
    </control>
    <control type="fixedlist" id="2666">
      <left>40</left>
      <focusposition>2</focusposition>
      <movement>11</movement>
      <pagecontrol>2996</pagecontrol>

      <!--- lecture ou pas si saison--->

      <posx>5</posx>
      <posy>0</posy>
      <height>560</height>
      <width>1350</width>
    <!-- <content>plugin://script.iconmixtools/?action=getepisodeskodi&id=$INFO[ListItem.DBID]</content> -->
    <orientation>vertical</orientation>
    <preloaditems>2</preloaditems>
    <aligny>top</aligny>

    <itemlayout width="0" height="40">
      <control type="group">

        <left>40</left>
       
        <control type="label">
          <!--   <include>isWatched</include>
          <posx>110</posx> -->
          <left>10</left>
          <posy>-2</posy>
          <width>840</width>
          <height>35</height>
          <aligny>center</aligny>
          <align>left</align>
          <font>exptext</font>
          <shadowcolor>FF5F5F5F</shadowcolor>
          <textcolor>white</textcolor>
          <label>$INFO[ListItem.Label]$INFO[ListItem.Title]</label>
          <scroll>false</scroll>
          <visible>!String.IsEqual(ListItem.Label,..)+!String.IsEqual(ListItem.Title,..)+String.IsEmpty(ListItem.Label2)</visible>
        </control>

        <control type="image">
          <!-- ligne separatrice SAISON-->
          <posx>0</posx>
          <posy>0</posy>
          <width>810</width>
          <height>40</height>
          <texture>new_pvr/osd_line_white.png</texture>
          <colordiffuse>F02F2F2F</colordiffuse>
          <visible>!String.IsEmpty(ListItem.Label2)</visible>
        </control>
        <control type="image">
          <!-- ligne separatrice EPISODE-->
          <posx>38</posx>
          <posy>0</posy>
          <width>810</width>
          <height>2</height>
          <texture>new_pvr/osd_line_white.png</texture>
          <colordiffuse>F0FFFFFF</colordiffuse>
          <visible>String.IsEmpty(ListItem.Label2)</visible>
        </control>

        <control type="label">

          <left>10</left>

          <width>840</width>
          <height>35</height>
          <aligny>center</aligny>
          <align>center</align>
          <font>chicken</font>
          <shadowcolor>FF5F5F5F</shadowcolor>
          <textcolor>yellow</textcolor>
          <label>SAISON $INFO[ListItem.Label2] - [COLOR=white]( $INFO[ListItem.Label]$INFO[ListItem.Property(Complet),/,] EPISODES )[/COLOR] </label>
          <scroll>false</scroll>

          <visible>!String.IsEmpty(ListItem.Label2)+!String.IsEmpty(ListItem.Property(Complet))</visible>
        </control>

        <control type="label">

          <left>10</left>
          <posy>2</posy>
          <width>840</width>
          <height>35</height>
          <aligny>center</aligny>
          <align>center</align>
          <font>chicken</font>
          <shadowcolor>FF5F5F5F</shadowcolor>
          <textcolor>yellow</textcolor>
          <label>SAISON $INFO[ListItem.Label2] - [COLOR=white]( COMPLETE )[/COLOR]</label>
          <scroll>false</scroll>

          <visible>!String.IsEmpty(ListItem.Label2)+String.IsEmpty(ListItem.Property(Complet))</visible>
        </control>

        <control type="image">
          <posx>0</posx>
          <posy>0</posy>
          <width>810</width>
          <height>40</height>
          <texture>frames/fondplot.png</texture>
          <colordiffuse>50FFFFFF</colordiffuse>
          <visible>!String.IsEmpty(ListItem.Label2)</visible>
        </control>

        <control type="image">
          <left>20</left>
          <top>2</top>
          <height>35</height>
          <width>119</width>
          <aspectratio>keep</aspectratio>
          <texture>buttons/parent.png</texture>
          <visible>String.IsEqual(ListItem.Label,..)|String.IsEqual(ListItem.Title,..)</visible>
        </control>
      </control>

    </itemlayout>
    <focusedlayout width="0" height="40">

    <control type="image">
      <posx>5</posx>
      <width>920</width>
      <height>40</height>
      <aligny>center</aligny>
      
			<texture colordiffuse="$VAR[HighlightBarColor]" border="1">listselect_fo.png</texture>
      <aspectratio>stretch</aspectratio>
      <colordiffuse>FocusBar</colordiffuse>
    </control>
    <control type="group">
      <left>40</left>
      
      <control type="label">

        <left>10</left>
        <posy>-2</posy>
        <width>840</width>
        <height>35</height>
        <aligny>center</aligny>
        <align>left</align>
        <font>exptext</font>
        <shadowcolor>FF5F5F5F</shadowcolor>
        <textcolor>white</textcolor>
                  <label>$INFO[ListItem.Label]$INFO[ListItem.Title]</label>

        <scroll>false</scroll>
        <visible>!String.IsEqual(ListItem.Label,..)+!String.IsEqual(ListItem.Title,..)+String.IsEmpty(ListItem.Label2)</visible>
      </control>
      <control type="label">

        <left>10</left>
        <posy>2</posy>
        <width>840</width>
        <height>35</height>
        <aligny>center</aligny>
        <align>center</align>
        <font>chicken</font>
        <shadowcolor>FF5F5F5F</shadowcolor>
        <textcolor>yellow</textcolor>
        <label>SAISON $INFO[ListItem.Label2] - [COLOR=white]( $INFO[ListItem.Label]$INFO[ListItem.Property(Complet),/,] EPISODES)[/COLOR]</label>
        <scroll>false</scroll>

        <visible>!String.IsEmpty(ListItem.Label2)+!String.IsEmpty(ListItem.Property(Complet))</visible>
      </control>
      <control type="label">

        <left>10</left>
        <posy>2</posy>
        <width>840</width>
        <height>35</height>
        <aligny>center</aligny>
        <align>center</align>
        <font>chicken</font>
        <shadowcolor>FF5F5F5F</shadowcolor>
        <textcolor>yellow</textcolor>
        <label>SAISON $INFO[ListItem.Label2] - [COLOR=white]( COMPLETE )[/COLOR]</label>
        <scroll>false</scroll>

        <visible>!String.IsEmpty(ListItem.Label2)+String.IsEmpty(ListItem.Property(Complet))</visible>
      </control>
      <control type="image">
        <left>20</left>
        <top>2</top>
        <height>35</height>
        <width>119</width>
        <aspectratio>keep</aspectratio>
        <texture>buttons/parent.png</texture>
        <visible>String.IsEqual(ListItem.Label,..)|String.IsEqual(ListItem.Title,..)</visible>
      </control>

    </control>
    <control type="image">
      <left>5</left>
      <top>1</top>
      <height>35</height>
      <width>35</width>
      <aspectratio>keep</aspectratio>
      <texture>osd/buttons/osdplayfo.png</texture>
      <visible>String.IsEmpty(Container(2666).ListItem.Label2)</visible>
    </control>

  </focusedlayout>
</control>


</control>
</control>
</include>
 <!----------------- FIN TELEX 10/08/2018 --------------------> 
   
  <!-- TELEXX -->
  
	<variable name="playercasting">
	  <!--- Oupssss m'avait gouré ...y avait infotype=tvshow alors que c'est casttype que le plugin attendait !!! -->
	  <!-- si TVShowTitle est pas vide c'est une série donc type = tvshow-->
	  <!-- <value condition="Player.HasVideo+!String.IsEmpty(VideoPlayer.TVShowTitle)">plugin://script.aeon.miro.nox.5/?action=getcast&casttype=tvshow&id=$INFO[VideoPlayer.DBID]</value> -->
	  <value condition="Player.HasVideo+!String.IsEmpty(VideoPlayer.TVShowTitle)">plugin://script.aeon.miro.nox/?action=getcast&casttype=episode&id=$INFO[VideoPlayer.DBID]</value>
	  <!-- si TVShowTitle est  vide c'est un film donc type = movie -->
	  <value condition="Player.HasVideo+String.IsEmpty(VideoPlayer.TVShowTitle)">plugin://script.aeon.miro.nox/?action=getcast&casttype=movie&id=$INFO[VideoPlayer.DBID]</value>
	</variable>
	
	<!-- 14/03/2018 Affichage des roles de l'acteur sélectionné .... sauf le premier role ! grrrrrr !!!!  -->
	<include name="ListeRoles">
<control type="group">
  <left>320</left>
  <top>200</top>
    <!-- masquage tant que 1999 a pas le focus -->
     <animation type="Conditional"  condition="!Control.HasFocus(19997)" reversible="false">
            <effect type="slide" end="-1920"   time="500" delay="10" />
     </animation>
     <!--- cadre de fond -->
     <control type="group">
      <top>10</top>
				<width>600</width>
				<height>465</height>
    <control type="image">
				
				
				<texture border="50">osd/osd_settings_back_glow.png</texture>
				<colordiffuse>$VAR[ColorDiffuseVar]</colordiffuse>
				<visible>!Skin.HasSetting(DisableGlowbar)</visible>
				
			</control>
			<control type="image">
			
				<texture border="1" colordiffuse="$VAR[TextureColor]" fallback="osd/osd_settings_back.png">$INFO[Skin.String(PathSkinOptions)]osd_settings_back.png</texture>
				<colordiffuse>$VAR[DialogColorVar]</colordiffuse>
			</control>
		</control>

    <control type="list" id="19997">
      <top>50</top>
      <left>270</left>
      <width>300</width>
      <height>400</height>
      <align>left</align>
      <onback>setFocus(19998)</onback>
      <onright>setFocus(19998)</onright>
	  <onleft>setFocus(19998)</onleft>
      <orientation>vertical</orientation>
	  <onclick>Action(info)</onclick>

     <!-- ICI la liste des films est mise à jour dès qu'un acteur  a le focus -->
     <content>plugin://script.aeon.miro.nox/?action=gettvfilms&nom=$INFO[Container(19998).ListItem.Label]&videotype=actor</content>
     <itemlayout width="300" height="30">
      <control type="label">
        <font>font10</font>
       <label>$INFO[ListItem.Label]</label> 
      </control>
     </itemlayout>
     
     <focusedlayout width="300" height="30">
      <control type="label">
        <font>font10</font>
        <textcolor>yellow</textcolor>
       <label>$INFO[ListItem.Label]</label> 
      </control>
       
     </focusedlayout>

    </control>
    <control type="group">
      <top>50</top>
     <left>5</left>
    <control type="image"><!-- poster du film/serie -->
				 <description>poster du film/serie selection</description>
				 
				 <align>center</align>
				 <width>275</width>
				 <height>320</height>
				 <texture>$INFO[Container(19997).ListItem.Art(poster)]</texture>        
				 <aspectratio scalediffuse="true" align="center" aligny="center">keep</aspectratio>
    </control>
		<control type="label">
				<left>15</left>
			  <top>340</top>
			  <width>240</width>
			  <align>center</align>
			  <font>font10</font>
			  <textcolor>yellow</textcolor>
			  <scroll>true</scroll>
			   <label>$INFO[Container(19997).ListItem.Label]</label> 
		</control>
    </control>
 </control>
</include>

		  
	<include name="ActeursEnLecture">
	  
		  <visible>Player.HasVideo</visible> <!-- on s'assure qu'on lit bien une vidéo !!! -->
		  
		 <!--- 14/03/2018 On créé un bouton qui n'apparait pas mais qui gèrera les actions sur la liste des acteurs 
		 car le <onclick> marche pas dans la liste quand c'est un plugin qui l'a rempli ::( -->
		<control type="button" id="19999">
			    <label></label>
			    <posx>-2000</posx>
			    <onclick>setFocus(19997)</onclick>
			    <oninfo>setFocus(19997)</oninfo>
			    <onright>Control.Move(19998,1)</onright>
			    <onleft>Control.Move(19998,-1)</onleft>
			  </control>
			  
		<control type="list" id="19998"> <!-- liste des acteurs -->
		  <height>350</height>
		  <width>1280</width>
		  <!---14/03/2018----- on donne le focus au bouton 19999 dès l'entrée dans la liste des acteurs pour que ce soit lui gui gère les actions--->
		  <onfocus>setFocus(19999)</onfocus>
		  
		  <align>center</align>
		  <!-- <focusposition>1</focusposition> -->
		  <!-- <movement>11</movement> -->
		  <itemgap>1</itemgap>
		  <orientation>horizontal</orientation>
		  <itemlayout width="215">
			<control type="group">
			  <height>320</height>
			  <width>215</width>

			  <control type="textbox"><!--- NOM ACTEUR ET ROLE --->
				<posy>230</posy>
				<height>115</height>
				<align>center</align>
				<aligny>top</aligny>
				<font>font10</font>
				<textcolor>white</textcolor>
				<label>$INFO[ListItem.Label][CR][COLOR=yellow]([I]$INFO[ListItem.Label2])[/I][/COLOR]</label>        
			  </control>

			  <control type="image"><!-- IMAGE DE L'ACTEUR -->
				<description>Actor image</description>
				<posy>10</posy>
				<posx>17</posx>
				<align>center</align>
				<width>175</width>
				<height>220</height>
				<texture fallback="DefaultActor.png">$INFO[ListItem.Icon]</texture>        
				<aspectratio scalediffuse="true" align="center" aligny="center">keep</aspectratio>
			  </control>
			</control>
		  </itemlayout>
		 
		  <focusedlayout width="215">
			<control type="group">
			  <height>320</height>
			  <width>215</width>
			  <animation type="Conditional" condition="true">
				<effect type="zoom"  center="37,55" start="100" end="120" time="5" delay="1" reversible="true"/>
			  </animation>

			  <control type="textbox"><!--- NOM ACTEUR ET ROLE --->
				<posy>230</posy>
				<height>115</height>
				<align>center</align>
				<aligny>top</aligny>
				<font>font10</font>
				<textcolor>white</textcolor>
				<label>$INFO[ListItem.Label][CR][COLOR=yellow]([I]$INFO[ListItem.Label2])[/I][/COLOR]</label>        
			  </control>

			  <control type="image"><!-- IMAGE DE L'ACTEUR -->
				<description>Actor image</description>
				<posy>10</posy>
				<posx>17</posx>
				<align>center</align>
				<width>175</width>
				<height>220</height>
				<texture fallback="DefaultActor.png">$INFO[ListItem.Icon]</texture>        
				<aspectratio scalediffuse="true" align="center" aligny="center">keep</aspectratio>
			  </control>
			  
			</control>
		  </focusedlayout>
		  <!--- ICI on charge le contenu via le script et selon le type tvshow ou movie via la variable : playercasting -->
		  <content>$VAR[playercasting]</content>
		</control>
		<!---14/03/2018------- Affichage de la liste des roles de l'acteur ----->
		<include>ListeRoles</include>
	</include>
 <!---- ------------------------------------------------ -->
	
	<!-- Roura97311 Bannière AUTO 2D Fanart-->
			<include name="Banner2Dfanart">	
				<control type="group">
						<visible>String.IsEmpty(ListItem.Art(banner))</visible>
						<control type="image">
							<width>100%</width>
							<height>100%</height>
							<aspectratio>scale</aspectratio>
							<texture background="true">$INFO[ListItem.Art(fanart)]</texture>
							<bordertexture border="2">thumbs/panel_border3.png</bordertexture>
							<bordersize>4</bordersize>
						</control>
						<control type="image">
							<width>100%</width>
							<height>100%</height>
							<aspectratio>keep</aspectratio>
							<texture background="true">$INFO[ListItem.Art(clearlogo)]</texture>
							<bordersize>20</bordersize>
						</control>
						<control type="label">
							<width>495</width>
							<height>100%</height>
							<textoffsetx>15</textoffsetx>
							<font>font16_title_bold</font>
							<scroll>true</scroll>
							<label>$VAR[FloorLabelVar]</label>
							<visible>String.IsEmpty(ListItem.Art(clearlogo))</visible>
						</control>
						<include>ShowCaseInfoPanelButtonsValues</include>
						<visible>Skin.HasSetting(BannerAuto)</visible>
				</control>
			</include>

				<!-- ROURA9711 Bannière AUTO 3D -->
		<include name="Banner3D">			
			<control type="grouplist">
                    <left>1193</left>
                    <top>495</top>
					
					<control type="group">
						<visible>String.IsEmpty(ListItem.Art(banner))</visible>
						<control type="image">
								<top>12</top>
								<width>140%</width>
								<height>140%</height>
								<aspectratio>scale</aspectratio>
								<texture background="true">$INFO[ListItem.Art(fanart)]</texture>
								<bordertexture border="2">thumbs/panel_border3.png</bordertexture>
								<bordersize>4</bordersize>
						</control>
						<control type="image">
								<top>12</top>
								<width>140%</width>
								<height>140%</height>
								<aspectratio>keep</aspectratio>
								<texture background="true">$INFO[ListItem.Art(clearlogo)]</texture>
								<bordersize>20</bordersize>
						</control>
						<control type="label">
							<top>12</top>
							<width>700</width>
							<height>150%</height>
							<textoffsetx>15</textoffsetx>
							<font>font16_title_bold</font>
							<scroll>true</scroll>
							<label>$VAR[FloorLabelVar]</label>
							<visible>String.IsEmpty(ListItem.Art(clearlogo))</visible>
						</control>
						<include>ShowCaseInfoPanelButtonsValues</include>
					</control>
					<visible>Skin.HasSetting(BannerAuto)</visible>
			</control>
		</include>		
	<!-- Roura97311 Textures Window -->
	<include name="SelectWidgetTextures">
		<item>
			<label>$LOCALIZE[32040]</label>
			<onclick>Dialog.Close(1141)</onclick>
			<onclick>Skin.Reset(PathSkinOptions)</onclick>
		</item>
		<item>
			<label>$LOCALIZE[32030]</label>
			<onclick>Dialog.Close(1141)</onclick>
			<onclick>Skin.SetString(PathSkinOptions,resource://resource.images.miro.nox.leia/textures/alien/)</onclick>
		</item>
		<item>
			<label>$LOCALIZE[32031]</label>
			<onclick>Dialog.Close(1141)</onclick>
			<onclick>Skin.SetString(PathSkinOptions,resource://resource.images.miro.nox.leia/textures/wood/)</onclick>
		</item>
		<item>
			<label>$LOCALIZE[32036]</label>
			<onclick>Dialog.Close(1141)</onclick>
			<onclick>Skin.SetString(PathSkinOptions,resource://resource.images.miro.nox.leia/textures/circuit/)</onclick>
		</item>
		<item>
			<label>$LOCALIZE[32032]</label>
			<onclick>Dialog.Close(1141)</onclick>
			<onclick>Skin.SetString(PathSkinOptions,resource://resource.images.miro.nox.leia/textures/grass/)</onclick>
		</item>
		<item>
			<label>$LOCALIZE[32033]</label>
			<onclick>Dialog.Close(1141)</onclick>
			<onclick>Skin.SetString(PathSkinOptions,resource://resource.images.miro.nox.leia/textures/marble/)</onclick>
		</item>
		<item>
			<label>$LOCALIZE[32034]</label>
			<onclick>Dialog.Close(1141)</onclick>
			<onclick>Skin.SetString(PathSkinOptions,resource://resource.images.miro.nox.leia/textures/steel1/)</onclick>
		</item>
		<item>
			<label>$LOCALIZE[32035]</label>
			<onclick>Dialog.Close(1141)</onclick>
			<onclick>Skin.SetString(PathSkinOptions,resource://resource.images.miro.nox.leia/textures/steel2)</onclick>
		</item>
	</include>
	<include name="RandomFanart">			
				<control type="list" id="1999">	
				    <visible>!Container.Content(tvshows) | !Container.Content(seasons) | !Container.Content(episodes)</visible>				
				    <content sortby="random" sortorder="descending" limit="2">$INFO[Container.FolderPath]$INFO[ListItem.DBID]</content>
					<orientation>Vertical</orientation>
					<top>55</top>
					<left>120</left>
				<itemlayout width="250" height="255" >
					  <control type="group">
						<animation type="Conditional" condition="Control.HasFocus(1999)" reversible="false">
						<effect type="fade" end="60" time="100"  />
						</animation>
							<control type="image">
								  <posx>0</posx>
								  <posy>40</posy>
								  <width>345</width>
								  <height>240</height>
								  <fadetime>FanartCrossfadeTime</fadetime>
								  <aspectratio align="center">scale</aspectratio>
								  <bordersize>2</bordersize>
								  <texture border="20" background="true">$INFO[ListItem.Art(fanart)]</texture>
							</control>
						</control>
				</itemlayout>
				<focusedlayout width="250" height="255" >
						<control type="group">
							<control type="image">
							  <posx>0</posx>
							  <posy>40</posy>
							  <width>345</width>
							  <height>240</height>
							  <fadetime>FanartCrossfadeTime</fadetime>
							  <aspectratio align="center">scale</aspectratio>
							  <bordersize>2</bordersize>
							  <texture border="20" background="true"  >$INFO[ListItem.Art(fanart)]</texture>
							</control>
						</control>
				</focusedlayout>
				</control>
	</include>	
	
	<include name="AddonStatusButton">
		<param name="ButtonID" />
		<param name="AddonID" />
		<definition>
			<width>1316</width>
			<height>90</height>
			<textoffsetx>30</textoffsetx>
			<font>font15</font>
			<label>$PARAM[AddonID]</label>
			<onclick condition="!System.HasAddon($PARAM[AddonID])">RunPlugin(plugin://$PARAM[AddonID])</onclick>
			<onclick condition="System.HasAddon($PARAM[AddonID])">Addon.OpenSettings($PARAM[AddonID])</onclick>
			<selected>System.HasAddon($PARAM[AddonID])</selected>
			<texturenofocus border="1">separator5.png</texturenofocus>
		</definition>
	</include>
	<include name="AddonStatusButtonNoRepo">
		<param name="ButtonID" />
		<param name="AddonID" />
		<definition>
			<width>1316</width>
			<height>90</height>
			<textoffsetx>30</textoffsetx>
			<font>font15</font>
			<label>$PARAM[AddonID]</label>
			<onclick condition="!System.HasAddon(repository.aeon.nox.silvo)">SetProperty(Notify,True,home)</onclick>
			<onclick condition="!System.HasAddon(repository.aeon.nox.silvo)">SetProperty(NotifyNoRepo,True,home)</onclick>
			<onclick condition="!System.HasAddon(repository.aeon.nox.silvo)">ActivateWindow(1126)</onclick>
			<selected>System.HasAddon($PARAM[AddonID])</selected>
			<texturenofocus border="1">separator5.png</texturenofocus>
		</definition>
	</include>
	
    <include file="defaults.xml" />
	<include file="acteurs.xml" />
    <include file="Includes_CommonValues.xml" />
    <include file="Includes_Animations.xml" />
    <include file="Includes_Home.xml" />
    <include file="Includes_LiveBG.xml" />
    <include file="Includes_LiveTV.xml" />
    <include file="Includes_LiveTV_Views.xml" />
    <include file="Includes_Backgrounds.xml" />
    <include file="Includes_Widgets.xml" />
    <include file="Includes_16x9.xml" condition="!String.IsEqual(Skin.AspectRatio,21:9)" />
    <include file="Includes_21x9.xml" condition="String.IsEqual(Skin.AspectRatio,21:9)" />
    <include file="Includes_VideoLyrics.xml" />
    <include file="View_50_List.xml" />
    <include file="View_51_InfoWall.xml" />
    <include file="View_52_Landscape.xml" condition="!String.IsEqual(Skin.AspectRatio,21:9)" />
    <include file="View_53_ShowCase.xml" condition="!String.IsEqual(Skin.AspectRatio,21:9)" />
    <include file="View_54_ShowCase.xml" condition="!String.IsEqual(Skin.AspectRatio,21:9)" />
    <include file="View_52_Landscape_21x9.xml" condition="String.IsEqual(Skin.AspectRatio,21:9)" />
    <include file="View_53_ShowCase_21x9.xml" condition="String.IsEqual(Skin.AspectRatio,21:9)" />
    <include file="View_54_ShowCase_21x9.xml" condition="String.IsEqual(Skin.AspectRatio,21:9)" />
    <include file="View_55_TriPanel.xml" />
    <include file="View_56_Posters.xml" />
    <include file="View_57_Shift.xml" />
    <include file="View_58_BannerWall.xml" />
    <include file="View_59_Logo.xml" />
    <include file="View_500_Wall.xml" />
    <include file="View_501_LowList.xml" />
    <include file="View_503_Wall.xml" />
    <include file="View_510_BigList.xml" />
    <include file="variables.xml" />
    <include file="script-skinshortcuts-includes.xml" />
    <constant name="FanartCrossfadeTime">500</constant>
    <constant name="IconCrossfadeTime">200</constant>
    <constant name="MaxDepth">0.30</constant>
    <constant name="MinDepth">-0.80</constant>
    <variable name="BannerThumb">
        <value condition="!String.IsEmpty(ListItem.Art(banner))">$INFO[ListItem.Art(banner)]</value>
        <value>$INFO[ListItem.Icon]</value>
    </variable>
    <variable name="PosterThumb">
        <value condition="!String.IsEmpty(ListItem.Art(poster))">$INFO[ListItem.Art(poster)]</value>
        <value>$INFO[ListItem.Icon]</value>
    </variable>
    <!-- Media Menu -->
    <include name="SideBladeLeft">
        <animation effect="slide" start="440,0" end="0,0" time="400" tween="quadratic" easing="out" condition="String.IsEmpty(Window(home).Property(MediaMenu))">Conditional</animation>
        <animation effect="slide" start="0,0" end="-440,0" time="400" tween="quadratic" easing="out">WindowClose</animation>
        <!-- <top>44</top> -->
        <control type="image">
            <width>432</width>
            <height>1080</height>
            <texture border="40" colordiffuse="$VAR[TextureColor]" fallback="mediamenu_back.png">$INFO[Skin.String(PathSkinOptions)]mediamenu_back.png</texture>
			<!-- <visible>String.IsEmpty(Skin.String(PathSkinOptions)</visible> -->
        </control>
		<!-- ROURA97311 TEST TEXTURE -->
		
		<!-- <include>BackGroundTexture</include> -->
		<!-- <control type="image">
            <width>432</width>
            <height>1080</height>
            <texture border="40" diffuse="wood.png">mediamenu_back.png</texture>
			<visible>!String.IsEmpty(Skin.String(PathSkinOptions)</visible>
        </control> -->
        <control type="button" id="9051">
            <include>HiddenObject</include>
            <onfocus condition="String.IsEmpty(Window(Home).Property(MediaMenu))">SetProperty(MediaMenu,True,home)</onfocus>
            <onfocus condition="String.IsEmpty(Window(Home).Property(MediaMenu))">SetFocus(9050)</onfocus>
            <onfocus condition="!String.IsEmpty(Window(Home).Property(MediaMenu))">ClearProperty(MediaMenu,Home)</onfocus>
            <onfocus condition="!String.IsEmpty(Window(Home).Property(MediaMenu))">SetFocus(50)</onfocus>
        </control>
        <control type="button" id="8999">
            <description>Close Window button</description>
            <left>350</left>
            <width>64</width>
            <height>48</height>
            <label></label>
            <font>CloseButton</font>
            <textcolor>grey</textcolor>
            <focusedcolor>themecolor</focusedcolor>
            <onclick>ClearProperty(MediaMenu,Home)</onclick>
            <onclick>SetFocus(50)</onclick>
            <texturefocus />
            <texturenofocus />
            <visible>system.getbool(input.enablemouse)</visible>
        </control>
        <control type="image">
            <description>LOGO</description>
            <width>400</width>
            <height>120</height>
            <aspectratio>keep</aspectratio>
            <texture>aeon-miro-nox.png</texture>
        </control>
    </include>
    <include name="KioskModeButton">
        <control type="button">
            <description>Kiosk Mode button</description>
            <include>ButtonCommonValues</include>
            <label />
            <onfocus>ClearProperty(MediaMenu,Home)</onfocus>
            <onfocus>SetFocus(50)</onfocus>
        </control>
    </include>
    <include name="MediaMenuTop">
        <top>100</top>
        <width>400</width>
        <height>1080</height>
        <onleft>9050</onleft>
        <onright>ClearProperty(MediaMenu,Home)</onright>
        <onright>50</onright>
        <onup>9050</onup>
        <ondown>9050</ondown>
        <onback>ClearProperty(MediaMenu,Home)</onback>
        <onback>50</onback>
        <include condition="Skin.HasSetting(KioskMode.Enabled)">KioskModeButton</include>
        <animation effect="fade" start="100" end="0" time="200" condition="Window.IsVisible(1129)" reversible="true">conditional</animation>
        <control type="button" id="200">
            <label>31006</label>
            <textwidth>352</textwidth>
            <font>font13_title</font>
            <include>ButtonCommonValues</include>
            <enable>no</enable>
            <disabledcolor>$VAR[ThemeLabelColor]</disabledcolor>
        </control>
        <control type="button" id="2000">
            <description>View As button</description>
            <textwidth>352</textwidth>
            <include>ButtonCommonValues</include>
            <label>$INFO[Container.Viewmode,$LOCALIZE[31100] ]</label>
            <onclick>ActivateWindow(1129)</onclick>
        </control>
		<!-- ROURA97311 VIEW SETTINGS-->
		<control type="button" id="7031">
			<description>View settings</description>
			<textwidth>352</textwidth>
			<include>ButtonCommonValues</include>
			<label>$INFO[Container.Viewmode,,: $LOCALIZE[5]]</label>
			<onclick condition="Control.IsVisible(50)">SetProperty(actualViewtype,List,home)</onclick>
			<onclick condition="Control.IsVisible(51)">SetProperty(actualViewtype,InfoWall,home)</onclick>
			<onclick condition="Control.IsVisible(52)">SetProperty(actualViewtype,Landscape,home)</onclick>
			<onclick condition="Control.IsVisible(53)">SetProperty(actualViewtype,ShowCase,home)</onclick>
			<onclick condition="Control.IsVisible(54)">SetProperty(actualViewtype,ShowCaseSquare,home)</onclick>
			<onclick condition="Control.IsVisible(55)">SetProperty(actualViewtype,TriPanel,home)</onclick>
			<onclick condition="Control.IsVisible(56)">SetProperty(actualViewtype,Posters,home)</onclick>
			<onclick condition="Control.IsVisible(57)">SetProperty(actualViewtype,Shift,home)</onclick>
			<onclick condition="Control.IsVisible(58)">SetProperty(actualViewtype,BannerWall,home)</onclick>
			<onclick condition="Control.IsVisible(59)">SetProperty(actualViewtype,Logo,home)</onclick>
			<onclick condition="Control.IsVisible(499)">SetProperty(actualViewtype,SmallIcons,home)</onclick>
			<onclick condition="Control.IsVisible(500)">SetProperty(actualViewtype,Icons,home)</onclick>
			<onclick condition="Control.IsVisible(501)">SetProperty(actualViewtype,LowList,home)</onclick>
			<onclick condition="Control.IsVisible(502)">SetProperty(actualViewtype,Episode,home)</onclick>
			<onclick condition="Control.IsVisible(503)">SetProperty(actualViewtype,Wall,home)</onclick>
			<onclick condition="Control.IsVisible(504)">SetProperty(actualViewtype,Gallery,home)</onclick>
			<onclick condition="Control.IsVisible(505)">SetProperty(actualViewtype,Panel,home)</onclick>
			<onclick condition="Control.IsVisible(507)">SetProperty(actualViewtype,BigList,home)</onclick>
			<onclick condition="Control.IsVisible(508)">SetProperty(actualViewtype,SongList,home)</onclick>
			<onclick condition="Control.IsVisible(591)">SetProperty(actualViewtype,BigFan,home)</onclick>
			<onclick condition="Control.IsVisible(592)">SetProperty(actualViewtype,BigInfo,home)</onclick>
			<onclick condition="Control.IsVisible(601)">SetProperty(actualViewtype,BannerPlex,home)</onclick>
			<onclick condition="Control.IsVisible(602)">SetProperty(actualViewtype,FanartList,home)</onclick>
			<onclick condition="Control.IsVisible(609)">SetProperty(actualViewtype,FullscreenWall,home)</onclick>
			<onclick condition="Control.IsVisible(506)">SetProperty(actualViewtype,RightList,home)</onclick>
			<onclick condition="Container.Content(episodes)">SetProperty(Area,Episodes,home)</onclick>
			<onclick condition="Container.Content(movies)">SetProperty(Area,Movies,home)</onclick>
			<onclick condition="Container.Content(sets)">SetProperty(Area,Sets,home)</onclick>
			<onclick condition="Container.Content(tvshows)">SetProperty(Area,TVShows,home)</onclick>
			<onclick condition="Container.Content(seasons)">SetProperty(Area,Seasons,home)</onclick>
			<onclick condition="Container.Content(musicvideos)">SetProperty(Area,MusicVideos,home)</onclick>
			<onclick condition="Container.Content(albums)">SetProperty(Area,Albums,home)</onclick>
			<onclick condition="Container.Content(artists)">SetProperty(Area,Artists,home)</onclick>
			<onclick condition="Container.Content(addons)">SetProperty(Area,Addons,home)</onclick>
			<onclick>ActivateWindow(1138)</onclick>
		</control>
		<control type="button" id="7339">
			<description>View settings</description>
			<textwidth>352</textwidth>
			<include>ButtonCommonValues</include>
			<label>[COLOR$VAR[ThemeLabelColor]]Config Boitiers et CD[/COLOR]</label>
			<onclick condition="Control.IsVisible(53)">SetProperty(actualViewtype,ShowCase,home)</onclick>
			<onclick>ActivateWindow(1166)</onclick>
			<visible>Control.IsVisible(53)</visible>
		</control>
		
	<!-- ROURA97311 -->
        <control type="button" id="3">
            <description>Sort by button</description>
            <include>ButtonCommonValues</include>
            <label>103</label>
        </control>
        <control type="togglebutton" id="4">
            <description>Sort asc</description>
            <include>ButtonCommonValues</include>
            <label>31051</label>
            <altlabel>31050</altlabel>
            <usealttexture>Container.SortDirection(Ascending)</usealttexture>
        </control>
        <control type="button" id="2001">
            <include>ButtonCommonValues</include>
            <label>$LOCALIZE[33068]</label>
            <onclick>ActivateWindow(1128)</onclick>
        </control>
    </include>
    <include name="PVRMediaMenu">
        <control type="group">
            <left>-440</left>
            <include>SideBladeLeft</include>
            <control type="grouplist" id="9050">
                <top>100</top>
                <width>400</width>
                <height>1080</height>
                <onleft>9050</onleft>
                <onright>ClearProperty(MediaMenu,Home)</onright>
                <onright condition="!Window.IsVisible(tvguide)">50</onright>
                <onright condition="Window.IsVisible(tvguide)">10</onright>
                <onup>9050</onup>
                <ondown>9050</ondown>
                <onback>ClearProperty(MediaMenu,Home)</onback>
                <onback>50</onback>
                <include condition="Skin.HasSetting(KioskMode.Enabled)">KioskModeButton</include>
                <animation effect="fade" start="100" end="0" time="200" condition="Window.IsVisible(1129)" reversible="true">conditional</animation>
                <control type="label" id="200">
                    <width>400</width>
                    <height>52</height>
                    <textoffsetx>15</textoffsetx>
                    <font>font13_title</font>
                    <label>31006</label>
                    <textcolor>themecolor</textcolor>
                </control>
                <control type="button" id="28">
                    <description>Channel Groups</description>
                    <textwidth>255</textwidth>
                    <include>ButtonCommonValues</include>
                    <label />
                    <visible>Window.IsActive(MyPVRChannels.xml) | Window.IsActive(MyPVRGuide.xml)</visible>
                </control>
                <control type="button" id="2">
                    <description>View As button</description>
                    <textwidth>352</textwidth>
                    <include>ButtonCommonValues</include>
                </control>
                <control type="button" id="3">
                    <description>Sort by button</description>
                    <include>ButtonCommonValues</include>
                    <label>103</label>
                </control>
                <control type="togglebutton" id="4">
                    <description>Sort asc</description>
                    <include>ButtonCommonValues</include>
                    <label>31051</label>
                    <altlabel>31050</altlabel>
                    <usealttexture>Container.SortDirection(Ascending)</usealttexture>
                </control>
                <control type="radiobutton" id="5">
                    <description>Group items by folder structure</description>
                    <include>ButtonCommonValues</include>
                    <label>19270</label>
                    <visible>Window.IsActive(MyPVRRecordings.xml)</visible>
                </control>
                <control type="radiobutton" id="7">
                    <description>Show deleted recordings</description>
                    <include>ButtonCommonValues</include>
                    <label>19184</label>
                    <visible>Window.IsActive(MyPVRRecordings.xml)</visible>
                </control>
                <control type="radiobutton" id="8">
                    <description>Hide disabled timers</description>
                    <include>ButtonCommonValues</include>
                    <label>19077</label>
                    <visible>Window.IsActive(MyPVRTimers.xml)</visible>
                </control>
                <control type="button" id="2001">
                    <include>ButtonCommonValues</include>
                    <label>$LOCALIZE[33068]</label>
                    <onclick>ActivateWindow(1128)</onclick>
                </control>
                <control type="button" id="203">
                    <description>Actions</description>
                    <textwidth>352</textwidth>
                    <font>font13_title</font>
                    <include>ButtonCommonValues</include>
                    <label>31039</label>
                    <enable>no</enable>
                    <disabledcolor>themecolor</disabledcolor>
                </control>
                <control type="button" id="100">
                    <description>Channels</description>
                    <label>19019</label>
                    <textwidth>352</textwidth>
                    <include>ButtonCommonValues</include>
                    <onclick condition="String.IsEmpty(Window.Property(IsRadio))">ActivateWindow(TVChannels)</onclick>
                    <onclick condition="!String.IsEmpty(Window.Property(IsRadio))">ActivateWindow(RadioChannels)</onclick>
                    <visible>!Window.IsActive(MyPVRChannels.xml)</visible>
                </control>
                <control type="button" id="101">
                    <description>Guide</description>
                    <label>22020</label>
                    <textwidth>352</textwidth>
                    <include>ButtonCommonValues</include>
                    <onclick condition="String.IsEmpty(Window.Property(IsRadio))">ActivateWindow(TVGuide)</onclick>
                    <onclick condition="!String.IsEmpty(Window.Property(IsRadio))">ActivateWindow(RadioGuide)</onclick>
                    <visible>!Window.IsActive(MyPVRGuide.xml)</visible>
                </control>
                <control type="button" id="102">
                    <description>Recordings</description>
                    <label>19163</label>
                    <textwidth>352</textwidth>
                    <include>ButtonCommonValues</include>
                    <onclick condition="String.IsEmpty(Window.Property(IsRadio))">ActivateWindow(TVRecordings)</onclick>
                    <onclick condition="!String.IsEmpty(Window.Property(IsRadio))">ActivateWindow(RadioRecordings)</onclick>
                    <visible>!Window.IsActive(MyPVRRecordings.xml)</visible>
                </control>
                <control type="button" id="103">
                    <description>Timers</description>
                    <label>19040</label>
                    <textwidth>352</textwidth>
                    <include>ButtonCommonValues</include>
                    <onclick condition="String.IsEmpty(Window.Property(IsRadio))">ActivateWindow(TVTimers)</onclick>
                    <onclick condition="!String.IsEmpty(Window.Property(IsRadio))">ActivateWindow(RadioTimers)</onclick>
                    <visible>!Window.IsActive(MyPVRTimers.xml)</visible>
                </control>
                <control type="button" id="104">
                    <description>Search</description>
                    <label>137</label>
                    <textwidth>352</textwidth>
                    <include>ButtonCommonValues</include>
                    <onclick condition="String.IsEmpty(Window.Property(IsRadio))">ActivateWindow(TVSearch)</onclick>
                    <onclick condition="!String.IsEmpty(Window.Property(IsRadio))">ActivateWindow(RadioSearch)</onclick>
                </control>
                <control type="button" id="616">
                    <description>Go to playercontrols</description>
                    <include>ButtonCommonValues</include>
                    <label>$LOCALIZE[31177]</label>
                    <onclick condition="Player.HasAudio">ActivateWindow(playercontrols)</onclick>
                    <onclick condition="Player.HasVideo">Fullscreen</onclick>
                    <onclick condition="Player.HasVideo">ActivateWindow(videoosd)</onclick>
                    <onclick>ClearProperty(MediaMenu,Home)</onclick>
                    <visible>Player.HasMedia</visible>
                </control>
                <control type="button" id="201">
                    <description>View options</description>
                    <textwidth>352</textwidth>
                    <font>font13_title</font>
                    <include>ButtonCommonValues</include>
                    <label>31026</label>
                    <enable>no</enable>
                    <disabledcolor>themecolor</disabledcolor>
                </control>
                <control type="button" id="330">
                    <description>Settings</description>
                    <textwidth>352</textwidth>
                    <include>ButtonCommonValues</include>
                    <label>$LOCALIZE[31127]</label>
                    <onclick>ActivateWindow(1150)</onclick>
                </control>
            </control>
        </control>
    </include>
    <include name="NoMediaMenu">
        <top>100</top>
        <width>400</width>
        <height>1080</height>
        <onleft>9050</onleft>
        <onright>ClearProperty(MediaMenu,Home)</onright>
        <onright condition="!Window.IsActive(SettingsCategory.xml)">50</onright>
        <onright condition="Window.IsActive(SettingsCategory.xml)">3</onright>
        <onup>9050</onup>
        <ondown>9050</ondown>
        <onback>ClearProperty(MediaMenu,Home)</onback>
        <onback>50</onback>
        <include condition="Skin.HasSetting(KioskMode.Enabled)">KioskModeButton</include>
        <animation effect="fade" start="100" end="0" time="200" condition="Window.IsVisible(1129)" reversible="true">conditional</animation>
        <control type="label" id="200">
            <width>400</width>
            <height>52</height>
            <textoffsetx>15</textoffsetx>
            <font>font13_title</font>
            <label>31006</label>
            <textcolor>themecolor</textcolor>
        </control>
        <control type="button" id="2001">
            <include>ButtonCommonValues</include>
            <label>$LOCALIZE[33068]</label>
            <onclick>ActivateWindow(1128)</onclick>
        </control>
        <control type="button" id="203">
            <description>Settings level</description>
            <textwidth>352</textwidth>
            <font>font13_title</font>
            <include>ButtonCommonValues</include>
            <label>$LOCALIZE[31142]</label>
            <enable>no</enable>
            <disabledcolor>themecolor</disabledcolor>
            <visible>Window.IsActive(SettingsCategory.xml)</visible>
        </control>
        <control type="button" id="20">
            <description>Change settings level</description>
            <label>19019</label>
            <textwidth>352</textwidth>
            <include>ButtonCommonValues</include>
            <onclick>SettingsLevelChange</onclick>
            <visible>Window.IsActive(SettingsCategory.xml)</visible>
        </control>
        <control type="button" id="203">
            <description>Actions</description>
            <textwidth>352</textwidth>
            <font>font13_title</font>
            <include>ButtonCommonValues</include>
            <label>31039</label>
            <enable>no</enable>
            <disabledcolor>themecolor</disabledcolor>
            <visible>Player.HasMedia</visible>
        </control>
        <control type="button" id="616">
            <description>Go to playercontrols</description>
            <include>ButtonCommonValues</include>
            <label>$LOCALIZE[31177]</label>
            <onclick condition="Player.HasAudio">ClearProperty(MediaMenu,Home)</onclick>
            <onclick condition="Player.HasAudio">SetFocus(50)</onclick>
            <onclick condition="Player.HasAudio">ActivateWindow(playercontrols)</onclick>
            <onclick condition="Player.HasVideo">Fullscreen</onclick>
            <onclick condition="Player.HasVideo">ActivateWindow(videoosd)</onclick>
            <onclick>ClearProperty(MediaMenu,Home)</onclick>
            <visible>Player.HasMedia</visible>
        </control>
    </include>
   <!-- Scroll Label Roura97311 move on top-->
    <include name="ScrollOffsetLabel">
        <control type="group">
            <visible>!Control.HasFocus(6150)</visible>
            <visible>Container.Scrolling + [String.IsEqual(Container.SortMethod,$LOCALIZE[551]) | String.IsEqual(Container.SortMethod,$LOCALIZE[561]) | String.IsEqual(Container.SortMethod,$LOCALIZE[558]) | String.IsEqual(Container.SortMethod,$LOCALIZE[557]) | String.IsEqual(Container.SortMethod,$LOCALIZE[556])]</visible>
            <animation effect="slide" tween="cubic" easing="inout" time="400" start="0,-160" end="0">VisibleChange</animation>
            <right>240</right>
            <top>36</top>
            <width>160</width>
            <control type="image">
                <width>160</width>
                <height>160</height>
                <texture border="35">listpanel_back.png</texture>
            </control>
            <control type="label">
                <top>15</top>
                <width>160</width>
                <height>120</height>
                <align>center</align>
                <label>$INFO[ListItem.SortLetter]</label>
                <textcolor>white</textcolor>
                <font>font_MainMenu</font>
            </control>
        </control>
    </include>
    <!-- Navigation Bar -->
    <include name="Topbar">
        <control type="group">
            <animation effect="slide" start="0,0" end="0,-90" time="800" tween="cubic" condition="Control.IsVisible(503) + System.IdleTime(2)">Conditional</animation>
            <!-- MikeBZH44 : Add condition to display top bar in views -->
            <visible>!Skin.HasSetting(HideTopBar)</visible>
            <animation effect="slide" start="0,-90" end="0,0" delay="800" time="480" condition="Window.Previous(home)">WindowOpen</animation>
            <animation effect="slide" end="0,-90" start="0,0" time="480" condition="Window.Next(home)">WindowClose</animation>
            <width>100%</width>
            <control type="image">
                <width>100%</width>
                <height>66</height>
                <texture border="1">topbar.png</texture>
            </control>
            <control type="label">
                <width>45%</width>
                <height>90</height>
                <font>font13_title</font>
                <textoffsetx>15</textoffsetx>
                <textcolor>$VAR[ThemeLabelColor]</textcolor>
                <aligny>top</aligny>
                <textoffsety>-2</textoffsety>
                <label>$VAR[BreadcrumbsVar]</label>
            </control>
            <control type="label">
                <visible>!Window.IsActive(script-globalsearch-main.xml)</visible>
                <right>0</right>
                <width>900</width>
                <height>90</height>
                <font>font13_title</font>
                <textcolor>$VAR[ThemeLabelColor]</textcolor>
                <textcolor>grey2</textcolor>
                <align>right</align>
                <aligny>top</aligny>
                <textoffsety>-2</textoffsety>
                <label>$INFO[Container.NumItems,, $LOCALIZE[31025]]$INFO[Container.CurrentPage,[COLOR grey3] | ,]$INFO[Container.NumPages,/,[/COLOR]]</label>
            </control>
            <control type="label">
                <width>100%</width>
                <height>90</height>
                <font>font13_title</font>
                <textoffsetx>15</textoffsetx>
                <textcolor>grey2</textcolor>
                <align>center</align>
                <aligny>top</aligny>
                <textoffsety>-2</textoffsety>
                <label>$INFO[System.Time]</label>
            </control>
            <control type="button" id="90022">
                <label />
                <left>-30</left>
                <onclick condition="String.IsEmpty(Window(home).Property(MediaMenu))">SetProperty(MediaMenu,True,home)</onclick>
                <onclick condition="!String.IsEmpty(Window(home).Property(MediaMenu))">ClearProperty(MediaMenu,Home)</onclick>
                <texturenofocus>mediamenu_indicator.png</texturenofocus>
                <texturefocus>mediamenu_indicator.png</texturefocus>
                <height>32</height>
                <include>ButtonTopbarCommonvalues</include>
                <visible>!String.IsEmpty(Window(home).Property(Window.HasSettings))</visible>
            </control>
            <control type="group">
                <visible>Player.HasMedia + ![Window.IsActive(volumebar)]</visible>
                <animation effect="slide" start="0,-60" end="0,0" time="200">Visible</animation>
                <animation effect="slide" start="0,0" end="0,-60" time="200">Hidden</animation>
                <right>340</right>
                <width>500</width>
					<!-- Roura97311 new progress bar -->
					<control type="progress">
						<top>33</top>
						<left>-5</left>
						<width>510</width>
						<height>11</height>
						<texturebg border="2">osd/texturebg.png</texturebg>
						<lefttexture />
						<midtexture colordiffuse="$VAR[ThemeOSDProgressColor]" border="2">osd/midtexture_cache.png</midtexture>
						<righttexture />
						<overlaytexture />
						<info>Player.ProgressCache</info>
					</control>
					<control type="progress">
						<top>33</top>
						<left>-5</left>
						<width>510</width>
						<height>10</height>
						<texturebg border="2">osd/texturebg_cache.png</texturebg>
						<lefttexture />
						<midtexture colordiffuse="$VAR[ThemeOSDProgressColor]" border="2">osd/midtexture.png</midtexture>
						<righttexture />
						<overlaytexture />
						<info>Player.Progress</info>
					</control>
                <control type="fadelabel">
                    <top>-2</top>
                    <width>500</width>
                    <height>20</height>
                    <font>font13_title</font>
                    <textoffsetx>10</textoffsetx>
                    <textcolor>grey</textcolor>
                    <shadowcolor>shadow</shadowcolor>
                    <scroll>true</scroll>
                    <scrollspeed>20</scrollspeed>
                    <scrollout>false</scrollout>
                    <pauseatend>10000</pauseatend>
                    <label>$INFO[Player.Title]</label>
                    <label>$INFO[MusicPlayer.Artist]</label>
                    <visible>Player.HasAudio</visible>
                </control>
                <control type="label">
                    <width>500</width>
                    <height>90</height>
                    <font>font13_title</font>
                    <textoffsetx>10</textoffsetx>
                    <textcolor>grey</textcolor>
                    <shadowcolor>shadow</shadowcolor>
                    <aligny>top</aligny>
                    <textoffsety>-2</textoffsety>
                    <scroll>true</scroll>
                    <label>$INFO[Player.Title]</label>
                    <visible>Player.HasVideo</visible>
                </control>
            </control>
        </control>
    </include>
    <!-- Context menu -->
    <include name="AdvancedLauncherTrailerButton">
        <control type="button" id="994">
            <label>$LOCALIZE[20410]</label>
            <width>450</width>
            <height>60</height>
            <font>font14</font>
            <textoffsetx>15</textoffsetx>
            <texturefocus border="5">button_middle_focus.png</texturefocus>
            <texturenofocus border="5">button_middle3.png</texturenofocus>
            <onclick>PlayMedia($ESCINFO[ListItem.Trailer])</onclick>
            <visible>!String.IsEmpty(ListItem.Trailer)</visible>
        </control>
    </include>
    <!-- System windows -->
    <include name="SystemLeftPanel">
        <control type="image">
            <left>50</left>
            <top>874</top>
            <width>420</width>
            <height>904</height>
            <texture border="40">panel_reflect.png</texture>
        </control>
        <control type="image">
            <left>50</left>
            <width>420</width>
            <height>904</height>
            <texture border="40">listpanel_back.png</texture>
        </control>
    </include>
    <include name="SystemRightPanel">
        <control type="image">
            <left>490</left>
            <top>874</top>
            <width>1380</width>
            <height>904</height>
            <texture border="40">panel_reflect.png</texture>
        </control>
        <control type="image">
            <left>490</left>
            <width>1380</width>
            <height>904</height>
            <texture border="40">listpanel_back.png</texture>
        </control>
    </include>
    <!-- Extras -->
    <include name="PlayListStatsList">
        <control type="list" id="43260">
            <visible>String.IsEqual(Container(9000).ListItem.Property(InfoLine),9) | String.IsEqual(Container(9000).ListItem.Property(InfoLine),10) | String.IsEqual(Container(9000).ListItem.Property(InfoLine),11)</visible>
            <visible>!ControlGroup(9004).HasFocus()</visible>
            <posx>0</posx>
            <posy>0</posy>
            <width>1</width>
            <height>1</height>
            <focusedlayout/>
            <itemlayout/>
            <content>$VAR[PlaylistStatsContentVar]</content>
        </control>
    </include>
    <include name="HomeSearchButton">
        <control type="button" id="9027">
            <label></label>
            <textoffsetx>0</textoffsetx>
            <width>50</width>
            <height>41</height>
            <align>center</align>
            <font>IconTiny</font>
            <textcolor>grey</textcolor>
            <shadowcolor>shadow</shadowcolor>
            <onclick>RunAddon(script.globalsearch)</onclick>
            <animation type="Visible">
                <effect type="fade" start="0" end="100" tween="sine" easing="inout" time="300" />
                <effect type="zoom" start="50" end="100" center="auto" tween="sine" easing="inout" time="300" />
            </animation>
            <animation type="Hidden">
                <effect type="fade" start="100" end="0" tween="sine" easing="inout" time="300" />
                <effect type="zoom" start="100" end="50" center="auto" tween="sine" easing="inout" time="300" />
            </animation>
        </control>
    </include>
    <include name="ExtendedInfoAutoComplete">
        <control type="group">
            <animation effect="fade" start="100" end="0" time="300" condition="String.IsEmpty(Container(5000).ListItem.Label)">conditional</animation>
            <visible>!System.HasHiddenInput</visible>
            <control type="image">
                <description>background image</description>
                <top>540</top>
                <width>1340</width>
                <height>220</height>
                <texture border="40">dialogs/default/bg.png</texture>
            </control>
            <control type="image">
                <left>30</left>
                <top>572</top>
                <width>1280</width>
                <height>161</height>
                <texture border="5">dialogs/default/inner.png</texture>
            </control>
            <control type="panel" id="5000">
                <left>30</left>
                <top>572</top>
                <width>1280</width>
                <height>160</height>
                <onleft>5000</onleft>
                <onright>5000</onright>
                <onup>4000</onup>
                <ondown>4000</ondown>
                <onback>noop</onback>
                <orientation>vertical</orientation>
                <scrolltime tween="quadratic" easing="out">200</scrolltime>
                <itemlayout height="80" width="320">
                    <control type="image">
                        <width>320</width>
                        <height>80</height>
                        <texture border="4">thumbs/panel_border.png</texture>
                    </control>
                    <control type="label">
                        <width>320</width>
                        <height>80</height>
                        <align>center</align>
                        <textcolor>grey2</textcolor>
                        <font>font15</font>
                        <label>$INFO[ListItem.Label]</label>
                    </control>
                </itemlayout>
                <focusedlayout height="80" width="320">
                    <control type="image">
                        <width>320</width>
                        <height>80</height>
                        <texture border="4">thumbs/panel_border.png</texture>
                        <visible>!Control.HasFocus(5000)</visible>
                    </control>
                    <control type="image">
                        <width>320</width>
                        <height>80</height>
                        <texture border="4">button_middle_focus.png</texture>
                        <visible>Control.HasFocus(5000)</visible>
                    </control>
                    <control type="label">
                        <width>320</width>
                        <height>80</height>
                        <align>center</align>
                        <font>font15</font>
                        <label>$INFO[ListItem.Label]</label>
                    </control>
                </focusedlayout>
                <content>plugin://plugin.program.autocompletion?info=autocomplete&amp;&amp;id=$INFO[Control.GetLabel(312).index(1)]&amp;&amp;limit=8</content>
            </control>
        </control>
    </include>
    <include name="ExtendedInfoListLayout">
        <param name="width">120</param>
        <param name="label">$INFO[ListItem.Label]</param>
        <param name="textboxLabel">false</param>
        <param name="textOverlay">true</param>
        <param name="fallbackIcon">DefaultVideoCover.png</param>
        <param name="overlayVisibility">true</param>
        <param name="includeContent">true</param>
        <definition>
            <control type="panel" id="$PARAM[controlId]">
                <left>0</left>
				<width>1440</width>
                <height>190</height>
                <preloaditems>2</preloaditems>
                <orientation>horizontal</orientation>
                <visible>$PARAM[listVisible]</visible>
                <scrolltime tween="quadratic" easing="out">300</scrolltime>
                <itemlayout height="190" width="$PARAM[width]">
                    <control type="image">
                        <width>$PARAM[width]</width>
                        <height>190</height>
                        <aspectratio aligny="top">scale</aspectratio>
                        <texture background="true" fallback="$PARAM[fallbackIcon]">$INFO[ListItem.Icon]</texture>
                        <bordertexture border="2">thumbs/panel_border3.png</bordertexture>
                        <bordersize>2</bordersize>
                    </control>
                    <control type="image">
                        <top>322</top>
                        <width>$PARAM[width]</width>
                        <height>98</height>
                        <texture>black.png</texture>
                        <colordiffuse>88ffffff</colordiffuse>
                        <bordersize>2</bordersize>
                        <visible>$PARAM[textOverlay]</visible>
                    </control>
                    <control type="image">
                        <left>180</left>
                        <width>100</width>
                        <height>100</height>
                        <texture>overlays/addons/enabled.png</texture>
                        <bordersize>2</bordersize>
                        <visible>$PARAM[overlayVisibility]</visible>
                        <visible>!String.IsEmpty(ListItem.DBID) | !String.IsEmpty(ListItem.Property(DBID))</visible>
                    </control>
                    <control type="image">
                        <width>$PARAM[width]</width>
                        <height>190</height>
                        <aspectratio>scale</aspectratio>
                        <texture border="1" colordiffuse="44FFFFFF">black.png</texture>
                        <bordersize>2</bordersize>
                    </control>
                    <control type="label">
                        <top>345</top>
                        <width>$PARAM[width]</width>
                        <height>43</height>
                        <align>center</align>
                        <font>font10</font>
                        <textoffsetx>10</textoffsetx>
                        <shadowcolor>shadow</shadowcolor>
                        <selectedcolor>selected</selectedcolor>
                        <label>$PARAM[label]</label>
                        <visible>!$PARAM[textboxLabel]</visible>
                        <visible>$PARAM[textOverlay]</visible>
                        <animation effect="fade" start="100" end="70" time="0" condition="true">Conditional</animation>
                    </control>
                    <control type="label">
                        <top>368</top>
                        <width>$PARAM[width]</width>
                        <height>43</height>
                        <align>center</align>
                        <font>font10</font>
                        <textoffsetx>10</textoffsetx>
                        <shadowcolor>shadow</shadowcolor>
                        <selectedcolor>selected</selectedcolor>
                        <label>$PARAM[label2]</label>
                        <visible>!$PARAM[textboxLabel]</visible>
                        <visible>$PARAM[textOverlay]</visible>
                        <animation effect="fade" start="100" end="70" time="0" condition="true">Conditional</animation>
                    </control>
                    <control type="textbox">
                        <left>10</left>
                        <top>325</top>
                        <width>574</width>
                        <height>86</height>
                        <align>center</align>
                        <font>font10</font>
                        <shadowcolor>shadow</shadowcolor>
                        <selectedcolor>selected</selectedcolor>
                        <label>$PARAM[label]</label>
                        <visible>$PARAM[textboxLabel]</visible>
                        <visible>$PARAM[textOverlay]</visible>
                        <animation effect="fade" start="100" end="70" time="0" condition="true">Conditional</animation>
                    </control>
                </itemlayout>
                <focusedlayout height="190" width="$PARAM[width]">
                    <control type="image">
                        <width>$PARAM[width]</width>
                        <height>190</height>
                        <aspectratio aligny="top">scale</aspectratio>
                        <texture background="true" fallback="$PARAM[fallbackIcon]">$INFO[ListItem.Icon]</texture>
                        <bordertexture border="2">thumbs/panel_border3.png</bordertexture>
                        <bordersize>2</bordersize>
                    </control>
                    <control type="image">
                        <top>322</top>
                        <width>$PARAM[width]</width>
                        <height>98</height>
                        <texture>black.png</texture>
                        <colordiffuse>88ffffff</colordiffuse>
                        <bordersize>2</bordersize>
                        <visible>$PARAM[textOverlay]</visible>
                    </control>
                    <control type="image">
                        <left>180</left>
                        <width>100</width>
                        <height>100</height>
                        <texture>overlays/addons/enabled.png</texture>
                        <bordersize>2</bordersize>
                        <visible>$PARAM[overlayVisibility]</visible>
                        <visible>!String.IsEmpty(ListItem.DBID) | !String.IsEmpty(ListItem.Property(DBID))</visible>
                    </control>
                    <control type="image">
                        <width>$PARAM[width]</width>
                        <height>190</height>
                        <aspectratio>scale</aspectratio>
                        <texture border="1" colordiffuse="44FFFFFF">black.png</texture>
                        <bordersize>2</bordersize>
                        <include>FocusFadeOutAnimation</include>
                    </control>
                    <control type="label">
                        <top>345</top>
                        <width>$PARAM[width]</width>
                        <height>43</height>
                        <align>center</align>
                        <font>font10</font>
                        <textoffsetx>10</textoffsetx>
                        <selectedcolor>selected</selectedcolor>
                        <shadowcolor>shadow</shadowcolor>
                        <label>$PARAM[label]</label>
                        <visible>!$PARAM[textboxLabel]</visible>
                        <visible>$PARAM[textOverlay]</visible>
                        <animation effect="fade" end="100" start="70" time="200" tween="sine" easing="inout">Focus</animation>
                        <animation effect="fade" start="100" end="70" time="200" tween="sine" easing="inout">UnFocus</animation>
                    </control>
                    <control type="label">
                        <top>368</top>
                        <width>$PARAM[width]</width>
                        <height>43</height>
                        <align>center</align>
                        <font>font10</font>
                        <textoffsetx>10</textoffsetx>
                        <selectedcolor>selected</selectedcolor>
                        <shadowcolor>shadow</shadowcolor>
                        <label>$PARAM[label2]</label>
                        <visible>!$PARAM[textboxLabel]</visible>
                        <visible>$PARAM[textOverlay]</visible>
                        <animation effect="fade" end="100" start="70" time="200" tween="sine" easing="inout">Focus</animation>
                        <animation effect="fade" start="100" end="70" time="200" tween="sine" easing="inout">UnFocus</animation>
                    </control>
                    <control type="textbox">
                        <left>10</left>
                        <top>325</top>
                        <width>574</width>
                        <height>86</height>
                        <align>center</align>
                        <font>font10</font>
                        <selectedcolor>selected</selectedcolor>
                        <shadowcolor>shadow</shadowcolor>
                        <label>$INFO[ListItem.Label]</label>
                        <visible>$PARAM[textboxLabel]</visible>
                        <visible>$PARAM[textOverlay]</visible>
                        <autoscroll time="3000" delay="100" repeat="5000">true</autoscroll>
                        <animation effect="fade" end="100" start="70" time="200" tween="sine" easing="inout">Focus</animation>
                        <animation effect="fade" start="100" end="70" time="200" tween="sine" easing="inout">UnFocus</animation>
                    </control>
                    <control type="image">
                        <width>$PARAM[width]</width>
                        <height>190</height>
                        <texture border="10">thumbs/thumbnail_focused.png</texture>
                        <include>FocusFadeInAnimation</include>
                    </control>
                </focusedlayout>
                <include content="InfoListContent" condition="$PARAM[includeContent]">
                    <param name="target">$PARAM[target]</param>
                    <param name="content">$PARAM[content]</param>
                </include>
            </control>
        </definition>
    </include>
    <include name="InfoListContent">
        <param name="target">videos</param>
        <definition>
            <content target="$PARAM[target]">$PARAM[content]</content>
        </definition>
    </include>
</includes>
