<?xml version="1.0" encoding="UTF-8"?>
<includes>
	<include name="WindowOpenCloseAnimation">
		<param name="windowOpen">True</param>
		<param name="windowClose">True</param>
		<definition>
			<animation effect="slide" tween="cubic" time="720" start="0,1080" end="0,0" condition="$PARAM[windowOpen]">WindowOpen</animation>
			<animation effect="slide" tween="cubic" time="720" end="0,1080" start="0,0" condition="$PARAM[windowClose]">WindowClose</animation>
		</definition>
	</include>
	<include name="DialogOpenCloseAnimation">
		<animation type="WindowOpen" reversible="false">
			<effect type="zoom" start="150" end="100" center="CenterWidth,CenterHeight" time="300" tween="cubic" easing="out" />
			<effect type="fade" end="100" time="150" />
		</animation>
		<animation type="WindowClose" reversible="false">
			<effect type="fade" start="100" end="0" time="100" delay="100" />
			<effect type="zoom" start="100" end="130" center="CenterWidth,CenterHeight" time="200" tween="cubic" easing="in" />
		</animation>
	</include>
	<include name="VisibleFadeAnimation">
		<animation effect="fade" time="300">Visible</animation>
		<animation effect="fade" time="300">Hidden</animation>
	</include>
	<include name="SettingsFadeAnimation">
		<animation effect="fade" time="100" delay="200">Visible</animation>
		<animation effect="fade" time="50">Hidden</animation>
	</include>
	<include name="WindowSettingsFadeAnimation">
		<animation effect="fade" time="100" delay="200">WindowOpen</animation>
		<animation effect="fade" time="50">WindowClose</animation>
	</include>
	<include name="ViewAnimation">
		<animation effect="slide" tween="cubic" time="720" start="0,1080" end="0,0">VisibleChange</animation>
	</include>
	<include name="WindowASViewAnimation">
		<animation effect="slide" tween="cubic" time="720" start="0,1080" end="0,0">WindowOpen</animation>
		<animation effect="slide" tween="cubic" time="720" end="0,1080" start="0,0">WindowClose</animation>
	</include>
	<include name="DialogPopupAnimation">
		<animation type="WindowOpen" reversible="false">
			<effect type="slide" start="0,-196" end="0" tween="cubic" easing="inout" time="400" />
		</animation>
		<animation type="WindowClose" reversible="false">
			<effect type="slide" end="0,-196" start="0" tween="cubic" easing="inout" time="400" />
		</animation>
	</include>
	<!-- <include name="SubMenuAnimation">
		<animation effect="slide" end="0,-90" time="300" tween="cubic" easing="inout" condition="!ControlGroup(9001).HasFocus() + Skin.HasSetting(Detach.RSS)">conditional</animation>
		<animation effect="fade" start="100" end="0" time="300" condition="!ControlGroup(9001).HasFocus() + Skin.HasSetting(Detach.RSS)">conditional</animation>
	</include> -->
	<include name="InfoPanelDelayAnimation">
		<visible>![Container.OnNext | Container.OnPrevious]</visible>
		<animation effect="fade" end="100" time="120" delay="2000" condition="String.IsEqual(Skin.String(InfoPanel.Delay),2)">Visible</animation>
		<animation effect="fade" end="100" time="120" delay="3000" condition="String.IsEqual(Skin.String(InfoPanel.Delay),3)">Visible</animation>
		<animation effect="fade" end="100" time="120" delay="4000" condition="String.IsEqual(Skin.String(InfoPanel.Delay),4)">Visible</animation>
		<animation effect="fade" end="100" time="120" delay="5000" condition="String.IsEqual(Skin.String(InfoPanel.Delay),5)">Visible</animation>
	</include>
	<include name="FocusFadeInAnimation">
		<animation effect="fade" start="0" end="100" time="200" reversible="false">Focus</animation>
		<animation effect="fade" start="100" end="0" time="200" reversible="false">UnFocus</animation>
	</include>
	<include name="FocusFadeOutAnimation">
		<animation effect="fade" start="100" end="0" time="200" reversible="false">Focus</animation>
		<animation effect="fade" start="0" end="100" time="200" reversible="false">UnFocus</animation>
	</include>
	
	<include name="Window_OpenClose_Animation">
		<animation effect="slide" tween="cubic" time="720" start="0,1080" end="0,0" condition="Window.Previous(home)">WindowOpen</animation>
		<animation effect="slide" tween="cubic" time="720" end="0,1080" start="0,0" condition="Window.Next(home)">WindowClose</animation>
	</include>
	<include name="dialogeffect">
		<animation type="WindowOpen" reversible="false">
			<effect type="zoom" start="150" end="100" center="960,540" time="300" tween="cubic" easing="out" />
			<effect type="fade" end="100" time="150" />
		</animation>
		<animation type="WindowClose" reversible="false">
			<effect type="fade" start="100" end="0" time="100" delay="100" />
			<effect type="zoom" start="100" end="130" center="960,540" time="200" tween="cubic" easing="in" />
		</animation>
	</include>
	<include name="VisibleFadeEffect">
		<animation effect="fade" time="300">Visible</animation>
		<animation effect="fade" time="300">Hidden</animation>
	</include>
	<include name="SettingsFadeEffect">
		<animation effect="fade" time="100" delay="200">Visible</animation>
		<animation effect="fade" time="50">Hidden</animation>
	</include>
	<include name="WindowSettingsFadeEffect">
		<animation effect="fade" time="100" delay="200">WindowOpen</animation>
		<animation effect="fade" time="50">WindowClose</animation>
	</include>
	<!-- <include name="ViewAnimation">
		<animation effect="slide" tween="cubic" time="720" start="0,1080" end="0,0">VisibleChange</animation>
	</include> -->
	<include name="WindowASViewAnimation">
		<animation effect="slide" tween="cubic" time="720" start="0,1080" end="0,0">WindowOpen</animation>
		<animation effect="slide" tween="cubic" time="720" end="0,1080" start="0,0">WindowClose</animation>
	</include>
	<include name="Animation_DialogPopup">
		<animation type="WindowOpen" reversible="false">
			<effect type="slide" start="0,-196" end="0" tween="cubic" easing="inout" time="400" />
		</animation>
		<animation type="WindowClose" reversible="false">
			<effect type="slide" end="0,-196" start="0" tween="cubic" easing="inout" time="400" />
		</animation>
	</include>
	<include name="Animation_Casting">
		<animation type="WindowOpen" reversible="false">
			<effect type="slide" start="0,-800" end="0" tween="cubic" easing="inout" time="400" />
		</animation>
		<animation type="WindowClose" reversible="false">
			<effect type="slide" end="0,800" start="0" tween="cubic" easing="inout" time="400" />
		</animation>
	</include>
	<include name="SubMenuAnimation">
		<animation effect="slide" end="0,-90" time="300" tween="cubic" easing="inout" condition="!ControlGroup(9001).HasFocus() + Skin.HasSetting(Detach.RSS)">conditional</animation>
		<animation effect="fade" start="100" end="0" time="300" condition="!ControlGroup(9001).HasFocus() + Skin.HasSetting(Detach.RSS)">conditional</animation>
		<animation effect="fade" start="100" end="0" time="200" condition="!ControlGroup(9001).HasFocus() + !Control.HasFocus(9010)">Conditional</animation>
	</include>
	<!-- ROURA97311 Anim OpenCD and disc -->
	<include name="InfoPanelDelayAnimation">
		<visible>![Container.OnNext | Container.OnPrevious]</visible>
		<animation effect="fade" end="100" time="120" delay="2000" condition="String.IsEqual(Skin.String(InfoPanel.Delay),2)">Visible</animation>
		<animation effect="fade" end="100" time="120" delay="3000" condition="String.IsEqual(Skin.String(InfoPanel.Delay),3)">Visible</animation>
		<animation effect="fade" end="100" time="120" delay="4000" condition="String.IsEqual(Skin.String(InfoPanel.Delay),4)">Visible</animation>
		<animation effect="fade" end="100" time="120" delay="5000" condition="String.IsEqual(Skin.String(InfoPanel.Delay),5)">Visible</animation>
	</include>
	<include name="SlideOutRightAnimation">
		<animation effect="slide" start="0" end="620" time="400" tween="quadratic" easing="out">WindowClose</animation>
		<animation effect="slide" end="0" start="620" time="400" tween="quadratic" easing="out">WindowOpen</animation>
	</include>
	<include name="ShowCaseDelayAnimation">
		<visible>![Container.OnNext | Container.OnPrevious]</visible>
		<!-- <animation effect="fade" end="100" time="120" delay="1000" condition="String.IsEqual(Skin.String(ShowCase.Delay),1)">Visible</animation> -->
		<animation effect="fade" end="100" time="120" delay="2000" condition="String.IsEqual(Skin.String(ShowCase.Delay),2)">Visible</animation>
		<animation effect="fade" end="100" time="120" delay="3000" condition="String.IsEqual(Skin.String(ShowCase.Delay),3)">Visible</animation>
		<animation effect="fade" end="100" time="120" delay="4000" condition="String.IsEqual(Skin.String(ShowCase.Delay),4)">Visible</animation>
		<animation effect="fade" end="100" time="120" delay="5000" condition="String.IsEqual(Skin.String(ShowCase.Delay),5)">Visible</animation>
	</include>
	<include name="CdDelayAnimationBOTTOM">
		<visible>![Container.OnNext | Container.OnPrevious]</visible>
		<animation effect="fade" end="100" time="120" delay="100"></animation>
		
	</include>
	<include name="ShowCaseDelayAnimationCD">
		<visible>![Container.OnNext | Container.OnPrevious]</visible>
		<animation effect="fade" end="100" time="120" delay="2000" condition="String.IsEqual(Skin.String(ShowCaseCD.Delay),2)">Visible</animation>
		<animation effect="fade" end="100" time="120" delay="3000" condition="String.IsEqual(Skin.String(ShowCaseCD.Delay),3)">Visible</animation>
		<animation effect="fade" end="100" time="120" delay="4000" condition="String.IsEqual(Skin.String(ShowCaseCD.Delay),4)">Visible</animation>
		<animation effect="fade" end="100" time="120" delay="5000" condition="String.IsEqual(Skin.String(ShowCaseCD.Delay),5)">Visible</animation>
	</include>
	<include name="OpenCaseAnimation">
		<animation type="conditional" reversible="false" condition="[!String.IsEmpty(Control.GetLabel(4444)) + Control.IsVisible(4444)] + !String.IsEmpty(ListItem.Title) + [ Skin.HasSetting(Fakediscart) | !String.IsEmpty(ListItem.Art(discart))]">
			<effect type="rotatey" center="19" start="0" end="70" time="1000" tween="quadratic" easing="out" />
			<effect type="rotatey" delay="3500" center="19" start="0" end="-70" time="1000" tween="quadratic" easing="out" />
		</animation>
		<animation type="conditional" reversible="false" condition="[!String.IsEmpty(Control.GetLabel(4446)) + Control.IsVisible(4446)] + Skin.HasSetting(ShowCaseSetCases)">
			<effect type="rotatey" center="19" start="0" end="70" time="1000" tween="quadratic" easing="out" />
			<effect type="rotatey" delay="6000" center="19" start="0" end="-70" time="1000" tween="quadratic" easing="out" />
		</animation>
	</include>
	<include name="OpenCaseAnimationDialog">
		<animation type="conditional" reversible="false" condition="!String.IsEmpty(ListItem.Title)">
			<effect type="rotatey" center="19" start="0" end="55" time="1000" tween="quadratic" easing="out" />
			<effect type="rotatey" delay="3500" center="19" start="0" end="-55" time="1000" tween="quadratic" easing="out" />
		</animation>
		
	</include>
	<include name="OpenCaseAnimationFAKECD">
		<animation type="conditional" reversible="false" condition="[[!String.IsEmpty(Control.GetLabel(4444)) + Control.IsVisible(4444)] + !String.IsEmpty(ListItem.Title)] + [Skin.HasSetting(Fakediscart)]">
			<effect type="rotatey" center="19" start="0" end="70" time="1000" tween="quadratic" easing="out" />
			<effect type="rotatey" delay="3500" center="19" start="0" end="-70" time="1000" tween="quadratic" easing="out" />
		</animation>
		<animation type="conditional" reversible="false" condition="[!String.IsEmpty(Control.GetLabel(4446)) + Control.IsVisible(4446)]">
			<effect type="rotatey" center="19" start="0" end="70" time="1000" tween="quadratic" easing="out" />
			<effect type="rotatey" delay="6000" center="19" start="0" end="-70" time="1000" tween="quadratic" easing="out" />
		</animation>
	</include>
	<include name="ShowCaseModDiscAnimation">
		<animation type="Conditional" condition="[!String.IsEmpty(Control.GetLabel(4444)) + Control.IsVisible(4444)] + !Skin.HasSetting(CdartNoShowCaseSetCases) + [ Skin.HasSetting(Fakediscart) | !String.IsEmpty(ListItem.Art(discart))]" reversible="false">
			<effect type="slide" start="1280,0" end="0,0" delay="0" time="2600" tween="cubic" easing="inout" />
			<effect type="rotate" start="0" center="auto" end="720" delay="0" time="2600" tween="cubic" easing="inout" />
		</animation>
	</include>
	<include name="ShowCaseModDiscAnimationBOTTOM">			
		<animation type="Conditional" condition="[!String.IsEmpty(Control.GetLabel(4448)) + Control.IsVisible(4448)]" reversible="false">
		<effect type="slide" start="0,0" end="-1250,0" delay="0" time="2600" tween="cubic" easing="inout" />
		<effect type="rotate" start="0" center="auto" end="720" delay="0" time="2600" tween="cubic" easing="inout" />
		</animation>	
	</include>		
	<include name="OpenCaseAnimationCD">
		<animation type="conditional" reversible="false" condition="[!String.IsEmpty(Control.GetLabel(4447)) + Control.IsVisible(4447)] + Control.IsVisible(1970) + Skin.HasSetting(Enable.ShowCaseCd.Covers) + Skin.HasSetting(OpenshowcasemodCD) + !String.IsEmpty(ListItem.Year)">
			<effect type="rotatey" delay="0" center="0" start="0" end="75" time="1000" tween="quadratic" easing="out"/>
            <effect type="rotatey" delay="5300" center="0" start="0" end="-75" time="1000" tween="quadratic" easing="out"/>
		</animation>
	</include>
	<include name="ShowCaseModDiscAnimationCD">
		<animation type="Conditional" condition="[!String.IsEmpty(Control.GetLabel(4447)) + Control.IsVisible(4447)] + Skin.HasSetting(OpenshowcasemodCD)" reversible="false">
			<effect type="slide" start="0,0" end="-1110,0" delay="0" time="2300" tween="cubic" easing="inout"/>
            <effect type="rotate" start="0" center="auto" end="720" delay="0" time="2300" tween="cubic" easing="inout"/>
		</animation>
	</include>
	<include name="ShowCaseModDiscAnimationCDFAKE">
		<animation type="Conditional" condition="[!String.IsEmpty(Control.GetLabel(4447)) + Control.IsVisible(4447)] + Skin.HasSetting(Enable.ShowCaseCd.Covers) + Skin.HasSetting(OpenshowcasemodCD)" reversible="false">
			<effect type="slide" start="0,0" end="-1110,0" delay="0" time="2300" tween="cubic" easing="inout"/>
            <effect type="rotate" start="0" center="auto" end="720" delay="0" time="2300" tween="cubic" easing="inout"/>
		</animation>
	</include>
	<include name="ShowCaseModDiscAnimationCD1">
		<animation type="Conditional" condition="[!String.IsEmpty(Control.GetLabel(4447)) + Control.IsVisible(4447)] + Skin.HasSetting(Enable.ShowCaseCd.Covers) + Skin.HasSetting(OpenshowcasemodCD)" reversible="false">
			<effect type="slide" start="0,0" end="-1110,0" delay="0" time="2300" tween="cubic" easing="inout"/>
            <effect type="rotate" start="0" center="auto" end="720" delay="0" time="2300" tween="cubic" easing="inout"/>
		</animation>
	</include>
	<include name="ShowCaseModDiscAnimationCD2">
		<animation type="Conditional" condition="[!String.IsEmpty(Control.GetLabel(4447)) + Control.IsVisible(4447)] + Skin.HasSetting(Enable.ShowCaseCd.Covers) + Skin.HasSetting(OpenshowcasemodCD)" reversible="false">
			<effect type="slide" start="0,0" end="-1110,0" delay="1000" time="1500" tween="cubic" easing="inout"/>
            <effect type="rotate" start="0" center="auto" end="720" delay="1000" time="1500" tween="cubic" easing="inout"/>
		</animation>
	</include>
	<include name="ShowCaseModDiscAnimationCD3">
		<animation type="Conditional" condition="[!String.IsEmpty(Control.GetLabel(4447)) + Control.IsVisible(4447)] + Skin.HasSetting(Enable.ShowCaseCd.Covers) + Skin.HasSetting(OpenshowcasemodCD)" reversible="false">
			<effect type="slide" start="0,0" end="-1110,0" delay="1500" time="1500" tween="cubic" easing="inout"/>
            <effect type="rotate" start="0" center="auto" end="720" delay="1500" time="1500" tween="cubic" easing="inout"/>
		</animation>
	</include>
	<include name="ShowCaseModDiscAnimationCD4">
		<animation type="Conditional" condition="[!String.IsEmpty(Control.GetLabel(4447)) + Control.IsVisible(4447)] + Skin.HasSetting(Enable.ShowCaseCd.Covers) + Skin.HasSetting(OpenshowcasemodCD)" reversible="false">
			<effect type="slide" start="0,0" end="-1110,0" delay="2000" time="1500" tween="cubic" easing="inout"/>
            <effect type="rotate" start="0" center="auto" end="720" delay="2000" time="1500" tween="cubic" easing="inout"/>
		</animation>
	</include>
	<include name="ShowCaseModDiscAnimationCD5">
		<animation type="Conditional" condition="[!String.IsEmpty(Control.GetLabel(4447)) + Control.IsVisible(4447)] + Skin.HasSetting(Enable.ShowCaseCd.Covers) + Skin.HasSetting(OpenshowcasemodCD)" reversible="false">
			<effect type="slide" start="0,0" end="-1110,0" delay="2500" time="1500" tween="cubic" easing="inout"/>
            <effect type="rotate" start="0" center="auto" end="720" delay="2500" time="1500" tween="cubic" easing="inout"/>
		</animation>
	</include>
	<include name="Animation_OpenCloseZoom_New">
		<animation type="WindowOpen" reversible="false">
			<effect type="zoom" start="150" end="100" center="960,540" time="480" tween="cubic" />
			<effect type="fade" end="100" time="80" />
		</animation>
		<animation type="WindowClose" reversible="false">
			<effect type="fade" start="100" end="0" time="240" />
			<effect type="zoom" start="100" end="130" center="960,540" time="240" tween="cubic" easing="in" />
		</animation>
	</include>
	<!-- ROURA97311 -->
	<include name="PosCdartflat">
				<left>1325</left>
				<top>365</top>
				<width>145</width>
				<height>145</height>
	</include>
	<include name="PosCdartCoverflow">
				<left>1335</left>
				<top>320</top>
				<width>130</width>
				<height>130</height>
	</include>
		
	<include name="RollingMovieSetCLOSEDiscsContent">
		<param name="aspectratio.Type" />
		<param name="set1.Position" />
		<param name="end1.Position" />
		<param name="delay1.Time" />
		<definition>
				<aspectratio>$PARAM[aspectratio.Type]</aspectratio>
				<texture background="true" fallback="BD.png">$INFO[Window(home).Property(SkinInfo.Set.Movie.$PARAM[set1.Position].Art(discart))]</texture>
				<animation type="Conditional" condition="[!String.IsEmpty(Control.GetLabel(4448)) + Control.IsVisible(4448)]" reversible="false">
				<effect type="slide" start="0,0" end="$PARAM[end1.Position]" delay="$PARAM[delay1.Time]" time="2600" tween="cubic" easing="inout" />
				<effect type="rotate" start="0" center="auto" end="720" delay="$PARAM[delay1.Time]" time="2600" tween="cubic" easing="inout" />
				</animation>		
		</definition>
	</include>	
<include name="ShowCaseRollingMovieSetCLOSEDiscs">			
			<!-- ROURA9711 Animation Cdart Box Set close -->
	<control type="group">
			<visible>Skin.HasSetting(CdartNoShowCaseSetCases) + ListItem.IsCollection + !Control.IsVisible(7000)</visible>
			<include condition="Skin.HasSetting(noshowcaseflow)">PosCdartflat</include>
			<include condition="!Skin.HasSetting(noshowcaseflow)">PosCdartCoverflow</include>
		<!-- ROURA97311 1 CD-->
		<control type="image">
				<include name="RollingMovieSetCLOSEDiscsContent" content="RollingMovieSetCLOSEDiscsContent" >
				<param name="aspectratio.Type">keep</param>
				<param name="set1.Position">1</param>
				<param name="end1.Position">-1250,0</param>
				<param name="delay1.Time">0</param>
				</include>
				<visible>!String.IsEmpty(Window(home).Property(SkinInfo.Set.Movie.1.Art(poster))) + String.IsEmpty(Window(home).Property(SkinInfo.Set.Movie.2.Art(poster))) + Skin.HasSetting(CdartNoShowCaseSetCases)</visible>
		</control>
		<!-- ROURA97311 SET Fake 1 cd POSTER-->
		<control type="image">
				<aspectratio scalediffuse="false" aligny="top">scale</aspectratio>
				<texture background="true" diffuse="thumbs/sets/cdart-mask.png">$INFO[Window(home).Property(SkinInfo.Set.Movie.1.Art(poster))]</texture>
				<animation type="Conditional" condition="[!String.IsEmpty(Control.GetLabel(4448)) + Control.IsVisible(4448)]" reversible="false">
				<effect type="slide" start="0,0" end="-1250,0" delay="0" time="2600" tween="cubic" easing="inout" />
				<effect type="rotate" start="0" center="auto" end="720" delay="0" time="2600" tween="cubic" easing="inout" />
			</animation>
			<visible>String.IsEmpty(Window(home).Property(SkinInfo.Set.Movie.1.Art(discart))) + String.IsEmpty(Window(home).Property(SkinInfo.Set.Movie.2.Art(poster))) + Skin.HasSetting(Fakediscart)</visible>
		</control>
		<!-- ROURA97311 1/2 CD-->
		<control type="image">
				<include name="RollingMovieSetCLOSEDiscsContent" content="RollingMovieSetCLOSEDiscsContent" >
				<param name="aspectratio.Type">keep</param>
				<param name="set1.Position">1</param>
				<param name="end1.Position">-1320,0</param>
				<param name="delay1.Time">0</param>
				</include>
				<visible>!String.IsEmpty(Window(home).Property(SkinInfo.Set.Movie.1.Art(poster))) + !String.IsEmpty(Window(home).Property(SkinInfo.Set.Movie.2.Art(poster))) + String.IsEmpty(Window(home).Property(SkinInfo.Set.Movie.3.Art(poster)))</visible>	
		</control>
		<!-- ROURA97311 SET Fake 1/2 cd POSTER-->
		<control type="image">
			<aspectratio scalediffuse="false" aligny="top">scale</aspectratio>
			<texture background="true" diffuse="thumbs/sets/cdart-mask.png">$INFO[Window(home).Property(SkinInfo.Set.Movie.1.Art(poster))]</texture>
			<animation type="Conditional" condition="[!String.IsEmpty(Control.GetLabel(4448)) + Control.IsVisible(4448)]" reversible="false">
				<effect type="slide" start="0,0" end="-1320,0" delay="0" time="2600" tween="cubic" easing="inout" />
				<effect type="rotate" start="0" center="auto" end="720" delay="0" time="2600" tween="cubic" easing="inout" />
			</animation>
			<visible>String.IsEmpty(Window(home).Property(SkinInfo.Set.Movie.1.Art(discart))) + !String.IsEmpty(Window(home).Property(SkinInfo.Set.Movie.2.Art(poster))) + String.IsEmpty(Window(home).Property(SkinInfo.Set.Movie.3.Art(poster))) + Skin.HasSetting(Fakediscart)</visible>
		</control>
		<!-- ROURA97311 2/2 CD-->	
		<control type="image">					
				<include name="RollingMovieSetCLOSEDiscsContent" content="RollingMovieSetCLOSEDiscsContent" >
				<param name="aspectratio.Type">keep</param>
				<param name="set1.Position">2</param>
				<param name="end1.Position">-1175,0</param>
				<param name="delay1.Time">500</param>
				</include>
				<visible>!String.IsEmpty(Window(home).Property(SkinInfo.Set.Movie.1.Art(poster))) + !String.IsEmpty(Window(home).Property(SkinInfo.Set.Movie.2.Art(poster))) + String.IsEmpty(Window(home).Property(SkinInfo.Set.Movie.3.Art(poster)))</visible>	
		</control>
		<!-- ROURA97311 Fake 2/2 CD-->
		<control type="image">	
			<aspectratio scalediffuse="false" aligny="top">scale</aspectratio>
			<texture background="true" diffuse="thumbs/sets/cdart-mask.png">$INFO[Window(home).Property(SkinInfo.Set.Movie.2.Art(poster))]</texture>
			<animation type="Conditional" condition="[!String.IsEmpty(Control.GetLabel(4448)) + Control.IsVisible(4448)]" reversible="false">
				<effect type="slide" start="0,0" end="-1175,0" delay="500" time="2600" tween="cubic" easing="inout" />
				<effect type="rotate" start="0" center="auto" end="720" delay="500" time="2600" tween="cubic" easing="inout" />
			</animation>
			<visible>!String.IsEmpty(Window(home).Property(SkinInfo.Set.Movie.1.Art(poster))) + String.IsEmpty(Window(home).Property(SkinInfo.Set.Movie.2.Art(discart))) + String.IsEmpty(Window(home).Property(SkinInfo.Set.Movie.3.Art(poster))) + Skin.HasSetting(Fakediscart)</visible>
		</control>
		<!-- ROURA97311 1/3 CD-->
		<control type="image">
				<include name="RollingMovieSetCLOSEDiscsContent" content="RollingMovieSetCLOSEDiscsContent" >
				<param name="aspectratio.Type">keep</param>
				<param name="set1.Position">1</param>
				<param name="end1.Position">-1350,0</param>
				<param name="delay1.Time">0</param>
				</include>
				<visible>!String.IsEmpty(Window(home).Property(SkinInfo.Set.Movie.1.Art(poster))) + !String.IsEmpty(Window(home).Property(SkinInfo.Set.Movie.2.Art(poster))) + !String.IsEmpty(Window(home).Property(SkinInfo.Set.Movie.3.Art(poster))) + String.IsEmpty(Window(home).Property(SkinInfo.Set.Movie.4.Art(poster)))</visible>
		</control>
		<!-- ROURA97311 Fake 1/3 CD-->
		<control type="image">	
			<aspectratio scalediffuse="false" aligny="top">scale</aspectratio>
			<texture background="true" diffuse="thumbs/sets/cdart-mask.png">$INFO[Window(home).Property(SkinInfo.Set.Movie.1.Art(poster))]</texture>
			<animation type="Conditional" condition="[!String.IsEmpty(Control.GetLabel(4448)) + Control.IsVisible(4448)]" reversible="false">
				<effect type="slide" start="0,0" end="-1350,0" delay="0" time="2600" tween="cubic" easing="inout" />
				<effect type="rotate" start="0" center="auto" end="720" delay="0" time="2600" tween="cubic" easing="inout" />
			</animation>
			<visible>String.IsEmpty(Window(home).Property(SkinInfo.Set.Movie.1.Art(discart))) + !String.IsEmpty(Window(home).Property(SkinInfo.Set.Movie.2.Art(poster))) + !String.IsEmpty(Window(home).Property(SkinInfo.Set.Movie.3.Art(poster))) + String.IsEmpty(Window(home).Property(SkinInfo.Set.Movie.4.Art(poster))) + Skin.HasSetting(Fakediscart)</visible>
		</control>
		<!-- ROURA97311 2/3 CD-->
		<control type="image">					
				<include name="RollingMovieSetCLOSEDiscsContent" content="RollingMovieSetCLOSEDiscsContent" >
				<param name="aspectratio.Type">keep</param>
				<param name="set1.Position">2</param>
				<param name="end1.Position">-1250,0</param>
				<param name="delay1.Time">500</param>
				</include>
				<visible>!String.IsEmpty(Window(home).Property(SkinInfo.Set.Movie.1.Art(poster))) + !String.IsEmpty(Window(home).Property(SkinInfo.Set.Movie.2.Art(poster))) + !String.IsEmpty(Window(home).Property(SkinInfo.Set.Movie.3.Art(poster))) + String.IsEmpty(Window(home).Property(SkinInfo.Set.Movie.4.Art(poster)))</visible>
		</control>
		<!-- ROURA97311 Fake 2/3 CD-->
		<control type="image">	
			<aspectratio scalediffuse="false" aligny="top">scale</aspectratio>
			<texture background="true" diffuse="thumbs/sets/cdart-mask.png">$INFO[Window(home).Property(SkinInfo.Set.Movie.2.Art(poster))]</texture>
			<animation type="Conditional" condition="[!String.IsEmpty(Control.GetLabel(4448)) + Control.IsVisible(4448)]" reversible="false">
				<effect type="slide" start="0,0" end="-1250,0" delay="500" time="2600" tween="cubic" easing="inout" />
				<effect type="rotate" start="0" center="auto" end="720" delay="500" time="2600" tween="cubic" easing="inout" />
			</animation>
			<visible>!String.IsEmpty(Window(home).Property(SkinInfo.Set.Movie.1.Art(poster))) + String.IsEmpty(Window(home).Property(SkinInfo.Set.Movie.2.Art(discart))) + !String.IsEmpty(Window(home).Property(SkinInfo.Set.Movie.3.Art(poster))) + String.IsEmpty(Window(home).Property(SkinInfo.Set.Movie.4.Art(poster))) + Skin.HasSetting(Fakediscart)</visible>
		</control>
		<!-- ROURA97311 3/3 CD-->
		<control type="image">					
				<include name="RollingMovieSetCLOSEDiscsContent" content="RollingMovieSetCLOSEDiscsContent" >
				<param name="aspectratio.Type">keep</param>
				<param name="set1.Position">3</param>
				<param name="end1.Position">-1150,0</param>
				<param name="delay1.Time">1000</param>
				</include>
				<visible>!String.IsEmpty(Window(home).Property(SkinInfo.Set.Movie.1.Art(poster))) + !String.IsEmpty(Window(home).Property(SkinInfo.Set.Movie.2.Art(poster))) + !String.IsEmpty(Window(home).Property(SkinInfo.Set.Movie.3.Art(poster))) + String.IsEmpty(Window(home).Property(SkinInfo.Set.Movie.4.Art(poster)))</visible>
		</control>
		<!-- ROURA97311 Fake 3/3 CD-->
		<control type="image">
			<aspectratio scalediffuse="false" aligny="top">scale</aspectratio>
			<texture background="true" diffuse="thumbs/sets/cdart-mask.png">$INFO[Window(home).Property(SkinInfo.Set.Movie.3.Art(poster))]</texture>
			<animation type="Conditional" condition="[!String.IsEmpty(Control.GetLabel(4448)) + Control.IsVisible(4448)]" reversible="false">
				<effect type="slide" start="0,0" end="-1150,0" delay="1000" time="2600" tween="cubic" easing="inout" />
				<effect type="rotate" start="0" center="auto" end="720" delay="1000" time="2600" tween="cubic" easing="inout" />
			</animation>
			<visible>!String.IsEmpty(Window(home).Property(SkinInfo.Set.Movie.1.Art(poster))) + !String.IsEmpty(Window(home).Property(SkinInfo.Set.Movie.2.Art(poster))) + String.IsEmpty(Window(home).Property(SkinInfo.Set.Movie.3.Art(discart))) + String.IsEmpty(Window(home).Property(SkinInfo.Set.Movie.4.Art(poster))) + Skin.HasSetting(Fakediscart)</visible>
		</control>
		<!-- ROURA97311 1/4 CD-->
		<control type="image">
				<include name="RollingMovieSetCLOSEDiscsContent" content="RollingMovieSetCLOSEDiscsContent" >
				<param name="aspectratio.Type">keep</param>
				<param name="set1.Position">1</param>
				<param name="end1.Position">-1400,0</param>
				<param name="delay1.Time">0</param>
				</include>
				<visible>!String.IsEmpty(Window(home).Property(SkinInfo.Set.Movie.1.Art(poster))) + !String.IsEmpty(Window(home).Property(SkinInfo.Set.Movie.2.Art(poster))) + !String.IsEmpty(Window(home).Property(SkinInfo.Set.Movie.3.Art(poster))) + !String.IsEmpty(Window(home).Property(SkinInfo.Set.Movie.4.Art(poster))) + String.IsEmpty(Window(home).Property(SkinInfo.Set.Movie.5.Art(poster)))</visible>
		</control>
		<!-- ROURA97311 Fake 1/4 CD-->
		<control type="image">	
				<aspectratio scalediffuse="false" aligny="top">scale</aspectratio>
				<texture background="true" diffuse="thumbs/sets/cdart-mask.png">$INFO[Window(home).Property(SkinInfo.Set.Movie.1.Art(poster))]</texture>
				<animation type="Conditional" condition="[!String.IsEmpty(Control.GetLabel(4448)) + Control.IsVisible(4448)]" reversible="false">
				<effect type="slide" start="0,0" end="-1400,0" delay="0" time="2600" tween="cubic" easing="inout" />
				<effect type="rotate" start="0" center="auto" end="720" delay="0" time="2600" tween="cubic" easing="inout" />
			</animation>
			<visible>String.IsEmpty(Window(home).Property(SkinInfo.Set.Movie.1.Art(discart))) + !String.IsEmpty(Window(home).Property(SkinInfo.Set.Movie.2.Art(poster))) + !String.IsEmpty(Window(home).Property(SkinInfo.Set.Movie.3.Art(poster))) + !String.IsEmpty(Window(home).Property(SkinInfo.Set.Movie.4.Art(poster))) + String.IsEmpty(Window(home).Property(SkinInfo.Set.Movie.5.Art(poster))) + Skin.HasSetting(Fakediscart)</visible>
		</control>
		<!-- ROURA97311 2/4 CD-->	
		<control type="image">					
				<include name="RollingMovieSetCLOSEDiscsContent" content="RollingMovieSetCLOSEDiscsContent" >
				<param name="aspectratio.Type">keep</param>
				<param name="set1.Position">2</param>
				<param name="end1.Position">-1300,0</param>
				<param name="delay1.Time">500</param>
				</include>
				<visible>!String.IsEmpty(Window(home).Property(SkinInfo.Set.Movie.1.Art(poster))) + !String.IsEmpty(Window(home).Property(SkinInfo.Set.Movie.2.Art(poster))) + !String.IsEmpty(Window(home).Property(SkinInfo.Set.Movie.3.Art(poster))) + !String.IsEmpty(Window(home).Property(SkinInfo.Set.Movie.4.Art(poster))) + String.IsEmpty(Window(home).Property(SkinInfo.Set.Movie.5.Art(poster)))</visible>
		</control>
		<!-- ROURA97311 Fake 2/4 CD-->
		<control type="image">	
			<aspectratio scalediffuse="false" aligny="top">scale</aspectratio>
			<texture background="true" diffuse="thumbs/sets/cdart-mask.png">$INFO[Window(home).Property(SkinInfo.Set.Movie.2.Art(poster))]</texture>
			<animation type="Conditional" condition="[!String.IsEmpty(Control.GetLabel(4448)) + Control.IsVisible(4448)]" reversible="false">
				<effect type="slide" start="0,0" end="-1300,0" delay="500" time="2600" tween="cubic" easing="inout" />
				<effect type="rotate" start="0" center="auto" end="720" delay="500" time="2600" tween="cubic" easing="inout" />
			</animation>
			<visible>!String.IsEmpty(Window(home).Property(SkinInfo.Set.Movie.1.Art(poster))) + String.IsEmpty(Window(home).Property(SkinInfo.Set.Movie.2.Art(discart))) + !String.IsEmpty(Window(home).Property(SkinInfo.Set.Movie.3.Art(poster))) + !String.IsEmpty(Window(home).Property(SkinInfo.Set.Movie.4.Art(poster))) + String.IsEmpty(Window(home).Property(SkinInfo.Set.Movie.5.Art(poster))) + Skin.HasSetting(Fakediscart)</visible>
		</control>
		<!-- ROURA97311 3/4 CD-->
		<control type="image">					
				<include name="RollingMovieSetCLOSEDiscsContent" content="RollingMovieSetCLOSEDiscsContent" >
				<param name="aspectratio.Type">keep</param>
				<param name="set1.Position">3</param>
				<param name="end1.Position">-1200,0</param>
				<param name="delay1.Time">1000</param>
				</include>
				<visible>!String.IsEmpty(Window(home).Property(SkinInfo.Set.Movie.1.Art(poster))) + !String.IsEmpty(Window(home).Property(SkinInfo.Set.Movie.2.Art(poster))) + !String.IsEmpty(Window(home).Property(SkinInfo.Set.Movie.3.Art(poster))) + !String.IsEmpty(Window(home).Property(SkinInfo.Set.Movie.4.Art(poster))) + String.IsEmpty(Window(home).Property(SkinInfo.Set.Movie.5.Art(poster)))</visible>
		</control>
		<!-- ROURA97311 Fake 3/4 CD-->
		<control type="image">
			<aspectratio scalediffuse="false" aligny="top">scale</aspectratio>
			<texture background="true" diffuse="thumbs/sets/cdart-mask.png">$INFO[Window(home).Property(SkinInfo.Set.Movie.3.Art(poster))]</texture>
			<animation type="Conditional" condition="[!String.IsEmpty(Control.GetLabel(4448)) + Control.IsVisible(4448)]" reversible="false">
				<effect type="slide" start="0,0" end="-1200,0" delay="1000" time="2600" tween="cubic" easing="inout" />
				<effect type="rotate" start="0" center="auto" end="720" delay="1000" time="2600" tween="cubic" easing="inout" />
			</animation>
			<visible>!String.IsEmpty(Window(home).Property(SkinInfo.Set.Movie.1.Art(poster))) + !String.IsEmpty(Window(home).Property(SkinInfo.Set.Movie.2.Art(poster))) + String.IsEmpty(Window(home).Property(SkinInfo.Set.Movie.3.Art(discart))) + !String.IsEmpty(Window(home).Property(SkinInfo.Set.Movie.4.Art(poster))) + String.IsEmpty(Window(home).Property(SkinInfo.Set.Movie.5.Art(poster))) + Skin.HasSetting(Fakediscart)</visible>
		</control>
		<!-- ROURA97311 4/4 CD-->
		<control type="image">					
				<include name="RollingMovieSetCLOSEDiscsContent" content="RollingMovieSetCLOSEDiscsContent" >
				<param name="aspectratio.Type">keep</param>
				<param name="set1.Position">4</param>
				<param name="end1.Position">-1100,0</param>
				<param name="delay1.Time">1500</param>
				</include>
				<visible>!String.IsEmpty(Window(home).Property(SkinInfo.Set.Movie.1.Art(poster))) + !String.IsEmpty(Window(home).Property(SkinInfo.Set.Movie.2.Art(poster))) + !String.IsEmpty(Window(home).Property(SkinInfo.Set.Movie.3.Art(poster))) + !String.IsEmpty(Window(home).Property(SkinInfo.Set.Movie.4.Art(poster))) + String.IsEmpty(Window(home).Property(SkinInfo.Set.Movie.5.Art(poster)))</visible>
		</control>
		<!-- ROURA97311 Fake 4/4 CD-->
		<control type="image">
			<aspectratio scalediffuse="false" aligny="top">scale</aspectratio>
			<texture background="true" diffuse="thumbs/sets/cdart-mask.png">$INFO[Window(home).Property(SkinInfo.Set.Movie.4.Art(poster))]</texture>
			<animation type="Conditional" condition="[!String.IsEmpty(Control.GetLabel(4448)) + Control.IsVisible(4448)]" reversible="false">
				<effect type="slide" start="0,0" end="-1100,0" delay="1500" time="2600" tween="cubic" easing="inout" />
				<effect type="rotate" start="0" center="auto" end="720" delay="1500" time="2600" tween="cubic" easing="inout" />
			</animation>
			<visible>!String.IsEmpty(Window(home).Property(SkinInfo.Set.Movie.1.Art(poster))) + !String.IsEmpty(Window(home).Property(SkinInfo.Set.Movie.2.Art(poster))) + !String.IsEmpty(Window(home).Property(SkinInfo.Set.Movie.3.Art(poster))) + String.IsEmpty(Window(home).Property(SkinInfo.Set.Movie.4.Art(discart))) + String.IsEmpty(Window(home).Property(SkinInfo.Set.Movie.5.Art(poster))) + Skin.HasSetting(Fakediscart)</visible>
		</control>
		<!-- ROURA97311 5 CD-->
		<control type="group">
			<control type="image">
				<include name="RollingMovieSetCLOSEDiscsContent" content="RollingMovieSetCLOSEDiscsContent" >
				<param name="aspectratio.Type">keep</param>
				<param name="set1.Position">1</param>
				<param name="end1.Position">-1450,0</param>
				<param name="delay1.Time">0</param>
				</include>
			</control>		
			<control type="image">					
				<include name="RollingMovieSetCLOSEDiscsContent" content="RollingMovieSetCLOSEDiscsContent" >
				<param name="aspectratio.Type">keep</param>
				<param name="set1.Position">2</param>
				<param name="end1.Position">-1350,0</param>
				<param name="delay1.Time">500</param>
				</include>
			</control>
			<control type="image">					
				<include name="RollingMovieSetCLOSEDiscsContent" content="RollingMovieSetCLOSEDiscsContent" >
				<param name="aspectratio.Type">keep</param>
				<param name="set1.Position">3</param>
				<param name="end1.Position">-1250,0</param>
				<param name="delay1.Time">1000</param>
				</include>
			</control>
			<control type="image">					
				<include name="RollingMovieSetCLOSEDiscsContent" content="RollingMovieSetCLOSEDiscsContent" >
				<param name="aspectratio.Type">keep</param>
				<param name="set1.Position">4</param>
				<param name="end1.Position">-1150,0</param>
				<param name="delay1.Time">1500</param>
				</include>
			</control>
			<control type="image">					
				<include name="RollingMovieSetCLOSEDiscsContent" content="RollingMovieSetCLOSEDiscsContent" >
				<param name="aspectratio.Type">keep</param>
				<param name="set1.Position">5</param>
				<param name="end1.Position">-1050,0</param>
				<param name="delay1.Time">2000</param>
				</include>
			</control>
			<visible>!String.IsEmpty(Window(home).Property(SkinInfo.Set.Movie.1.Art(poster))) + !String.IsEmpty(Window(home).Property(SkinInfo.Set.Movie.2.Art(poster))) + !String.IsEmpty(Window(home).Property(SkinInfo.Set.Movie.3.Art(poster))) + !String.IsEmpty(Window(home).Property(SkinInfo.Set.Movie.4.Art(poster))) + !String.IsEmpty(Window(home).Property(SkinInfo.Set.Movie.5.Art(poster))) + String.IsEmpty(Window(home).Property(SkinInfo.Set.Movie.6.Art(poster)))</visible>
		</control>
		<!-- ROURA97311 SET Fake CD5 POSTER-->
		<control type="image">	
			<aspectratio scalediffuse="false" aligny="top">scale</aspectratio>
			<texture background="true" diffuse="thumbs/sets/cdart-mask.png">$INFO[Window(home).Property(SkinInfo.Set.Movie.1.Art(poster))]</texture>
			<animation type="Conditional" condition="[!String.IsEmpty(Control.GetLabel(4448)) + Control.IsVisible(4448)]" reversible="false">
				<effect type="slide" start="0,0" end="-1450,0" delay="0" time="2600" tween="cubic" easing="inout" />
				<effect type="rotate" start="0" center="auto" end="720" delay="0" time="2600" tween="cubic" easing="inout" />
			</animation>
			<visible>String.IsEmpty(Window(home).Property(SkinInfo.Set.Movie.1.Art(discart))) + !String.IsEmpty(Window(home).Property(SkinInfo.Set.Movie.2.Art(poster))) + !String.IsEmpty(Window(home).Property(SkinInfo.Set.Movie.3.Art(poster))) + !String.IsEmpty(Window(home).Property(SkinInfo.Set.Movie.4.Art(poster))) + !String.IsEmpty(Window(home).Property(SkinInfo.Set.Movie.5.Art(poster))) + String.IsEmpty(Window(home).Property(SkinInfo.Set.Movie.6.Art(poster))) + Skin.HasSetting(Fakediscart)</visible>
		</control>
		<control type="image">	
			<aspectratio scalediffuse="false" aligny="top">scale</aspectratio>
			<texture background="true" diffuse="thumbs/sets/cdart-mask.png">$INFO[Window(home).Property(SkinInfo.Set.Movie.2.Art(poster))]</texture>
			<animation type="Conditional" condition="[!String.IsEmpty(Control.GetLabel(4448)) + Control.IsVisible(4448)]" reversible="false">
				<effect type="slide" start="0,0" end="-1350,0" delay="500" time="2600" tween="cubic" easing="inout" />
				<effect type="rotate" start="0" center="auto" end="720" delay="500" time="2600" tween="cubic" easing="inout" />
			</animation>
			<visible>!String.IsEmpty(Window(home).Property(SkinInfo.Set.Movie.1.Art(poster))) + String.IsEmpty(Window(home).Property(SkinInfo.Set.Movie.2.Art(discart))) + !String.IsEmpty(Window(home).Property(SkinInfo.Set.Movie.3.Art(poster))) + !String.IsEmpty(Window(home).Property(SkinInfo.Set.Movie.4.Art(poster))) + !String.IsEmpty(Window(home).Property(SkinInfo.Set.Movie.5.Art(poster))) + String.IsEmpty(Window(home).Property(SkinInfo.Set.Movie.6.Art(poster))) + Skin.HasSetting(Fakediscart)</visible>
		</control>
		<control type="image">
			<aspectratio scalediffuse="false" aligny="top">scale</aspectratio>
			<texture background="true" diffuse="thumbs/sets/cdart-mask.png">$INFO[Window(home).Property(SkinInfo.Set.Movie.3.Art(poster))]</texture>
			<animation type="Conditional" condition="[!String.IsEmpty(Control.GetLabel(4448)) + Control.IsVisible(4448)]" reversible="false">
				<effect type="slide" start="0,0" end="-1250,0" delay="1000" time="2600" tween="cubic" easing="inout" />
				<effect type="rotate" start="0" center="auto" end="720" delay="1000" time="2600" tween="cubic" easing="inout" />
			</animation>
			<visible>!String.IsEmpty(Window(home).Property(SkinInfo.Set.Movie.1.Art(poster))) + !String.IsEmpty(Window(home).Property(SkinInfo.Set.Movie.2.Art(poster))) + String.IsEmpty(Window(home).Property(SkinInfo.Set.Movie.3.Art(discart))) + !String.IsEmpty(Window(home).Property(SkinInfo.Set.Movie.4.Art(poster))) + !String.IsEmpty(Window(home).Property(SkinInfo.Set.Movie.5.Art(poster))) + String.IsEmpty(Window(home).Property(SkinInfo.Set.Movie.6.Art(poster))) + Skin.HasSetting(Fakediscart)</visible>
		</control>
		<control type="image">
			<aspectratio scalediffuse="false" aligny="top">scale</aspectratio>
			<texture background="true" diffuse="thumbs/sets/cdart-mask.png">$INFO[Window(home).Property(SkinInfo.Set.Movie.4.Art(poster))]</texture>
			<animation type="Conditional" condition="[!String.IsEmpty(Control.GetLabel(4448)) + Control.IsVisible(4448)]" reversible="false">
				<effect type="slide" start="0,0" end="-1150,0" delay="1500" time="2600" tween="cubic" easing="inout" />
				<effect type="rotate" start="0" center="auto" end="720" delay="1500" time="2600" tween="cubic" easing="inout" />
			</animation>
			<visible>!String.IsEmpty(Window(home).Property(SkinInfo.Set.Movie.1.Art(poster))) + !String.IsEmpty(Window(home).Property(SkinInfo.Set.Movie.2.Art(poster))) + !String.IsEmpty(Window(home).Property(SkinInfo.Set.Movie.3.Art(poster))) + String.IsEmpty(Window(home).Property(SkinInfo.Set.Movie.4.Art(discart))) + !String.IsEmpty(Window(home).Property(SkinInfo.Set.Movie.5.Art(poster))) + String.IsEmpty(Window(home).Property(SkinInfo.Set.Movie.6.Art(poster))) + Skin.HasSetting(Fakediscart)</visible>
		</control>
		<control type="image">
			<aspectratio scalediffuse="false" aligny="top">scale</aspectratio>
			<texture background="true" diffuse="thumbs/sets/cdart-mask.png">$INFO[Window(home).Property(SkinInfo.Set.Movie.5.Art(poster))]</texture>
			<animation type="Conditional" condition="[!String.IsEmpty(Control.GetLabel(4448)) + Control.IsVisible(4448)]" reversible="false">
				<effect type="slide" start="0,0" end="-1050,0" delay="2000" time="2600" tween="cubic" easing="inout" />
				<effect type="rotate" start="0" center="auto" end="720" delay="2000" time="2600" tween="cubic" easing="inout" />
			</animation>
			<visible>!String.IsEmpty(Window(home).Property(SkinInfo.Set.Movie.1.Art(poster))) + !String.IsEmpty(Window(home).Property(SkinInfo.Set.Movie.2.Art(poster))) + !String.IsEmpty(Window(home).Property(SkinInfo.Set.Movie.3.Art(poster))) + !String.IsEmpty(Window(home).Property(SkinInfo.Set.Movie.4.Art(poster))) + String.IsEmpty(Window(home).Property(SkinInfo.Set.Movie.5.Art(discart))) + String.IsEmpty(Window(home).Property(SkinInfo.Set.Movie.6.Art(poster))) + Skin.HasSetting(Fakediscart)</visible>
		</control>		
		<!-- ROURA97311 6 CD-->
		<control type="group">
			<control type="image">
				<include name="RollingMovieSetCLOSEDiscsContent" content="RollingMovieSetCLOSEDiscsContent" >
				<param name="aspectratio.Type">keep</param>
				<param name="set1.Position">1</param>
				<param name="end1.Position">-1500,0</param>
				<param name="delay1.Time">0</param>
				</include>
			</control>		
			<control type="image">					
				<include name="RollingMovieSetCLOSEDiscsContent" content="RollingMovieSetCLOSEDiscsContent" >
				<param name="aspectratio.Type">keep</param>
				<param name="set1.Position">2</param>
				<param name="end1.Position">-1400,0</param>
				<param name="delay1.Time">500</param>
				</include>
			</control>
			<control type="image">					
				<include name="RollingMovieSetCLOSEDiscsContent" content="RollingMovieSetCLOSEDiscsContent" >
				<param name="aspectratio.Type">keep</param>
				<param name="set1.Position">3</param>
				<param name="end1.Position">-1300,0</param>
				<param name="delay1.Time">1000</param>
				</include>
			</control>
			<control type="image">					
				<include name="RollingMovieSetCLOSEDiscsContent" content="RollingMovieSetCLOSEDiscsContent" >
				<param name="aspectratio.Type">keep</param>
				<param name="set1.Position">4</param>
				<param name="end1.Position">-1200,0</param>
				<param name="delay1.Time">1500</param>
				</include>
			</control>
			<control type="image">					
				<include name="RollingMovieSetCLOSEDiscsContent" content="RollingMovieSetCLOSEDiscsContent" >
				<param name="aspectratio.Type">keep</param>
				<param name="set1.Position">5</param>
				<param name="end1.Position">-1100,0</param>
				<param name="delay1.Time">2000</param>
				</include>
			</control>
			<control type="image">					
				<include name="RollingMovieSetCLOSEDiscsContent" content="RollingMovieSetCLOSEDiscsContent" >
				<param name="aspectratio.Type">keep</param>
				<param name="set1.Position">6</param>
				<param name="end1.Position">-1000,0</param>
				<param name="delay1.Time">2500</param>
				</include>
			</control>
			<visible>!String.IsEmpty(Window(home).Property(SkinInfo.Set.Movie.1.Art(poster))) + !String.IsEmpty(Window(home).Property(SkinInfo.Set.Movie.2.Art(poster))) + !String.IsEmpty(Window(home).Property(SkinInfo.Set.Movie.3.Art(poster))) + !String.IsEmpty(Window(home).Property(SkinInfo.Set.Movie.4.Art(poster))) + !String.IsEmpty(Window(home).Property(SkinInfo.Set.Movie.5.Art(poster))) + !String.IsEmpty(Window(home).Property(SkinInfo.Set.Movie.6.Art(poster))) + String.IsEmpty(Window(home).Property(SkinInfo.Set.Movie.7.Art(poster)))</visible>
		</control>
		<!-- ROURA97311 7 CD-->
		<control type="group">
			<control type="image">
				<include name="RollingMovieSetCLOSEDiscsContent" content="RollingMovieSetCLOSEDiscsContent" >
				<param name="aspectratio.Type">keep</param>
				<param name="set1.Position">1</param>
				<param name="end1.Position">-1550,0</param>
				<param name="delay1.Time">0</param>
				</include>
			</control>		
			<control type="image">					
				<include name="RollingMovieSetCLOSEDiscsContent" content="RollingMovieSetCLOSEDiscsContent" >
				<param name="aspectratio.Type">keep</param>
				<param name="set1.Position">2</param>
				<param name="end1.Position">-1450,0</param>
				<param name="delay1.Time">500</param>
				</include>
			</control>
			<control type="image">					
				<include name="RollingMovieSetCLOSEDiscsContent" content="RollingMovieSetCLOSEDiscsContent" >
				<param name="aspectratio.Type">keep</param>
				<param name="set1.Position">3</param>
				<param name="end1.Position">-1350,0</param>
				<param name="delay1.Time">1000</param>
				</include>
			</control>
			<control type="image">					
				<include name="RollingMovieSetCLOSEDiscsContent" content="RollingMovieSetCLOSEDiscsContent" >
				<param name="aspectratio.Type">keep</param>
				<param name="set1.Position">4</param>
				<param name="end1.Position">-1250,0</param>
				<param name="delay1.Time">1500</param>
				</include>
			</control>
			<control type="image">					
				<include name="RollingMovieSetCLOSEDiscsContent" content="RollingMovieSetCLOSEDiscsContent" >
				<param name="aspectratio.Type">keep</param>
				<param name="set1.Position">5</param>
				<param name="end1.Position">-1150,0</param>
				<param name="delay1.Time">2000</param>
				</include>
			</control>
			<control type="image">					
				<include name="RollingMovieSetCLOSEDiscsContent" content="RollingMovieSetCLOSEDiscsContent" >
				<param name="aspectratio.Type">keep</param>
				<param name="set1.Position">6</param>
				<param name="end1.Position">-1050,0</param>
				<param name="delay1.Time">2500</param>
				</include>
			</control>
			<control type="image">					
				<include name="RollingMovieSetCLOSEDiscsContent" content="RollingMovieSetCLOSEDiscsContent" >
				<param name="aspectratio.Type">keep</param>
				<param name="set1.Position">7</param>
				<param name="end1.Position">-950,0</param>
				<param name="delay1.Time">3000</param>
				</include>
			</control>
			<visible>!String.IsEmpty(Window(home).Property(SkinInfo.Set.Movie.1.Art(poster))) + !String.IsEmpty(Window(home).Property(SkinInfo.Set.Movie.2.Art(poster))) + !String.IsEmpty(Window(home).Property(SkinInfo.Set.Movie.3.Art(poster))) + !String.IsEmpty(Window(home).Property(SkinInfo.Set.Movie.4.Art(poster))) + !String.IsEmpty(Window(home).Property(SkinInfo.Set.Movie.5.Art(poster))) + !String.IsEmpty(Window(home).Property(SkinInfo.Set.Movie.6.Art(poster))) + !String.IsEmpty(Window(home).Property(SkinInfo.Set.Movie.7.Art(poster))) + String.IsEmpty(Window(home).Property(SkinInfo.Set.Movie.8.Art(poster)))</visible>
		</control>
		<!-- ROURA97311 8 CD-->
		<control type="group">
			<control type="image">
				<include name="RollingMovieSetCLOSEDiscsContent" content="RollingMovieSetCLOSEDiscsContent" >
				<param name="aspectratio.Type">keep</param>
				<param name="set1.Position">1</param>
				<param name="end1.Position">-1600,0</param>
				<param name="delay1.Time">0</param>
				</include>
			</control>		
			<control type="image">					
				<include name="RollingMovieSetCLOSEDiscsContent" content="RollingMovieSetCLOSEDiscsContent" >
				<param name="aspectratio.Type">keep</param>
				<param name="set1.Position">2</param>
				<param name="end1.Position">-1500,0</param>
				<param name="delay1.Time">500</param>
				</include>
			</control>
			<control type="image">					
				<include name="RollingMovieSetCLOSEDiscsContent" content="RollingMovieSetCLOSEDiscsContent" >
				<param name="aspectratio.Type">keep</param>
				<param name="set1.Position">3</param>
				<param name="end1.Position">-1400,0</param>
				<param name="delay1.Time">1000</param>
				</include>
			</control>
			<control type="image">					
				<include name="RollingMovieSetCLOSEDiscsContent" content="RollingMovieSetCLOSEDiscsContent" >
				<param name="aspectratio.Type">keep</param>
				<param name="set1.Position">4</param>
				<param name="end1.Position">-1300,0</param>
				<param name="delay1.Time">1500</param>
				</include>
			</control>
			<control type="image">					
				<include name="RollingMovieSetCLOSEDiscsContent" content="RollingMovieSetCLOSEDiscsContent" >
				<param name="aspectratio.Type">keep</param>
				<param name="set1.Position">5</param>
				<param name="end1.Position">-1200,0</param>
				<param name="delay1.Time">2000</param>
				</include>
			</control>
			<control type="image">					
				<include name="RollingMovieSetCLOSEDiscsContent" content="RollingMovieSetCLOSEDiscsContent" >
				<param name="aspectratio.Type">keep</param>
				<param name="set1.Position">6</param>
				<param name="end1.Position">-1100,0</param>
				<param name="delay1.Time">2500</param>
				</include>
			</control>
			<control type="image">					
				<include name="RollingMovieSetCLOSEDiscsContent" content="RollingMovieSetCLOSEDiscsContent" >
				<param name="aspectratio.Type">keep</param>
				<param name="set1.Position">7</param>
				<param name="end1.Position">-1000,0</param>
				<param name="delay1.Time">3000</param>
				</include>
			</control>		
			<control type="image">					
				<include name="RollingMovieSetCLOSEDiscsContent" content="RollingMovieSetCLOSEDiscsContent" >
				<param name="aspectratio.Type">keep</param>
				<param name="set1.Position">8</param>
				<param name="end1.Position">-900,0</param>
				<param name="delay1.Time">3500</param>
				</include>
			</control>
			<visible>!String.IsEmpty(Window(home).Property(SkinInfo.Set.Movie.1.Art(poster))) + !String.IsEmpty(Window(home).Property(SkinInfo.Set.Movie.2.Art(poster))) + !String.IsEmpty(Window(home).Property(SkinInfo.Set.Movie.3.Art(poster))) + !String.IsEmpty(Window(home).Property(SkinInfo.Set.Movie.4.Art(poster))) + !String.IsEmpty(Window(home).Property(SkinInfo.Set.Movie.5.Art(poster))) + !String.IsEmpty(Window(home).Property(SkinInfo.Set.Movie.6.Art(poster))) + !String.IsEmpty(Window(home).Property(SkinInfo.Set.Movie.7.Art(poster))) + !String.IsEmpty(Window(home).Property(SkinInfo.Set.Movie.8.Art(poster)))</visible>
		</control>		
	</control>	
</include>
	
</includes>