<?xml version="1.0" encoding="UTF-8"?>
<window>
    <defaultcontrol always="true">50</defaultcontrol>
    <allowoverlay>no</allowoverlay>
    <onload>SetProperty(Window.HasSettings,True,home)</onload>
    <onload>ClearProperty(MediaMenu,Home)</onload>
    <onunload>ClearProperty(Window.HasSettings,Home)</onunload>
    <views>50,51,52,54,55,57,500,501,503,510</views>
    <menucontrol>9051</menucontrol>
    <controls>
        <control type="label" id="4420">
            <label>$VAR[MusicInfoPanelVar]</label>
            <include>HiddenObject</include>
            <visible>Control.IsVisible(52) | Control.IsVisible(54)</visible>
            <include condition="!String.IsEmpty(Skin.String(InfoPanel.Delay))">InfoPanelDelayAnimation</include>
        </control>
		<control type="label" id="4447">
			<description>ShowCase Open Case CD</description>
			<label>$LOCALIZE[31990]</label>
			<include>HiddenObject</include>
			<include condition="!String.IsEmpty(Skin.String(ShowcaseCD.Delay))">ShowCaseDelayAnimationCD</include>
			<animation effect="fade" end="100" time="120" delay="1600">WindowOpen</animation>
			<animation effect="fade" end="100" time="120" delay="1600">Visible</animation>
			<visible>Control.IsVisible(54) + Skin.HasSetting(OpenshowcasemodCD)</visible>
		</control>
        <include>CommonBackground</include>
        <control type="group">
		<!--MikeBZH44 : Add animation to get full screen fanart -->
            <animation effect="slide" end="0,1080" time="560" tween="quadratic" condition="Control.HasFocus(109)">Conditional</animation>
            <visible>Control.IsVisible(52) | Control.IsVisible(54)</visible>
            <top>-50</top>
            <include>ShowCaseMusicInfoPanel</include>
        </control>
		<control type="group">
            <include>WindowOpenCloseAnimation</include>
			<animation effect="slide" end="0,1080" time="560" tween="quadratic" condition="Control.HasFocus(109)">Conditional</animation>
			 <animation effect="slide" tween="cubic" time="720" start="0,1080" end="0,0">WindowOpen</animation>
            <animation effect="slide" tween="cubic" time="720" end="0,1080" start="0,0">WindowClose</animation>
            <include condition="!Skin.HasSetting(Enable.SlimList)">MusicList</include>
            <include condition="Skin.HasSetting(Enable.SlimList)">SlimMusicList</include>
            <!-- view id = 50 -->
            <include>MusicInfoWall</include>
            <!-- view id = 51 -->
            <include>View_52_Landscape</include>
            <!-- view id = 52 -->
            <include>View_54_ShowCase</include>
            <!-- view id = 54 -->
            <include>MusicTriPanel</include>
            <!-- view id = 55 -->
            <!-- <include>AlbumShift</include> -->
            <!-- view id = 57 -->
            <include>MusicWall</include>
            <!-- view id = 500 -->
            <include>MusicLowList</include>
            <!-- view id = 501 -->
            <include>View_503_Wall</include>
            <!-- view id = 503 -->
            <include>Music_510_BigList</include>
            <!-- view id = 510 -->
        </control>
        <control type="group">
            <visible>Control.IsVisible(55) | Control.IsVisible(54) | Control.IsVisible(52) | Control.IsVisible(500) | Control.IsVisible(57)</visible>
            <visible>!Window.IsActive(addoninformation)</visible>
			<animation effect="slide" end="0,1080" time="560" tween="quadratic" condition="Control.HasFocus(109)">Conditional</animation>
            <animation effect="slide" tween="cubic" time="720" start="0,806" end="0,0">VisibleChange</animation>
            <animation effect="slide" tween="cubic" time="720" start="0,806" end="0,0">WindowOpen</animation>
            <animation effect="slide" tween="cubic" time="720" end="0,806" start="0,0">WindowClose</animation>
            <top>-30</top>
            <control type="group">
                <visible>Control.IsVisible(54) | Control.IsVisible(52)</visible>
                <control type="group">
					<left>410</left>
					<top>80</top>
                    <!-- <!-- ROURA97311 YEAR and TITLE on top --> -->
					
                    <visible>!Skin.HasSetting(HideFloorLabelMusic)</visible>
					<control type="label">
							<top>40</top>
							<left>-300</left>
							<width>300</width>
							<height>90</height>
							<align>center</align>
							<label>$INFO[ListItem.Year]</label>
							<!-- <label>$INFO[Container.SortMethod]</label> -->
							<font>font35_title_bold</font>
							<textcolor>$VAR[ThemeLabelColor]</textcolor>
							<shadowcolor>black</shadowcolor>
							<wrapmultiline>true</wrapmultiline>
						</control>
						
					<control type="label">
						<left>0</left>
						<top>60</top>
						<width>1100</width>
						<height>42</height>
						<aligny>top</aligny>
						<align>center</align>
						<font>font16_title_bold</font>
						<textcolor>$VAR[ThemeLabelColor]</textcolor>
						<shadowcolor>black</shadowcolor>
						<scroll>true</scroll>
						<label>$INFO[ListItem.Label]</label>
						<!-- <visible>String.IsEmpty(ListItem.Label)</visible> -->
						<textoffsety>-2</textoffsety>
						<textoffsetx>30</textoffsetx>
					</control>
					<!-- ROURA97311 COntrol CD -->
					<!-- <control type="label">
						<left>-400</left>
						<top>90</top>
						<width>1600</width>
						<height>42</height>
						<aligny>top</aligny>
						<align>center</align>
						<font>font16</font>
						<textcolor>white</textcolor>
						<shadowcolor>black</shadowcolor>
						<scroll>true</scroll>
						<label>$VAR[MusicShowcaseItem0Var]</label> -->
						<!-- <label>$INFO[Skin.String(ArtistsDiscartPath)]$INFO[ListItem.Artist]\$INFO[ListItem.Year] - $INFO[ListItem.Album,,\cdart]</label> -->
						<!-- <textoffsety>-2</textoffsety>
						<textoffsetx>30</textoffsetx>
					</control> -->
					<!-- <control type="label">
						<left>-400</left>
						<top>140</top>
						<width>1600</width>
						<height>42</height>
						<aligny>top</aligny>
						<align>center</align>
						<font>font16</font>
						<textcolor>white</textcolor>
						<shadowcolor>black</shadowcolor>
						<scroll>true</scroll>
						<label>$VAR[CDArtVar]</label>
						<textoffsety>-2</textoffsety>
						<textoffsetx>30</textoffsetx>
					</control> -->
					<!-- Roura97311 Artist redondant -->
					<!-- <control type="label">
						<left>0</left>
						<top>45</top>
						<width>1100</width>
						<height>30</height>
						<align>center</align>
						<font>font13_title</font>
						<textcolor>white</textcolor>
						<shadowcolor>black</shadowcolor>
						<label>$INFO[listitem.artist]</label>
						<textoffsetx>30</textoffsetx>
					</control> -->
				</control>
				<!-- ROURA97311 Add Artist LOGO  Showcase-->
					<control type="image">
					<left>1480</left>
					<top>80</top>
					<width>320</width>
					<height>135</height>
					<aspectratio aligny="bottom">keep</aspectratio>
					<texture background="true">$VAR[ListItemArtistLogoVar]</texture>
					<visible>!Skin.HasSetting(HideLogoArtist) + Control.IsVisible(54)</visible>
					</control>
					<!-- ROURA97311 END Add Artist LOGO -->
                <control type="group">
                    <top>1010</top>
                    <width>100%</width>
                    <visible>[Container.Content(albums) | Container.Content(songs)]</visible>
                    <!-- <control type="group">
                        <left>120</left>
                        <control type="label">
                            <left>-10</left>
                            <width>155</width>
                            <height>90</height>
                            <align>center</align>
                            <label>$INFO[ListItem.Year]</label>
                            <font>font35_title_bold</font>
                            <textcolor>white</textcolor>
                            <wrapmultiline>true</wrapmultiline>
                        </control>
                    </control> -->
                    <!-- <control type="image">
                        <right>120</right>
                        <colordiffuse>white</colordiffuse>
                        <width>200</width>
                        <fadetime>50</fadetime>
                        <include>MediaFlagVars</include>
                        <texture colordiffuse="$VAR[ThemeLabelColor]">$INFO[ListItem.UserRating,flags/rating/,.png]</texture>
                        <visible>!String.IsEmpty(ListItem.UserRating)</visible>
                    </control>
                    <control type="image">
                        <right>120</right>
                        <colordiffuse>white</colordiffuse>
                        <width>200</width>
                        <fadetime>50</fadetime>
                        <include>MediaFlagVars</include>
                        <texture colordiffuse="$VAR[ThemeLabelColor]" fallback="rating0.png">$INFO[ListItem.Rating,rating,.png]</texture>
                        <visible>String.IsEmpty(ListItem.UserRating)</visible>
                    </control> -->
                </control>
            </control>
            <control type="group">
                <visible>Control.IsVisible(500) | Control.IsVisible(55) | Control.IsVisible(57)</visible>
                <animation effect="slide" start="0" end="40" time="720" tween="cubic" easing="inout" condition="Control.IsVisible(57)">Conditional</animation>
                <animation effect="slide" tween="cubic" time="720" start="0,806" end="0,0">VisibleChange</animation>
                <control type="group">
                    <left>90</left>
                    <top>1010</top>
                    <visible>!Control.IsVisible(55)</visible>
                    <control type="label">
                        <right>680</right>
                        <height>48</height>
                        <font>font16_title_bold</font>
                        <textcolor>white</textcolor>
                        <scroll>true</scroll>
                        <label>$INFO[ListItem.Label]</label>
                        <textoffsetx>30</textoffsetx>
                    </control>
                    <control type="label">
                        <right>680</right>
                        <top>45</top>
                        <height>30</height>
                        <font>font13_title</font>
                        <textcolor>white</textcolor>
                        <label>$VAR[FloorLabel2Var]</label>
                        <textoffsetx>30</textoffsetx>
                    </control>
                </control>
                <control type="grouplist">
                    <right>80</right>
                    <top>1000</top>
                    <width>594</width>
                    <height>90</height>
                    <align>right</align>
                    <orientation>horizontal</orientation>
                    <visible>Container.Content(albums) | Container.Content(songs)</visible>
                    <!-- <control type="image">
                        <width>198</width>
                        <include>MediaFlagVars</include>
                        <texture>$VAR[MediaFlagsPathVar]/audiocodec/$INFO[MusicPlayer.Codec,,.png]</texture>
                    </control> -->
                    <control type="image">
                        <width>198</width>
                        <width>180</width>
                            <height>70</height>
                            <aspectratio>keep</aspectratio>
                            <colordiffuse>grey2</colordiffuse>
                            <texture>flags/rating/0.png</texture>
                            <visible>!ListItem.IsParentFolder + ![ListItem.IsPlaying | ListItem.IsSelected] + String.IsEmpty(ListItem.UserRating)</visible>
                    </control>
                    <control type="image">
                        <width>198</width>
                         <width>180</width>
                            <height>70</height>
                            <aspectratio>keep</aspectratio>
                            <colordiffuse>white</colordiffuse>
                            <texture>$INFO[ListItem.UserRating,flags/rating/,.png]</texture>
                            <visible>!ListItem.IsParentFolder + ![ListItem.IsPlaying | ListItem.IsSelected] + !String.IsEmpty(ListItem.UserRating)</visible>
                    </control>
					 <control type="image">
                        <width>198</width>
                        <width>180</width>
                            <height>70</height>
                            <aspectratio>keep</aspectratio>
                            <colordiffuse>$VAR[ThemeLabelColor]</colordiffuse>
                        <texture fallback="flags/rating/0.png">$INFO[ListItem.UserRating,flags/rating/,.png]</texture>
                        <visible>!ListItem.IsParentFolder + [ListItem.IsPlaying | ListItem.IsSelected]</visible>
                    </control>
                    <control type="label">
                        <width>198</width>
                        <height>90</height>
                        <align>center</align>
                        <label fallback="• • • •">$INFO[ListItem.Year]</label>
                        <font>font35_title_bold</font>
                        <textcolor>white</textcolor>
                        <wrapmultiline>true</wrapmultiline>
                    <visible>!Control.IsVisible(55)</visible>
                    </control>
                </control>
            </control>
            <control type="image">
                <top>970</top>
                <width>100%</width>
                <height>140</height>
                <texture border="1">gradient_floor.png</texture>
            </control>
        </control>
        <include>UpDownShadow</include>
        <include>ScrollOffsetLabel</include>
        <include>Topbar</include>
        <control type="group">
            <left>-440</left>
            <include>SideBladeLeft</include>
            <control type="grouplist" id="9050">
                <include>MediaMenuTop</include>
                <control type="button" id="6051">
                    <description>Show Info Toggle</description>
                    <textwidth>255</textwidth>
                    <include>ButtonCommonValues</include>
                    <label>$LOCALIZE[31018]</label>
                    <label2>[COLOR$VAR[ThemeLabelColor]]$VAR[InfoPanelLabelVar][/COLOR]</label2>
                    <onclick condition="Control.IsVisible(52)">$VAR[52MusicInfoPanelVar]</onclick>
                    <onclick condition="Control.IsVisible(54)">$VAR[54MusicInfoPanelVar]</onclick>
                    <visible>Control.IsVisible(52) | Control.IsVisible(54)</visible>
                    <visible>Container.Content(albums) | Container.Content(artists)</visible>
                </control>
                <!-- MikeBZH44 : Add new option for display / hide floor label -->
                <!-- <control type="radiobutton" id="202">
                    <include>ButtonCommonValues</include>
                    <textwidth>255</textwidth>
                    <label>Hide floor labels</label>
                    <onclick>Skin.ToggleSetting(HideFloorLabelMusic)</onclick>
                    <selected>Skin.HasSetting(HideFloorLabelMusic)</selected>
                    <visible>Control.IsVisible(54) | Control.IsVisible(57)</visible>
                </control> -->
                <!-- MikeBZH44 -->
                <control type="button" id="201">
                    <description>View options</description>
                    <textwidth>352</textwidth>
                    <font>font13_title</font>
                    <include>ButtonCommonValues</include>
                    <label>31026</label>
                    <enable>no</enable>
                    <disabledcolor>$VAR[ThemeLabelColor]</disabledcolor>
                </control>
                <control type="button" id="8">
                    <description>Search</description>
                    <include>ButtonCommonValues</include>
                    <label>137</label>
                </control>
                <control type="edit" id="19">
                    <visible>Container.CanFilter + !Container.CanFilterAdvanced</visible>
                    <description>Filter</description>
                    <textwidth>345</textwidth>
                    <include>ButtonCommonValues</include>
                    <label>587</label>
                </control>
                <control type="radiobutton" id="98">
                    <visible>Container.CanFilterAdvanced</visible>
                    <description>Filter</description>
                    <include>ButtonCommonValues</include>
                    <label>587</label>
                    <selected>Container.Filtered</selected>
                    <onclick>right</onclick>
                    <onclick>Filter</onclick>
                </control>
                <control type="radiobutton" id="16">
                    <description>PartyMode</description>
                    <label>589</label>
                    <include>ButtonCommonValues</include>
                </control>
                <control type="button" id="203">
                    <description>Actions</description>
                    <textwidth>352</textwidth>
                    <font>font13_title</font>
                    <include>ButtonCommonValues</include>
                    <label>31039</label>
                    <enable>no</enable>
                    <disabledcolor>$VAR[ThemeLabelColor]</disabledcolor>
                </control>
                <control type="togglebutton" id="20">
                    <description>Update library</description>
                    <include>ButtonCommonValues</include>
                    <label>653</label>
                    <altlabel>13353</altlabel>
                    <usealttexture>library.isscanningmusic</usealttexture>
                </control>
                <control type="button" id="613">
                    <description>Get more</description>
                    <include>ButtonCommonValues</include>
                    <label>$LOCALIZE[21452]</label>
                    <onclick>ActivateWindow(addonbrowser,addons://more/audio/,return)</onclick>
                    <visible>Container.Content(addons)</visible>
                </control>
                <control type="button" id="614">
                    <description>Add-on settings</description>
                    <include>ButtonCommonValues</include>
                    <label>$LOCALIZE[10140]</label>
                    <onclick>Addon.OpenSettings($INFO[Container.PluginName])</onclick>
                    <visible>!String.IsEmpty(Container.PluginName)</visible>
                </control>
                <control type="button" id="615">
                    <description>Settings button</description>
                    <include>ButtonCommonValues</include>
                    <label>$LOCALIZE[5]</label>
                    <onclick>ActivateWindow(mediasettings,music)</onclick>
                    <visible>Container.Content(albums) | Container.Content(artists) | Container.Content(songs)</visible>
                </control>
                <control type="button" id="612">
                    <description>Go to playlist</description>
                    <include>ButtonCommonValues</include>
                    <label>13350</label>
                    <onclick>ActivateWindow(musicplaylist)</onclick>
                    <visible>!String.IsEqual(Playlist.Length(music),0)</visible>
                </control>
                <control type="button" id="616">
                    <description>Go to playercontrols</description>
                    <include>ButtonCommonValues</include>
                    <label>$LOCALIZE[31177]</label>
                    <onclick condition="Player.HasAudio">ClearProperty(MediaMenu,Home)</onclick>
                    <onclick condition="Player.HasAudio">SetFocus(50)</onclick>
                    <onclick condition="Player.HasAudio">ActivateWindow(playercontrols)</onclick>
                    <onclick condition="Player.HasVideo">Fullscreen</onclick>
                    <onclick condition="Player.HasVideo">ActivateWindow(videoosd)</onclick>
                    <onclick>ClearProperty(MediaMenu,Home)</onclick>
                    <visible>Player.HasMedia</visible>
                </control>
            </control>
        </control>
    </controls>
</window>