<?xml version="1.0" encoding="UTF-8"?>
<window>
    <allowoverlay>no</allowoverlay>
	<!-- <onload>Skin.ToggleDebug</onload> -->
	<!-- ROURA97311 execute Script.artistslideshow -->
	<onload condition="System.HasAddon(script.artistslideshow)">RunScript(script.artistslideshow, daemon=True)</onload>
    <!-- MikeBZH44 : Add script.skin.info.service to display info about moviesets -->
    <onload condition="System.HasAddon(script.skin.info.service)">RunScript(script.skin.info.service)</onload>
    <onload condition="System.HasAddon(script.favourites)">RunScript(script.favourites)</onload>
    <onload condition="!System.HasAddon(script.tv.show.next.aired)">Skin.SetBool(Disable.NextAired)</onload>
    <onload condition="System.HasAddon(script.toolbox)">RunScript(script.toolbox,daemon=True,radius=30)</onload>
    <onload condition="String.IsEmpty(Skin.String(Overlay.Toggle))">SetProperty(Overlay.Path,overlays/showcase/,home)</onload>
    <onload condition="String.IsEqual(Skin.String(Overlay.Toggle),1)">SetProperty(Overlay.Path,overlays/showcase/1/,home)</onload>
    <onload condition="String.IsEqual(Skin.String(Overlay.Toggle),2)">SetProperty(Overlay.Path,overlays/showcase/2/,home)</onload>
    <onload condition="String.IsEqual(Skin.String(Overlay.Toggle),3)">SetProperty(Overlay.Path,overlays/showcase/3/,home)</onload>
    <onload condition="Skin.HasSetting(Disable.Resumable)">SetProperty(Overlay.Resumable,True,home)</onload>
    <onload>ReplaceWindow($INFO[System.StartupWindow])</onload>
    <controls />
</window>