<?xml version="1.0" encoding="utf-8"?>
<window>
    <defaultcontrol always="true">9000</defaultcontrol>
    <allowoverlay>no</allowoverlay>
    <onload condition="Window.Previous(startup)">SetFocus(9000,2,absolute)</onload>
    <onload>ClearProperty(HomeWidget,Home)</onload>
	<!-- test si le service du script en fond est lancé  sinon on le lance --->
    <onload condition="String.IsEmpty(Window(Home).property(SAMNSERVICE))">RunScript(script.aeon.miro.nox,backend=True)</onload>
    <!-- fin telex -->
    <onload>RunScript(script.skinshortcuts,type=buildxml&amp;mainmenuID=9000&amp;group=x1|x2|x3|x4|x5|x6|x7|x8|x9|x10|x11|x12|x13|x101|x202|x303|x404|x505|x606)</onload>
    <!-- MikeBZH44 : Add script to populate 10 random pictures from MyPicsDB -->
    <onload condition="System.HasAddon(plugin.image.mypicsdb)">RunScript(plugin.image.mypicsdb,0,?action='setproperties'&amp;method='Random'&amp;sort='Added'&amp;limit=10)</onload>
    <controls>
		
		
        <include>CommonBackground</include>
        <include condition="!Skin.HasSetting(Disable.Videoinfo)">NowPlayingVideoWidget</include>
		<include condition="!Skin.HasSetting(Disable.Musicinfo)">NowPlayingMusicWidget</include>
        <include>NowPlayingMusicWidgetSmall</include>
        <include>HomeRecentlyAddedInfo</include>
        <include>HomeRecentlyAddedInfoAlt</include>
        <include>WeatherWidget</include>
        <include>LiveTVWidget</include>
		
		<!-- Roura97311 SurMENU -->
        <control type="group">
            <top>424</top>
            <depth>MaxDepth</depth>
            <control type="group">
                <animation effect="slide" end="0,338" time="320" tween="cubic" easing="inout" condition="String.IsEqual(Skin.String(Position.Pos),Bas)">Conditional</animation>
				<animation effect="slide" end="0,568" time="320" tween="cubic" easing="inout" condition="String.IsEqual(Skin.String(Position.Pos),Vertical)">Conditional</animation>
                <animation type="WindowClose" reversible="false">
                    <effect type="slide" end="-1870" time="240" />
                    <effect type="fade" end="0" time="240" />
                </animation>
                <animation type="WindowOpen" reversible="false" condition="!Window.Previous(startup)">
                    <effect type="slide" start="-1870" time="240" delay="300" />
                    <effect type="fade" end="100" time="240" delay="300"/>
                </animation>
                <animation type="WindowOpen" reversible="false" condition="Window.Previous(startup)">
                    <effect type="slide" start="-1870" time="240" delay="800" />
                    <effect type="fade" end="100" time="240" delay="800" />
                </animation>
                <!-- MikeBZH44 : Add IdleTime condition to hide main menu -->
                <animation effect="fade" start="100" end="0" time="600" condition="Skin.HasSetting(HideMainMenu) + System.IdleTime(5) + [Control.HasFocus(9000) | Control.HasFocus(9010) | Control.HasFocus(9027)]">Conditional</animation>
                <control type="image">
                    <!-- MikeBZH44 : Remove gap between main menu and upper bar - Roura97311 : TOP Bar color -->-->
                    <top>1</top>
                    <right>0</right>
                    <height>87</height>
                    <texture colordiffuse="$VAR[ThemeHomeSystemBarsColor]" flipy="true">submenu_bar.png</texture>
					<visible>[String.IsEmpty(Skin.String(ThemeHomeMenuBarColor)) | String.IsEqual(Skin.String(ThemeHomeMenuBarColor),None)] + [String.IsEmpty(Skin.String(ThemeHomeSystemBarsColor)) | String.IsEqual(Skin.String(ThemeHomeSystemBarsColor),None)] + String.IsEmpty(Skin.String(PathSkinOptions))</visible>
                </control>
				<control type="image">
                    <!-- MikeBZH44 : Remove gap between main menu and upper bar - Roura97311 : TOP Bar Texture BW color -->
                    <top>1</top>
                    <right>0</right>
                    <height>87</height>
                    <texture flipy="true">$INFO[Skin.String(PathSkinOptions)]submenu_bar.png</texture>
					<visible>[String.IsEmpty(Skin.String(ThemeHomeMenuBarColor)) | String.IsEqual(Skin.String(ThemeHomeMenuBarColor),None)] + [String.IsEmpty(Skin.String(ThemeHomeSystemBarsColor)) | String.IsEqual(Skin.String(ThemeHomeSystemBarsColor),None)] + !String.IsEmpty(Skin.String(PathSkinOptions))</visible>
                </control>
				<control type="image">
                    <!-- MikeBZH44 : Remove gap between main menu and upper bar - Roura97311 : TOP Bar Texture color -->
                    <top>1</top>
                    <right>0</right>
                    <height>87</height>
                    <texture colordiffuse="$VAR[ThemeHomeSystemBarsColor]" flipy="true">$INFO[Skin.String(PathSkinOptions)]submenu_bar_white.png</texture>
					<visible>[!String.IsEmpty(Skin.String(ThemeHomeMenuBarColor)) + !String.IsEqual(Skin.String(ThemeHomeMenuBarColor),None)] | [!String.IsEmpty(Skin.String(ThemeHomeSystemBarsColor)) + !String.IsEqual(Skin.String(ThemeHomeSystemBarsColor),None)]</visible>
                </control>
                <!-- ROURA97311 Add player control audio -->
				<control type="button" id="802">
					<visible>Player.HasAudio + !String.IsEqual(Skin.String(Position.Pos),Vertical)</visible>
					<left>10</left>
					<top>-25</top>
					<texturefocus  colordiffuse="$VAR[ThemeLabelColor]">osd/buttons/osdaudiofo.png</texturefocus>
					<texturenofocus>osd/buttons/osdaudionf.png</texturenofocus>
					<label />
					<width>70</width>
					<height>70</height>
					<font />
					<!-- <onup condition="System.HasMediaDVD | System.HasAddon(script.globalsearch)">9020</onup> -->
					<onup>9000</onup>
					<ondown>9000</ondown>
					<onright>9000</onright>
					<onleft>9000</onleft>
					<onclick condition="Player.HasAudio">ActivateWindow(musicosd)</onclick>
					<onclick condition="Player.HasAudio">SetFocus(9000)</onclick>
				</control>
				<control type="button" id="802">
					<visible>Player.HasAudio + String.IsEqual(Skin.String(Position.Pos),Vertical)</visible>
					<left>10</left>
					<top>-620</top>
					<texturefocus  colordiffuse="$VAR[ThemeLabelColor]">osd/buttons/osdaudiofo.png</texturefocus>
					<texturenofocus>osd/buttons/osdaudionf.png</texturenofocus>
					<label />
					<width>70</width>
					<height>70</height>
					<font />
					<!-- <onup condition="System.HasMediaDVD | System.HasAddon(script.globalsearch)">9020</onup> -->
					<onup>9000</onup>
					<ondown>9000</ondown>
					<onright>9000</onright>
					<onleft>9000</onleft>
					<onclick condition="Player.HasAudio">ActivateWindow(musicosd)</onclick>
					<onclick condition="Player.HasAudio">SetFocus(9000)</onclick>
				</control>
                <include condition="System.HasAddon(service.library.data.provider)">PlayListStatsList</include>
                <control type="label">
				<!-- ROURA97311 tempo pour affichage ligne d'info 12 secondes-->
				<animation type="WindowOpen" reversible="false" condition="Window.Previous(startup)">
                    <effect type="fade" start="100" delay="14000" end="100" time="100" />
                </animation>
                    <top>46</top>
                    <width>1780</width>
                    <height>40</height>
                    <label>$VAR[LibraryStatsVar]</label>
                    <textoffsetx>15</textoffsetx>
                    <font>font13_title</font>
                    <textcolor>$VAR[ThemeLabelColor]</textcolor>
                    <shadowcolor>shadow</shadowcolor>
                </control>
				<!-- Roura97311 Add Player duration for music -->
					<control type="label" id="9024">
                    <description>Time Label</description>
					<visible>[Player.HasAudio + !Skin.HasSetting(Disable.ShowCdAudio) + !Container(9000).HasFocus(3)]</visible>
					<width>auto</width>
					<top>44</top>
					<left>840</left>
                    <!-- <textoffsetx>750</textoffsetx> -->
					<textoffsety>-20</textoffsety>
					<height>41</height>
					<!-- <right>-180</right> -->
					<!-- <align>justify</align> -->
                    <font>font30</font>
                    <textcolor>white</textcolor>
                    <shadowcolor>black</shadowcolor>
					<label>$INFO[Player.Time][COLOR$VAR[ThemeLabelColor]] / [/COLOR]$INFO[Player.Duration]</label>
					</control>
                <control type="grouplist" id="9020">
                    <right>20</right>
                    <top>46</top>
                    <width>1780</width>
                    <height>200</height>
                    <align>right</align>
                    <orientation>horizontal</orientation>
                    <!-- MikeBZH44 : Change condition for displaying widget only on demand -->
					<onup>802</onup>
					
                    <onup condition="Control.IsVisible(9004)">9004</onup>
                    <onup condition="[String.IsEqual(Container(9000).ListItem.Property(WidgetType),1) | String.IsEqual(Container(9000).ListItem.Property(WidgetType),2) | String.IsEqual(Container(9000).ListItem.Property(WidgetType),4) | String.IsEqual(Container(9000).ListItem.Property(WidgetType),5)]">9003</onup>
                    <onup condition="![[String.IsEqual(Container(9000).ListItem.Property(WidgetType),1) | String.IsEqual(Container(9000).ListItem.Property(WidgetType),2) | String.IsEqual(Container(9000).ListItem.Property(WidgetType),4) | String.IsEqual(Container(9000).ListItem.Property(WidgetType),5)] | Control.IsVisible(9004)]">9000</onup>
                    
					 <ondown>9000</ondown>
					
                    <include condition="System.HasAddon(script.globalsearch)">HomeSearchButton</include>
                    <control type="button" id="9021">
                        <label></label>
                        <textoffsetx>0</textoffsetx>
                        <width>50</width>
                        <height>41</height>
                        <align>center</align>
                        <font>IconTiny</font>
                        <textcolor>grey</textcolor>
                        <shadowcolor>shadow</shadowcolor>
                        <visible>System.HasMediaDVD</visible>
                        <onclick>EjectTray()</onclick>
                        <animation type="Visible">
                            <effect type="fade" start="0" end="100" tween="sine" easing="inout" time="300" />
                            <effect type="zoom" start="50" end="100" center="auto" tween="sine" easing="inout" time="300" />
                        </animation>
                        <animation type="Hidden">
                            <effect type="fade" start="100" end="0" tween="sine" easing="inout" time="300" />
                            <effect type="zoom" start="100" end="50" center="auto" tween="sine" easing="inout" time="300" />
                        </animation>
                    </control>
                    <control type="button" id="9022">
                        <label></label>
                        <textoffsetx>0</textoffsetx>
                        <width>50</width>
                        <height>41</height>
                        <align>center</align>
                        <font>IconTiny</font>
                        <textcolor>grey</textcolor>
                        <shadowcolor>shadow</shadowcolor>
                        <visible>System.HasMediaDVD</visible>
                        <onclick>PlayDVD</onclick>
                        <animation type="Visible">
                            <effect type="fade" start="0" end="100" tween="sine" easing="inout" time="300" />
                            <effect type="zoom" start="50" end="100" center="auto" tween="sine" easing="inout" time="300" />
                        </animation>
                        <animation type="Hidden">
                            <effect type="fade" start="100" end="0" tween="sine" easing="inout" time="300" />
                            <effect type="zoom" start="100" end="50" center="auto" tween="sine" easing="inout" time="300" />
                        </animation>
                    </control>
                    <control type="label" id="9026">
                        <width>5</width>
                        <height>41</height>
                        <label />
                        <font>font13_title</font>
                        <textcolor>$VAR[ThemeLabelColor]</textcolor>
                    </control>
					<control type="label" id="9023">
                        <width>auto</width>
                        <height>41</height>
                        <label>[COLOR$VAR[ThemeHomeTextColor]]$INFO[Weather.Temperature]  |  [/COLOR]</label>
                        <font>font13_title</font>
                        <textcolor>$VAR[ThemeLabelColor]</textcolor>
                        <visible>Weather.IsFetched + !String.IsEmpty(Weather.Plugin)</visible>
                        <shadowcolor>shadow</shadowcolor>
                    </control>
					<control type="label" id="9025">
                        <width>auto</width>
                        <height>41</height>
                        <label>[COLOR$VAR[ThemeHomeTextColor]]$INFO[System.Date]  |  [/COLOR]$INFO[System.Time]</label>
                        <font>font13_title</font>
                        <textcolor>$VAR[ThemeLabelColor]</textcolor>
                        <shadowcolor>shadow</shadowcolor>
                    </control>
				</control>
			</control>
        </control>
			
        <include condition="system.getbool(lookandfeel.enablerssfeeds) + Skin.HasSetting(Detach.RSS)">RSSFeedWidget</include>
        <include condition="system.getbool(lookandfeel.enablerssfeeds) + !Skin.HasSetting(Detach.RSS)">RSSFeedWidget2</include>
        <control type="group">
		<!-- Roura97311 Menu -->
            <top>453</top>
            <depth>MaxDepth</depth>
            <!-- MikeBZH44 : Add IdleTime condition to hide main menu -->
            <animation effect="fade" start="100" end="0" time="600" condition="Skin.HasSetting(HideMainMenu) + System.IdleTime(5) + [Control.HasFocus(9000) | Control.HasFocus(9010) | Control.HasFocus(9027)]">Conditional</animation>
            <animation effect="slide" end="0,338" time="320" tween="cubic" easing="inout" condition="String.IsEqual(Skin.String(Position.Pos),Bas)">Conditional</animation>
			<animation effect="slide" end="0,-515" time="320" tween="cubic" easing="inout" condition="String.IsEqual(Skin.String(Position.Pos),Vertical)">Conditional</animation>
			<animation type="WindowOpen" reversible="false" condition="Window.Previous(Startup)">
                <effect type="zoom" start="0" end="100" center="CenterWidth,CenterHeight" delay="500" time="300" tween="cubic" />
            </animation>
            <animation type="WindowOpen" reversible="false" condition="!Window.Previous(Startup)">
                <effect type="zoom" start="150" end="100" center="CenterWidth,CenterHeight" time="300" tween="cubic" />
                <effect type="fade" start="50" end="100" time="300" />
            </animation>
            <animation type="WindowClose" reversible="false">
                <effect type="fade" start="100" end="0" time="300" />
                <effect type="zoom" start="100" end="130" center="CenterWidth,CenterHeight" time="300" tween="cubic" easing="in" />
            </animation>
            
            <control type="image">
                <!-- MikeBZH44 : Add IdleTime condition to hide main menu -->
                <animation effect="fade" start="100" end="0" time="600" condition="Skin.HasSetting(HideMainMenu) + System.IdleTime(5) + [Control.HasFocus(9000) | Control.HasFocus(9010) | Control.HasFocus(9027)]">Conditional</animation>
                <include condition="String.IsEqual(Skin.String(Position.Pos),Bas)">HomePosHorizontalTaille</include>
				<include condition="String.IsEqual(Skin.String(Position.Pos),Centré)">HomePosHorizontalTaille</include>
				<include condition="String.IsEqual(Skin.String(Position.Pos),Vertical)">HomePosVerticalTaille</include>
				<include condition="String.IsEmpty(Skin.String(Position.Pos))">HomePosHorizontalTaille</include>
                <texture>homemenu_back.png</texture>
				<visible>String.IsEmpty(Skin.String(PathSkinOptions))</visible>
            </control>
			 <control type="image">
                <!-- MikeBZH44 : Add IdleTime condition to hide main menu -->
                <animation effect="fade" start="100" end="0" time="600" condition="Skin.HasSetting(HideMainMenu) + System.IdleTime(5) + [Control.HasFocus(9000) | Control.HasFocus(9010) | Control.HasFocus(9027)]">Conditional</animation>
				<include condition="String.IsEqual(Skin.String(Position.Pos),Bas)">HomePosHorizontalTaille</include>
				<include condition="String.IsEqual(Skin.String(Position.Pos),Centré)">HomePosHorizontalTaille</include>
				<include condition="String.IsEqual(Skin.String(Position.Pos),Vertical)">HomePosVerticalTaille</include>
				<include condition="String.IsEmpty(Skin.String(Position.Pos))">HomePosHorizontalTaille</include>
                <texture>$INFO[Skin.String(PathSkinOptions)]homemenu_back.png</texture>
				<visible>!String.IsEmpty(Skin.String(PathSkinOptions))</visible>
            </control>
			<control type="image">
                <!-- MikeBZH44 : Add IdleTime condition to hide main menu -->
                <animation effect="fade" start="100" end="0" time="600" condition="Skin.HasSetting(HideMainMenu) + System.IdleTime(5) + [Control.HasFocus(9000) | Control.HasFocus(9010) | Control.HasFocus(9027)]">Conditional</animation>
                <include condition="String.IsEqual(Skin.String(Position.Pos),Bas)">HomePosHorizontalTaille</include>
				<include condition="String.IsEqual(Skin.String(Position.Pos),Centré)">HomePosHorizontalTaille</include>
				<include condition="String.IsEqual(Skin.String(Position.Pos),Vertical)">HomePosVerticalTaille</include>
				<include condition="String.IsEmpty(Skin.String(Position.Pos))">HomePosHorizontalTaille</include>
                <texture colordiffuse="$VAR[ThemeHomeMenuBarColor]">$INFO[Skin.String(PathSkinOptions)]homemenu_back_white.png</texture>
				<visible>!String.IsEmpty(Skin.String(ThemeHomeMenuBarColor)) + !String.IsEqual(Skin.String(ThemeHomeMenuBarColor),None)</visible>
            </control>
            <!-- Main Menu (Includes_Home.xml) -->
            <include condition="Skin.HasSetting(HorizontalListNav)">MainMenuListFixed</include>
            <include condition="!Skin.HasSetting(HorizontalListNav)">MainMenuListWrapped</include>
           <!--  <control type="label">
                <top>17</top>
                <width>100%</width>
                <height>41</height>
                <font>font13_title</font>
                <textcolor>grey</textcolor>
                <align>center</align>
                <label>[UPPERCASE]$INFO[Container(9000).ListItem.Label][/UPPERCASE]</label>
                <visible>Skin.HasSetting(mainmenuicons)</visible>
            </control> -->
			<!-- ROURA97311 dégradé Home Horizontal -->
			<control type="group">
            <control type="image">
                <left>-4</left>
                <top>58</top>
                <width>100</width>
                <height>104</height>
                <texture border="1">side_fade.png</texture>
            </control>
            <control type="image">
                <right>-2</right>
                <top>58</top>
                <width>100</width>
                <height>104</height>
                <texture flipx="true" border="1">side_fade.png</texture>
            </control>
            <control type="image">
                <top>90</top>
                <width>100%</width>
                <height>72</height>
                <texture border="1">gradient_floor.png</texture>
            </control>
			<visible>String.IsEqual(Skin.String(Position.Pos),Bas) | String.IsEqual(Skin.String(Position.Pos),Centré) | String.IsEmpty(Skin.String(Position.Pos))</visible>
			</control>
			
        </control>
		<control type="group">
		<!-- Roura97311 Sous Menu -->
            <top>453</top>
            <depth>MaxDepth</depth>
            <!-- MikeBZH44 : Add IdleTime condition to hide main menu -->
            <animation effect="fade" start="100" end="0" time="600" condition="Skin.HasSetting(HideMainMenu) + System.IdleTime(5) + [Control.HasFocus(9000) | Control.HasFocus(9010) | Control.HasFocus(9027)]">Conditional</animation>
            <animation effect="slide" end="0,338" time="320" tween="cubic" easing="inout" condition="String.IsEqual(Skin.String(Position.Pos),Bas)">Conditional</animation>
			<animation effect="slide" end="0,-300" time="320" tween="cubic" easing="inout" condition="String.IsEqual(Skin.String(Position.Pos),Vertical)">Conditional</animation>
            <animation type="WindowOpen" reversible="false" condition="Window.Previous(Startup)">
                <effect type="zoom" start="0" end="100" center="CenterWidth,CenterHeight" delay="500" time="300" tween="cubic" />
            </animation>
            <animation type="WindowOpen" reversible="false" condition="!Window.Previous(Startup)">
                <effect type="zoom" start="150" end="100" center="CenterWidth,CenterHeight" time="300" tween="cubic" />
                <effect type="fade" start="50" end="100" time="300" />
            </animation>
            <animation type="WindowClose" reversible="false">
                <effect type="fade" start="100" end="0" time="300" />
                <effect type="zoom" start="100" end="130" center="CenterWidth,CenterHeight" time="300" tween="cubic" easing="in" />
            </animation>
            <control type="group" id="9001">
                <top>159</top>
                <include condition="system.getbool(lookandfeel.enablerssfeeds) | !Skin.HasSetting(Enable.VisibleSubmenu)">SubMenuAnimation</include>
                <animation effect="slide" start="1870,0" end="0,0" delay="300" time="240" condition="!Window.Previous(startup)">WindowOpen</animation>
                <animation effect="slide" start="1870,0" end="0,0" delay="200" time="480" condition="Window.Previous(startup)">WindowOpen</animation>
                <include condition="String.IsEqual(Skin.String(Position.Pos),Bas)">SubMenuHorizontal</include>
				<include condition="String.IsEqual(Skin.String(Position.Pos),Centré)">SubMenuHorizontal</include>
				<include condition="String.IsEmpty(Skin.String(Position.Pos))">SubMenuHorizontal</include>
				<include condition="String.IsEqual(Skin.String(Position.Pos),Vertical)">SubMenuVertical</include>
                <!-- MENU HORIZONTAL -->
                <control type="fixedlist" id="9010">
                    <left>HomeSubMenuLeft</left>
					<visible>String.IsEqual(Skin.String(Position.Pos),Bas) | String.IsEqual(Skin.String(Position.Pos),Centré) | String.IsEmpty(Skin.String(Position.Pos))</visible>
                    <right>210</right>
                    <height>87</height>
                    <onup>9000</onup>
					<ondown>9004</ondown>
                    <pagecontrol />
                    <scrolltime tween="quadratic" easing="out">300</scrolltime>
                    <include>HomeSubMenuPos</include>
                    <orientation>Horizontal</orientation>
                    <itemlayout height="87" width="300">
                        <control type="label">
                            <width>300</width>
                            <height>41</height>
                            <font>font13_title</font>
                            <textcolor>$VAR[UnfocusedSubMenuColor]</textcolor>
                            <shadowcolor>shadow</shadowcolor>
                            <align>center</align>
                            <label>$INFO[ListItem.Label]</label>
                        </control>
                    </itemlayout>
                    <focusedlayout height="87" width="300">
                        <control type="group">
                            <visible>Control.HasFocus(9010)</visible>
                            <control type="image">
                                <width>300</width>
                                <height>41</height>
                                <texture colordiffuse="$VAR[HighlightBarColor]">listselect_fo.png</texture>
                            </control>
							
                            <control type="label">
                                <width>300</width>
                                <height>41</height>
                                <font>font13_title</font>
								<textcolor>$VAR[FocusedSubMenuColor]</textcolor>
                                <shadowcolor>shadow</shadowcolor>
                                <align>center</align>
                                <label>$INFO[ListItem.Label]</label>
                            </control>
                        </control>
                        <control type="group">
                            <visible>!Control.HasFocus(9010)</visible>
                            <control type="label">
                                <width>300</width>
                                <height>41</height>
                                <font>font13_title</font>
                                <textcolor>$VAR[UnfocusedSubMenuColor]</textcolor>
                                <shadowcolor>shadow</shadowcolor>
                                <align>center</align>
                                <label>$INFO[ListItem.Label]</label>
                            </control>
                        </control>
                    </focusedlayout>
                    <include condition="!System.HasAddon(script.skinshortcuts)">FallbackSubMenu</include>
                    <include condition="System.HasAddon(script.skinshortcuts)">CustomSubMenu</include>
                </control>
				<!-- MENU VERTICAL -->
				<control type="fixedlist" id="9010">
                    <top>-245</top>
					<left>210</left>
					<visible>String.IsEqual(Skin.String(Position.Pos),Vertical)</visible>
                    <right>210</right>
					<height>87</height>
                    <onup>9000</onup>
					<ondown>9004</ondown>
                    <pagecontrol />
                    <scrolltime tween="quadratic" easing="out">300</scrolltime>
                    <include>HomeSubMenuPos</include>
                    <orientation>Horizontal</orientation>
                    <itemlayout height="87" width="300">
                        <control type="label">
							<width>300</width>
                            <height>41</height>
                            <font>font13_title</font>
                            <textcolor>$VAR[UnfocusedSubMenuColor]</textcolor>
                            <shadowcolor>shadow</shadowcolor>
                            <align>center</align>
                            <label>$INFO[ListItem.Label]</label>
                        </control>
                    </itemlayout>
                    <focusedlayout height="87" width="300">
                        <control type="group">
                            <visible>Control.HasFocus(9010)</visible>
                            <control type="image">
								<width>300</width>
                                <height>41</height>
                                <texture colordiffuse="$VAR[HighlightBarColor]">listselect_fo.png</texture>
                            </control>
							
                            <control type="label">
								<width>300</width>
                                <height>41</height>
                                <font>font13_title</font>
								<textcolor>$VAR[FocusedSubMenuColor]</textcolor>
                                <shadowcolor>shadow</shadowcolor>
                                <align>center</align>
                                <label>$INFO[ListItem.Label]</label>
                            </control>
                        </control>
                        <control type="group">
                            <visible>!Control.HasFocus(9010)</visible>
                            <control type="label">
                                <width>300</width>
                                <height>41</height>
                                <font>font13_title</font>
                                <textcolor>$VAR[UnfocusedSubMenuColor]</textcolor>
                                <shadowcolor>shadow</shadowcolor>
                                <align>center</align>
                                <label>$INFO[ListItem.Label]</label>
                            </control>
                        </control>
                    </focusedlayout>
                    <include condition="!System.HasAddon(script.skinshortcuts)">FallbackSubMenu</include>
                    <include condition="System.HasAddon(script.skinshortcuts)">CustomSubMenu</include>
                </control>
                <control type="button">
                    <left>185</left>
                    <top>6</top>
                    <width>30</width>
                    <height>30</height>
                    <texturefocus colordiffuse="white" flipx="true">arrowright.png</texturefocus>
                    <texturenofocus colordiffuse="$VAR[ThemeLabelColor]" flipx="true">arrowright.png</texturenofocus>
                    <visible>Container(9010).HasPrevious + !String.IsEqual(Skin.String(Position.Pos),Vertical)</visible>
                    <onclick>Control.Move(9010,-1)</onclick>
                </control>
                <control type="button">
                    <right>120</right>
                    <top>6</top>
                    <width>30</width>
                    <height>30</height>
                    <texturefocus colordiffuse="white">arrowright.png</texturefocus>
                    <texturenofocus colordiffuse="$VAR[ThemeLabelColor]">arrowright.png</texturenofocus>
                    <visible>Container(9010).HasNext + !String.IsEqual(Skin.String(Position.Pos),Vertical)</visible>
                    <onclick>Control.Move(9010,1)</onclick>
                </control>
				<control type="button">
                    <left>185</left>
                    <top>-240</top>
                    <width>30</width>
                    <height>30</height>
                    <texturefocus colordiffuse="white" flipx="true">arrowright.png</texturefocus>
                    <texturenofocus colordiffuse="$VAR[ThemeLabelColor]" flipx="true">arrowright.png</texturenofocus>
                    <visible>Container(9010).HasPrevious + String.IsEqual(Skin.String(Position.Pos),Vertical)</visible>
                    <onclick>Control.Move(9010,-1)</onclick>
                </control>
                <control type="button">
                    <right>120</right>
                    <top>-240</top>
                    <width>30</width>
                    <height>30</height>
                    <texturefocus colordiffuse="white">arrowright.png</texturefocus>
                    <texturenofocus colordiffuse="$VAR[ThemeLabelColor]">arrowright.png</texturenofocus>
                    <visible>Container(9010).HasNext + String.IsEqual(Skin.String(Position.Pos),Vertical)</visible>
                    <onclick>Control.Move(9010,1)</onclick>
                </control>
			</control>
        </control>
		<!-- Roura97311 add Mini Cd for other musicview  Home Down  -->
		<control type="group">
			<visible>[Player.HasAudio + !Skin.HasSetting(Disable.ShowCdAudio) + !Container(9000).HasFocus(3) + Skin.HasSetting(Enable.MiniCdAudio) + String.IsEqual(Skin.String(Position.Pos),Bas)]</visible>
			
			<left>-1147</left>
			<top>1585</top>
			<include>VisibleFadeEffect</include>
            <animation effect="slide" tween="cubic" time="720" start="0,1080" end="0,0" condition="String.IsEqual(Skin.String(Position.Pos),Centré)">WindowOpen</animation>
            <animation effect="slide" tween="cubic" time="720" end="0,1080" start="0,0" condition="String.IsEqual(Skin.String(Position.Pos),Centré)">WindowClose</animation>
			<animation effect="slide" tween="cubic" time="720" start="0,1080" end="0,0" condition="String.IsEmpty(Skin.String(Position.Pos))">WindowOpen</animation>
            <animation effect="slide" tween="cubic" time="720" end="0,1080" start="0,0" condition="String.IsEmpty(Skin.String(Position.Pos))">WindowClose</animation>
            <animation effect="slide" tween="cubic" time="720" start="0,-1080" end="0,0" condition="String.IsEqual(Skin.String(Position.Pos),Bas)">WindowOpen</animation>
            <animation effect="slide" tween="cubic" time="720" end="0,-1080" start="0,0" condition="String.IsEqual(Skin.String(Position.Pos),Bas)">WindowClose</animation>
            <animation effect="slide" end="0,-640" time="320" tween="cubic" easing="inout" condition="String.IsEqual(Skin.String(Position.Pos),Bas)">Conditional</animation>
			<animation effect="zoom" start="100" end="25" time="640" easing="inout" tween="circle" center="auto" condition="true">Conditional</animation>
			<control type="image" id="8827">
                <include>HiddenObject</include>
                <texture background="true" fallback="special://skin/extras/cdart/default.png">$INFO[Player.FolderPath,,cdart]$INFO[MusicPlayer.DiscNumber].png</texture>
			</control>
			<control type="image">
                <left>280</left>
                <top>5</top>
                <width>540</width>
                <height>540</height>
                <aligny>top</aligny>
                <aspectratio align="left">keep</aspectratio>
                <fadetime>300</fadetime>
                <animation effect="rotate" end="-360" center="auto" time="4800" loop="true" reversible="false" condition="!Player.Paused">Conditional</animation>
                <!-- MikeBZH44 : Add multidisc album -->
                <texture background="true" fallback="special://skin/extras/cdart/default.png">$INFO[Player.FolderPath,,cdart]$INFO[MusicPlayer.DiscNumber].png</texture>
                <bordersize>30</bordersize>
			</control>
			<!-- ROURA97311 FAKE CD -->
					<control type="image">
					<top>35</top>
					<left>310</left>
					<width>480</width>
					<height>480</height>
					<!-- <aligny>top</aligny> -->
					<aspectratio align="left">keep</aspectratio>
					<fadetime>300</fadetime>
					<animation effect="rotate" end="-360" center="auto" time="4800" loop="true" reversible="false" condition="!Player.Paused">Conditional</animation>
					<texture background="true" diffuse="thumbs/sets/cdart-mask.png">$INFO[Player.Art(thumb)]</texture>
					<visible>!Skin.HasSetting(DisableFakeCD) + String.Contains(Control.GetLabel(8827),default.png)</visible>
					<fadetime>IconCrossfadeTime</fadetime>
					</control>
					
            <control type="image">
                <description>Cover image</description>
                <left>15</left>
                <top>0</top>
                <width>560</width>
                <height>550</height>
                <aspectratio align="right">keep</aspectratio>
               
				<texture fallback="DefaultAlbumCover.png">$INFO[Player.Art(thumb)]</texture>
                <bordertexture border="28">thumbs/cd_shadow2.png</bordertexture>
                <bordersize>28</bordersize>
			</control>
			<!-- Roura97311 Add Box -->
				<control type="image">
					<posx>-80</posx>
					<posy>12</posy>
					<left>-20</left>
					<width>590</width>
					<height>540</height>
					<aligny>top</aligny>
					<texture background="true">thumbs/boxes/cd_box_closed.png</texture>
          		</control>
		</control>
		<!-- Roura97311 add Mini Cd for other musicview Home Centré -->
		<control type="group">
			<visible>[Player.HasAudio + !Skin.HasSetting(Disable.ShowCdAudio) + !Container(9000).HasFocus(3) + Skin.HasSetting(Enable.MiniCdAudio) + String.IsEqual(Skin.String(Position.Pos),Centré)]</visible>
			
			<left>-1144</left>
			<top>860</top>
			<include>VisibleFadeEffect</include>
            <animation effect="slide" tween="cubic" time="720" start="0,1080" end="0,0" condition="String.IsEqual(Skin.String(Position.Pos),Centré)">WindowOpen</animation>
            <animation effect="slide" tween="cubic" time="720" end="0,1080" start="0,0" condition="String.IsEqual(Skin.String(Position.Pos),Centré)">WindowClose</animation>
			<animation effect="slide" tween="cubic" time="720" start="0,1080" end="0,0" condition="String.IsEmpty(Skin.String(Position.Pos))">WindowOpen</animation>
            <animation effect="slide" tween="cubic" time="720" end="0,1080" start="0,0" condition="String.IsEmpty(Skin.String(Position.Pos))">WindowClose</animation>
			<animation effect="slide" tween="cubic" time="720" start="0,-1080" end="0,0" condition="String.IsEqual(Skin.String(Position.Pos),Bas)">WindowOpen</animation>
            <animation effect="slide" tween="cubic" time="720" end="0,-1080" start="0,0" condition="String.IsEqual(Skin.String(Position.Pos),Bas)">WindowClose</animation>
            <animation effect="slide" end="0,-640" time="320" tween="cubic" easing="inout" condition="String.IsEqual(Skin.String(Position.Pos),Bas)">Conditional</animation>
			<animation effect="zoom" start="100" end="25" time="640" easing="inout" tween="circle" center="auto" condition="true">Conditional</animation>
			<control type="image" id="8827">
                <include>HiddenObject</include>
                <texture background="true" fallback="special://skin/extras/cdart/default.png">$INFO[Player.FolderPath,,cdart]$INFO[MusicPlayer.DiscNumber].png</texture>
			</control>
			<control type="image">
                <left>280</left>
                <top>5</top>
                <width>540</width>
                <height>540</height>
                <aligny>top</aligny>
                <aspectratio align="left">keep</aspectratio>
                <fadetime>300</fadetime>
                <animation effect="rotate" end="-360" center="auto" time="4800" loop="true" reversible="false" condition="!Player.Paused">Conditional</animation>
                <!-- MikeBZH44 : Add multidisc album -->
                <texture background="true" fallback="special://skin/extras/cdart/default.png">$INFO[Player.FolderPath,,cdart]$INFO[MusicPlayer.DiscNumber].png</texture>
                <bordersize>30</bordersize>
			</control>
			<!-- ROURA97311 FAKE CD -->
					<control type="image">
					<top>35</top>
					<left>310</left>
					<width>480</width>
					<height>480</height>
					<!-- <aligny>top</aligny> -->
					<aspectratio align="left">keep</aspectratio>
					<fadetime>300</fadetime>
					<animation effect="rotate" end="-360" center="auto" time="4800" loop="true" reversible="false" condition="!Player.Paused">Conditional</animation>
					<texture background="true" diffuse="thumbs/sets/cdart-mask.png">$INFO[Player.Art(thumb)]</texture>
					<visible>!Skin.HasSetting(DisableFakeCD) + String.Contains(Control.GetLabel(8827),default.png)</visible>
					<fadetime>IconCrossfadeTime</fadetime>
					</control>
					
            <control type="image">
                <description>Cover image</description>
                <left>15</left>
                <top>0</top>
                <width>560</width>
                <height>550</height>
                <aspectratio align="right">keep</aspectratio>
                
				<texture fallback="DefaultAlbumCover.png">$INFO[Player.Art(thumb)]</texture>
                <bordertexture border="28">thumbs/cd_shadow2.png</bordertexture>
                <bordersize>28</bordersize>
			</control>
			<!-- Roura97311 Add Box -->
				<control type="image">
					<posx>-80</posx>
					<posy>12</posy>
					<left>-20</left>
					<width>590</width>
					<height>540</height>
					<aligny>top</aligny>
					<texture background="true">thumbs/boxes/cd_box_closed.png</texture>
          		</control>
	</control>
		<!-- Roura97311 add Mini Cd for other musicview Home Vertical -->
		<control type="group">
			<visible>[Player.HasAudio + !Skin.HasSetting(Disable.ShowCdAudio) + !Container(9000).HasFocus(3) + Skin.HasSetting(Enable.MiniCdAudio) + String.IsEqual(Skin.String(Position.Pos),Vertical)]</visible>
			
			<left>1650</left>
			<top>830</top>
			<include>VisibleFadeEffect</include>
            <animation effect="slide" tween="cubic" time="720" start="0,1080" end="0,0" condition="String.IsEqual(Skin.String(Position.Pos),Vertical)">WindowOpen</animation>
            <animation effect="slide" tween="cubic" time="720" end="0,1080" start="0,0" condition="String.IsEqual(Skin.String(Position.Pos),Vertical)">WindowClose</animation>
            <animation effect="slide" tween="cubic" time="720" start="0,-1080" end="0,0" condition="String.IsEqual(Skin.String(Position.Pos),Bas)">WindowOpen</animation>
            <animation effect="slide" tween="cubic" time="720" end="0,-1080" start="0,0" condition="String.IsEqual(Skin.String(Position.Pos),Bas)">WindowClose</animation>
            <animation effect="slide" end="0,-640" time="320" tween="cubic" easing="inout" condition="String.IsEqual(Skin.String(Position.Pos),Bas)">Conditional</animation>
			<animation effect="zoom" start="100" end="25" time="640" easing="inout" tween="circle" center="auto" condition="true">Conditional</animation>
			<control type="image" id="8827">
                <include>HiddenObject</include>
                <texture background="true" fallback="special://skin/extras/cdart/default.png">$INFO[Player.FolderPath,,cdart]$INFO[MusicPlayer.DiscNumber].png</texture>
			</control>
			<control type="image">
                <left>255</left>
                <top>5</top>
                <width>440</width>
                <height>440</height>
                <aligny>top</aligny>
                <aspectratio align="left">keep</aspectratio>
                <fadetime>300</fadetime>
                <animation effect="rotate" end="-360" center="auto" time="4800" loop="true" reversible="false" condition="!Player.Paused">Conditional</animation>
                <!-- MikeBZH44 : Add multidisc album -->
                <texture background="true" fallback="special://skin/extras/cdart/default.png">$INFO[Player.FolderPath,,cdart]$INFO[MusicPlayer.DiscNumber].png</texture>
                <bordersize>30</bordersize>
			</control>
			<!-- ROURA97311 FAKE CD -->
					<control type="image">
					<top>35</top>
					<left>310</left>
					<width>380</width>
					<height>380</height>
					<!-- <aligny>top</aligny> -->
					<aspectratio align="left">keep</aspectratio>
					<fadetime>300</fadetime>
					<animation effect="rotate" end="-360" center="auto" time="4800" loop="true" reversible="false" condition="!Player.Paused">Conditional</animation>
					<texture background="true" diffuse="thumbs/sets/cdart-mask.png">$INFO[Player.Art(thumb)]</texture>
					<visible>!Skin.HasSetting(DisableFakeCD) + String.Contains(Control.GetLabel(8827),default.png)</visible>
					<fadetime>IconCrossfadeTime</fadetime>
					</control>
					
            <control type="image">
                <description>Cover image</description>
                <left>55</left>
                <top>0</top>
                <width>440</width>
                <height>440</height>
                <aspectratio align="right">keep</aspectratio>
                
				<texture fallback="DefaultAlbumCover.png">$INFO[Player.Art(thumb)]</texture>
                <bordertexture border="28">thumbs/cd_shadow2.png</bordertexture>
                <bordersize>28</bordersize>
			</control>
			<!-- Roura97311 Add Box -->
				<control type="image">
					<posx>-80</posx>
					<posy>12</posy>
					<left>20</left>
					<width>460</width>
					<height>440</height>
					<aligny>top</aligny>
					<texture background="true">thumbs/boxes/cd_box_closed.png</texture>
          		</control>
		</control>
		<!-- Roura97311 Titre du Fanart -->
		<include condition="!Skin.HasSetting(Disable.FanartTitle)">FanartTitle</include>
    </controls>
</window>