<?xml version="1.0" encoding="UTF-8"?>
<includes>
    <!-- Video TriPanel -->
    <include name="VideoTriPanel">
        <control type="group">
            <visible>Control.IsVisible(55)</visible>
            <include>ViewAnimation</include>
            <width>1836</width>
            <centerleft>50%</centerleft>
            <control type="group">
                <left>1400</left>
                <top>136</top>
                <control type="image">
                    <description>background image</description>
                    <left>-32</left>
                    <top>780</top>
                    <width>512</width>
                    <height>752</height>
                    <texture border="40">panel_reflect.png</texture>
                </control>
                <control type="image">
                    <description>background image</description>
                    <left>-32</left>
                    <top>60</top>
                    <width>512</width>
                    <height>752</height>
                    <texture border="40">listpanel_back.png</texture>
                </control>
                <control type="grouplist">
                    <top>92</top>
                    <width>448</width>
                    <height>270</height>
                    <control type="button">
                        <label>[COLOR labelheader]$LOCALIZE[31000]:[/COLOR][CR]$INFO[ListItem.Director]</label>
                        <width>448</width>
                        <include>ShowCaseInfoPanelButtonsValues</include>
                        <visible>!String.IsEmpty(ListItem.Director) + Container.Content(movies)</visible>
                    </control>
                    <control type="button">
                        <label>[COLOR labelheader]$LOCALIZE[31000]:[/COLOR][CR]$INFO[Window(home).Property(SkinInfo.Set.Movies.Director)]</label>
                        <width>448</width>
                        <include>ShowCaseInfoPanelButtonsValues</include>
                        <visible>!String.IsEmpty(Window(home).Property(SkinInfo.Set.Movies.Director)) + [Container.Content(movies) | Container.Content(sets)]</visible>
                    </control>
                    <control type="button">
                        <label>[COLOR labelheader]$LOCALIZE[126]:[/COLOR][CR]$INFO[Window(Home).Property(NextAired.Status)]</label>
                        <width>448</width>
                        <include>ShowCaseInfoPanelButtonsValues</include>
                        <visible>[Container.Content(tvshows) | Container.Content(seasons)] + !String.IsEmpty(Window(Home).Property(NextAired.Status))</visible>
                    </control>
                    <control type="button">
                        <label>[COLOR labelheader]$LOCALIZE[20416]:[/COLOR][CR]$INFO[ListItem.Premiered]</label>
                        <width>448</width>
                        <include>ShowCaseInfoPanelButtonsValues</include>
                        <visible>!String.IsEmpty(ListItem.Premiered) + [Container.Content(episodes) | [[Container.Content(tvshows) | Container.Content(seasons)] + Skin.HasSetting(Disable.NextAired)]]</visible>
                    </control>
                    <control type="button">
                        <label>[COLOR labelheader]$LOCALIZE[31019]:[/COLOR][CR]$INFO[ListItem.Studio]</label>
                        <width>448</width>
                        <include>ShowCaseInfoPanelButtonsValues</include>
                        <visible>!String.IsEmpty(ListItem.Studio)</visible>
                        <visible>[[Container.Content(tvshows) | Container.Content(seasons)] + Skin.HasSetting(Disable.NextAired)] | Container.Content(episodes)</visible>
                    </control>
                    <control type="button">
                        <label>[COLOR labelheader]$LOCALIZE[31010]:[/COLOR][CR]$INFO[Window(Home).Property(NextAired.NextDate),,: ]$INFO[Window(Home).Property(NextAired.NextTitle)]</label>
                        <include>ShowCaseInfoPanelButtonsValues</include>
                        <visible>[Container.Content(tvshows) | Container.Content(seasons)] + !String.IsEmpty(Window(Home).Property(NextAired.NextDate)) + !Skin.HasSetting(Disable.NextAired)</visible>
                    </control>
                    <control type="button">
                        <label>[COLOR labelheader]$LOCALIZE[31011]:[/COLOR][CR]$INFO[Window(Home).Property(NextAired.LatestNumber),, - ]$INFO[Window(Home).Property(NextAired.LatestTitle)]</label>
                        <include>ShowCaseInfoPanelButtonsValues</include>
                        <visible>[Container.Content(tvshows) | Container.Content(seasons)] + !String.IsEmpty(Window(Home).Property(NextAired.LatestDate)) + String.IsEmpty(Window(Home).Property(NextAired.NextDate)) + !Skin.HasSetting(Disable.NextAired)</visible>
                    </control>
                    <control type="button">
                        <label>[COLOR labelheader]$LOCALIZE[515]:[/COLOR][CR]$INFO[ListItem.Genre]</label>
                        <width>448</width>
                        <include>ShowCaseInfoPanelButtonsValues</include>
                        <visible>!String.IsEmpty(ListItem.Genre)</visible>
                    </control>
                    <control type="button">
                        <label>[COLOR labelheader]$LOCALIZE[515]:[/COLOR][CR]$INFO[Window(home).Property(SkinInfo.Set.Movies.Genre)]</label>
                        <width>448</width>
                        <include>ShowCaseInfoPanelButtonsValues</include>
                        <visible>!String.IsEmpty(Window(home).Property(SkinInfo.Set.Movies.Genre)) + [Container.Content(movies) | Container.Content(sets)]</visible>
                    </control>
                    <!-- Roura97311 New Movies Duration Hours or Minutes -->
                <control type="button">
                    <label>$VAR[InfoPanelLabel4Var]</label>
                    <width>448</width>
                    <include>ShowCaseInfoPanelButtonsValues</include>
                    <include>VisibleFadeAnimation</include>
                    <visible>!String.IsEmpty(ListItem.Title)</visible>
                </control>
					
                </control>
                <control type="textbox" id="70">
                    <label>$VAR[VideoPlotVar]</label>
                    <left>15</left>
                    <top>370</top>
                    <width>418</width>
                    <height>402</height>
                    <font>font14_textbox</font>
                    <pagecontrol>62</pagecontrol>
                    <include>ShowCaseInfoPanelButtonsValues</include>
                    <autoscroll time="3000" delay="4000" repeat="5000">Skin.HasSetting(Enable.AutoScroll) + !Control.HasFocus(62)</autoscroll>
                </control>
                <control type="scrollbar" id="62">
                    <left>448</left>
                    <top>370</top>
                    <width>14</width>
                    <height>402</height>
                    <onup>PageUp(70)</onup>
                    <ondown>PageUp(70)</ondown>
                    <onleft>50</onleft>
                    <onright>SetProperty(MediaMenu,True,home)</onright>
                    <onright>SetFocus(9050)</onright>
                    <texturesliderbackground />
                    <texturesliderbar colordiffuse="55ffffff" border="1">scrollbar/texturesliderbar2.png</texturesliderbar>
                    <texturesliderbarfocus border="1">scrollbar/texturesliderbar2.png</texturesliderbarfocus>
                    <showonepage>false</showonepage>
                    <orientation>vertical</orientation>
                </control>
            </control>
            <control type="group">
                <left>846</left>
                <top>154</top>
                <control type="image">
                    <width>570</width>
                    <height>835</height>
                    <aspectratio aligny="bottom" align="right">scale</aspectratio>
                    <texture background="true">$VAR[PosterThumbVar]</texture>
                    <fadetime>IconCrossfadeTime</fadetime>
                    <bordertexture border="20">thumbs/thumb_shadow.png</bordertexture>
                    <bordersize>20</bordersize>
                </control>
                <control type="image">
                    <left>30</left>
                    <top>797</top>
                    <width>540</width>
                    <height>835</height>
                    <aspectratio aligny="top" align="right">scale</aspectratio>
                    <fadetime>IconCrossfadeTime</fadetime>
                    <texture diffuse="thumbs/thumb_reflect.png" flipy="true" background="true">$VAR[PosterThumbVar]</texture>
                    <bordersize>20</bordersize>
                </control>
                <control type="image">
                    <left>550</left>
                    <top>58</top>
                    <width>80</width>
                    <height>720</height>
                    <texture flipx="true" border="1">side_shadow.png</texture>
                </control>
            </control>
            <control type="group">
                <left>76</left>
                <top>60</top>
                <control type="image">
                    <description>background image</description>
                    <left>-32</left>
                    <top>932</top>
                    <width>870</width>
                    <height>904</height>
                    <texture border="40">panel_reflect.png</texture>
                </control>
                <control type="image">
                    <description>background image</description>
                    <left>-32</left>
                    <top>60</top>
                    <width>870</width>
                    <height>904</height>
                    <texture border="40">listpanel_back.png</texture>
                </control>
                <control type="list" id="55">
                    <top>92</top>
                    <width>806</width>
                    <height>840</height>
                    <onleft>SetProperty(MediaMenu,True,home)</onleft>
                    <onleft>SetFocus(9050)</onleft>
                    <onright condition="Control.IsVisible(60)">60</onright>
                    <onright condition="!Control.IsVisible(60)">62</onright>
                    <onup>55</onup>
                    <ondown>55</ondown>
                    <viewtype label="31078">list</viewtype>
                    <pagecontrol>60</pagecontrol>
                    <preloaditems>2</preloaditems>
                    <visible>Container.Content(movies) | Container.Content(tvshows) | Container.Content(seasons) | Container.Content(episodes) | Container.Content(sets)</visible>
                    <scrolltime tween="quadratic" easing="out">200</scrolltime>
                    <itemlayout height="70" width="806" condition="Container.Content(movies)">
                        <control type="image">
                            <top>12</top>
                            <width>806</width>
                            <height>60</height>
                            <texture border="1">separator2.png</texture>
                        </control>
                        <control type="label">
                            <left>15</left>
                            <width>90</width>
                            <height>68</height>
                            <font>font15</font>
                            <textcolor>labelheader</textcolor>
                            <selectedcolor>selected</selectedcolor>
                            <label fallback="• • • •">$INFO[ListItem.Year]</label>
                            <visible>!ListItem.IsParentFolder</visible>
                        </control>
                        <control type="label">
                            <left>110</left>
                            <width>620</width>
                            <height>68</height>
                            <font>font15</font>
                            <textcolor>grey2</textcolor>
                            <selectedcolor>selected</selectedcolor>
                            <label>$INFO[ListItem.Label]</label>
                        </control>
                        <control type="label">
                            <left>110</left>
                            <width>620</width>
                            <height>68</height>
                            <font>font15</font>
                            <align>right</align>
                            <textcolor>grey2</textcolor>
                            <selectedcolor>selected</selectedcolor>
                            <label>$INFO[ListItem.Label2]</label>
                            <visible>!Skin.HasSetting(Enable.HideRatings) | [String.IsEqual(ListItem.Label2, ListItem.Rating) + String.IsEqual(Container.SortMethod,$LOCALIZE[563])]</visible>
                        </control>
                        <control type="image">
                            <left>742</left>
                            <top>3</top>
                            <width>64</width>
                            <height>64</height>
                            <aspectratio>keep</aspectratio>
                            <texture>$VAR[ListItem.Overlay]</texture>
                        </control>
                    </itemlayout>
                    <focusedlayout height="70" width="806" condition="Container.Content(movies)">
                        <control type="image">
                            <top>12</top>
                            <width>806</width>
                            <height>60</height>
                            <texture border="1">separator2.png</texture>
                        </control>
                        <control type="image">
                            <width>806</width>
                            <height>70</height>
                            <texture border="4">listselect_fo.png</texture>
                            <visible>Control.HasFocus(55)</visible>
                            <include>VisibleFadeAnimation</include>
                        </control>
                        <control type="label">
                            <left>15</left>
                            <width>90</width>
                            <height>68</height>
                            <font>font15</font>
                            <selectedcolor>selected</selectedcolor>
                            <label fallback="• • • •">$INFO[ListItem.Year]</label>
                            <animation effect="fade" start="100" end="70" time="300" tween="sine" easing="inout" condition="!Control.HasFocus(55)">Conditional</animation>
                            <visible>!ListItem.IsParentFolder</visible>
                        </control>
                        <control type="label">
                            <left>110</left>
                            <width>620</width>
                            <height>68</height>
                            <font>font15</font>
                            <selectedcolor>selected</selectedcolor>
                            <label>$INFO[ListItem.Label]</label>
                            <animation effect="fade" start="100" end="70" time="300" tween="sine" easing="inout" condition="!Control.HasFocus(55)">Conditional</animation>
                        </control>
                        <control type="label">
                            <left>110</left>
                            <width>620</width>
                            <height>68</height>
                            <font>font15</font>
                            <align>right</align>
                            <selectedcolor>selected</selectedcolor>
                            <label>$INFO[ListItem.Label2]</label>
                            <visible>!Skin.HasSetting(Enable.HideRatings) | [String.IsEqual(ListItem.Label2, ListItem.Rating) + String.IsEqual(Container.SortMethod,$LOCALIZE[563])]</visible>
                            <animation effect="fade" start="100" end="70" time="300" tween="sine" easing="inout" condition="!Control.HasFocus(55)">Conditional</animation>
                        </control>
                        <control type="image">
                            <left>742</left>
                            <top>3</top>
                            <width>64</width>
                            <height>64</height>
                            <aspectratio>keep</aspectratio>
                            <texture>$VAR[ListItem.Overlay]</texture>
                        </control>
                    </focusedlayout>
                    <itemlayout height="70" width="806" condition="Container.Content(tvshows)">
                        <control type="image">
                            <top>12</top>
                            <width>806</width>
                            <height>60</height>
                            <texture border="1">separator2.png</texture>
                        </control>
                        <control type="label">
                            <left>15</left>
                            <width>90</width>
                            <height>68</height>
                            <font>font15</font>
                            <textcolor>labelheader</textcolor>
                            <selectedcolor>selected</selectedcolor>
                            <label fallback="• • • •">$INFO[ListItem.Year]</label>
                            <visible>!ListItem.IsParentFolder</visible>
                        </control>
                        <control type="label">
                            <left>110</left>
                            <width>565</width>
                            <height>68</height>
                            <font>font15</font>
                            <textcolor>grey2</textcolor>
                            <selectedcolor>selected</selectedcolor>
                            <label>$INFO[ListItem.Label]</label>
                        </control>
                        <control type="label">
                            <left>110</left>
                            <width>620</width>
                            <height>68</height>
                            <font>font15</font>
                            <align>right</align>
                            <textcolor>grey2</textcolor>
                            <selectedcolor>selected</selectedcolor>
                            <label>$INFO[ListItem.Rating]</label>
                            <visible>!Skin.HasSetting(Enable.HideRatings)</visible>
                        </control>
                        <control type="image">
                            <left>742</left>
                            <top>3</top>
                            <width>64</width>
                            <height>64</height>
                            <aspectratio>keep</aspectratio>
                            <texture>$VAR[ListItem.Overlay]</texture>
                        </control>
                        <control type="group">
                            <description>Unwatched episodes</description>
                            <left>742</left>
                            <control type="image">
                                <top>3</top>
                                <width>64</width>
                                <height>64</height>
                                <texture>overlays/list/OverlayUnWatched.png</texture>
                                <visible>Integer.IsGreater(ListItem.Property(UnWatchedEpisodes),0) + String.IsEmpty(ListItem.Overlay)</visible>
                            </control>
                            <control type="label">
                                <left>-18</left>
                                <width>100</width>
                                <height>68</height>
                                <font>font12_title</font>
                                <align>center</align>
                                <label>$VAR[ListOverlayEpisodesVar]</label>
                                <textcolor>grey3</textcolor>
                                <textoffsetx>18</textoffsetx>
                                <visible>Integer.IsGreater(ListItem.Property(UnWatchedEpisodes),0)</visible>
                            </control>
                        </control>
                    </itemlayout>
                    <focusedlayout height="70" width="806" condition="Container.Content(tvshows)">
                        <control type="image">
                            <top>12</top>
                            <width>806</width>
                            <height>60</height>
                            <texture border="1">separator2.png</texture>
                        </control>
                        <control type="image">
                            <width>806</width>
                            <height>70</height>
                            <texture border="4">listselect_fo.png</texture>
                            <visible>Control.HasFocus(55)</visible>
                            <include>VisibleFadeAnimation</include>
                        </control>
                        <control type="label">
                            <left>15</left>
                            <width>90</width>
                            <height>68</height>
                            <font>font15</font>
                            <selectedcolor>selected</selectedcolor>
                            <label fallback="• • • •">$INFO[ListItem.Year]</label>
                            <animation effect="fade" start="100" end="70" time="300" tween="sine" easing="inout" condition="!Control.HasFocus(55)">Conditional</animation>
                            <visible>!ListItem.IsParentFolder</visible>
                        </control>
                        <control type="label">
                            <left>110</left>
                            <width>565</width>
                            <height>68</height>
                            <font>font15</font>
                            <selectedcolor>selected</selectedcolor>
                            <label>$INFO[ListItem.Label]</label>
                            <animation effect="fade" start="100" end="70" time="300" tween="sine" easing="inout" condition="!Control.HasFocus(55)">Conditional</animation>
                        </control>
                        <control type="label">
                            <left>110</left>
                            <width>620</width>
                            <height>68</height>
                            <font>font15</font>
                            <align>right</align>
                            <selectedcolor>selected</selectedcolor>
                            <label>$INFO[ListItem.Rating]</label>
                            <visible>!Skin.HasSetting(Enable.HideRatings)</visible>
                            <animation effect="fade" start="100" end="70" time="300" tween="sine" easing="inout" condition="!Control.HasFocus(55)">Conditional</animation>
                        </control>
                        <control type="image">
                            <left>742</left>
                            <top>3</top>
                            <width>64</width>
                            <height>64</height>
                            <aspectratio>keep</aspectratio>
                            <texture>$VAR[ListItem.Overlay]</texture>
                        </control>
                        <control type="group">
                            <description>Unwatched episodes</description>
                            <left>742</left>
                            <control type="image">
                                <top>3</top>
                                <width>64</width>
                                <height>64</height>
                                <texture>overlays/list/OverlayUnWatched.png</texture>
                                <visible>Integer.IsGreater(ListItem.Property(UnWatchedEpisodes),0) + String.IsEmpty(ListItem.Overlay)</visible>
                            </control>
                            <control type="label">
                                <left>-18</left>
                                <width>100</width>
                                <height>68</height>
                                <font>font12_title</font>
                                <align>center</align>
                                <label>$VAR[ListOverlayEpisodesVar]</label>
                                <textcolor>white</textcolor>
                                <textoffsetx>18</textoffsetx>
                                <visible>Integer.IsGreater(ListItem.Property(UnWatchedEpisodes),0)</visible>
                            </control>
                        </control>
                    </focusedlayout>
                    <itemlayout height="70" width="806" condition="Container.Content(episodes)">
                        <control type="image">
                            <top>10</top>
                            <width>806</width>
                            <height>60</height>
                            <texture border="1">separator2.png</texture>
                        </control>
                        <control type="label">
                            <width>730</width>
                            <height>68</height>
                            <font>font15</font>
                            <textcolor>grey2</textcolor>
                            <selectedcolor>selected</selectedcolor>
                            <label>$INFO[ListItem.Label]</label>
                            <textoffsetx>15</textoffsetx>
                        </control>
                        <control type="label">
                            <left>110</left>
                            <width>620</width>
                            <height>68</height>
                            <font>font15</font>
                            <align>right</align>
                            <textcolor>grey2</textcolor>
                            <selectedcolor>selected</selectedcolor>
                            <label>$INFO[ListItem.Rating]</label>
                            <visible>!Skin.HasSetting(Enable.HideRatings)</visible>
                        </control>
                        <control type="image">
                            <left>742</left>
                            <top>3</top>
                            <width>64</width>
                            <height>64</height>
                            <aspectratio>keep</aspectratio>
                            <texture>$VAR[ListItem.Overlay]</texture>
                        </control>
                    </itemlayout>
                    <focusedlayout height="70" width="806" condition="Container.Content(episodes)">
                        <control type="image">
                            <top>10</top>
                            <width>806</width>
                            <height>60</height>
                            <texture border="1">separator2.png</texture>
                        </control>
                        <control type="image">
                            <width>806</width>
                            <height>70</height>
                            <texture border="4">listselect_fo.png</texture>
                            <visible>Control.HasFocus(55)</visible>
                            <include>VisibleFadeAnimation</include>
                        </control>
                        <control type="label">
                            <width>730</width>
                            <height>68</height>
                            <font>font15</font>
                            <selectedcolor>selected</selectedcolor>
                            <label>$INFO[ListItem.Label]</label>
                            <textoffsetx>15</textoffsetx>
                            <animation effect="fade" start="100" end="70" time="300" tween="sine" easing="inout" condition="!Control.HasFocus(55)">Conditional</animation>
                        </control>
                        <control type="label">
                            <left>110</left>
                            <width>620</width>
                            <height>68</height>
                            <font>font15</font>
                            <align>right</align>
                            <selectedcolor>selected</selectedcolor>
                            <label>$INFO[ListItem.Rating]</label>
                            <visible>!Skin.HasSetting(Enable.HideRatings)</visible>
                            <animation effect="fade" start="100" end="70" time="300" tween="sine" easing="inout" condition="!Control.HasFocus(55)">Conditional</animation>
                        </control>
                        <control type="image">
                            <left>742</left>
                            <top>3</top>
                            <width>64</width>
                            <height>64</height>
                            <aspectratio>keep</aspectratio>
                            <texture>$VAR[ListItem.Overlay]</texture>
                        </control>
                    </focusedlayout>
                    <itemlayout height="70" width="806" condition="Container.Content(seasons)">
                        <control type="image">
                            <top>12</top>
                            <width>806</width>
                            <height>60</height>
                            <texture border="1">separator2.png</texture>
                        </control>
                        <control type="label">
                            <left>15</left>
                            <width>600</width>
                            <height>68</height>
                            <font>font15</font>
                            <textcolor>grey2</textcolor>
                            <selectedcolor>selected</selectedcolor>
                            <label>$INFO[ListItem.Label]</label>
                        </control>
                        <control type="label">
                            <left>110</left>
                            <width>620</width>
                            <height>68</height>
                            <font>font15</font>
                            <align>right</align>
                            <textcolor>grey2</textcolor>
                            <selectedcolor>selected</selectedcolor>
                            <label>$INFO[ListItem.Property(TotalEpisodes),, $LOCALIZE[20453]]</label>
                        </control>
                        <control type="image">
                            <left>742</left>
                            <top>3</top>
                            <width>64</width>
                            <height>64</height>
                            <aspectratio>keep</aspectratio>
                            <texture>$VAR[ListItem.Overlay]</texture>
                        </control>
                        <control type="group">
                            <description>Unwatched episodes</description>
                            <left>742</left>
                            <control type="image">
                                <top>3</top>
                                <width>64</width>
                                <height>64</height>
                                <texture>overlays/list/OverlayUnWatched.png</texture>
                                <visible>Integer.IsGreater(ListItem.Property(UnWatchedEpisodes),0) + String.IsEmpty(ListItem.Overlay)</visible>
                            </control>
                            <control type="label">
                                <left>-18</left>
                                <width>100</width>
                                <height>68</height>
                                <font>font12_title</font>
                                <align>center</align>
                                <label>$VAR[ListOverlayEpisodesVar]</label>
                                <textcolor>grey3</textcolor>
                                <textoffsetx>18</textoffsetx>
                                <visible>Integer.IsGreater(ListItem.Property(UnWatchedEpisodes),0)</visible>
                            </control>
                        </control>
                    </itemlayout>
                    <focusedlayout height="70" width="806" condition="Container.Content(seasons)">
                        <control type="image">
                            <top>12</top>
                            <width>806</width>
                            <height>60</height>
                            <texture border="1">separator2.png</texture>
                        </control>
                        <control type="image">
                            <width>806</width>
                            <height>70</height>
                            <texture border="4">listselect_fo.png</texture>
                            <visible>Control.HasFocus(55)</visible>
                            <include>VisibleFadeAnimation</include>
                        </control>
                        <control type="label">
                            <left>15</left>
                            <width>600</width>
                            <height>68</height>
                            <font>font15</font>
                            <selectedcolor>selected</selectedcolor>
                            <label>$INFO[ListItem.Label]</label>
                            <animation effect="fade" start="100" end="70" time="300" tween="sine" easing="inout" condition="!Control.HasFocus(55)">Conditional</animation>
                        </control>
                        <control type="label">
                            <left>110</left>
                            <width>620</width>
                            <height>68</height>
                            <font>font15</font>
                            <align>right</align>
                            <selectedcolor>selected</selectedcolor>
                            <label>$INFO[ListItem.Property(TotalEpisodes),, $LOCALIZE[20453]]</label>
                            <animation effect="fade" start="100" end="70" time="300" tween="sine" easing="inout" condition="!Control.HasFocus(55)">Conditional</animation>
                        </control>
                        <control type="image">
                            <left>742</left>
                            <top>3</top>
                            <width>64</width>
                            <height>64</height>
                            <aspectratio>keep</aspectratio>
                            <texture>$VAR[ListItem.Overlay]</texture>
                        </control>
                        <control type="group">
                            <description>Unwatched episodes</description>
                            <left>742</left>
                            <control type="image">
                                <top>3</top>
                                <width>64</width>
                                <height>64</height>
                                <texture>overlays/list/OverlayUnWatched.png</texture>
                                <visible>Integer.IsGreater(ListItem.Property(UnWatchedEpisodes),0) + String.IsEmpty(ListItem.Overlay)</visible>
                            </control>
                            <control type="label">
                                <left>-18</left>
                                <width>100</width>
                                <height>68</height>
                                <font>font12_title</font>
                                <align>center</align>
                                <label>$VAR[ListOverlayEpisodesVar]</label>
                                <textcolor>white</textcolor>
                                <textoffsetx>18</textoffsetx>
                                <visible>Integer.IsGreater(ListItem.Property(UnWatchedEpisodes),0)</visible>
                            </control>
                        </control>
                    </focusedlayout>
                </control>
                <control type="scrollbar" id="60">
                    <left>806</left>
                    <top>92</top>
                    <width>14</width>
                    <height>840</height>
                    <onup>60</onup>
                    <ondown>60</ondown>
                    <onleft>50</onleft>
                    <onright>62</onright>
                    <texturesliderbackground />
                    <texturesliderbar colordiffuse="55ffffff" border="1">scrollbar/texturesliderbar2.png</texturesliderbar>
                    <texturesliderbarfocus border="1">scrollbar/texturesliderbar2.png</texturesliderbarfocus>
                    <showonepage>false</showonepage>
                    <orientation>vertical</orientation>
                </control>
                <control type="image">
                    <left>822</left>
                    <top>114</top>
                    <width>40</width>
                    <height>795</height>
                    <texture flipx="true" border="1">side_shadow.png</texture>
                </control>
            </control>
        </control>
    </include>
    <!-- Music TriPanel -->
    <include name="MusicTriPanel">
	<control type="image" id="8832">
                <include>HiddenObject</include>
                <texture background="true" fallback="special://skin/extras/cdart/default.png">$VAR[CDArtVar].png</texture>
    </control>
    <control type="image" id="8833">
                <include>HiddenObject</include>
                <texture background="true" fallback="special://skin/extras/cdart/default.png">$VAR[CDArtVar]1.png</texture>
    </control>
        <control type="group">
            <visible>Control.IsVisible(55) + !Window.IsActive(addoninformation)</visible>
            <include>ViewAnimation</include>
            <width>1920</width>
            <centerleft>50%</centerleft>
            <control type="group">
                <left>1396</left>
                <top>401</top>
                <control type="image">
                    <description>background image</description>
                    <left>-32</left>
                    <top>780</top>
                    <width>512</width>
                    <height>752</height>
                    <texture border="40">panel_reflect.png</texture>
                </control>
				<!-- ROURA97311 : Add CDArt Animation Mono Album-->
				<control type="image">
                    <left>-540</left>
					<top>-243</top>
                    <width>550</width>
					<height>550</height>
                    <aspectratio align="left">keep</aspectratio>
					<!-- <fadetime>100</fadetime> -->
					<texture background="true">$VAR[CDArtVar].png</texture>
					<animation effect="rotate" end="-360" center="auto" time="4800" loop="true" reversible="false" condition="Player.Playing + String.IsEqual(ListItem.Album,MusicPlayer.Album)">Conditional</animation>
					<!-- <fadetime>IconCrossfadeTime</fadetime> -->
                    <bordersize>20</bordersize>
				</control>
				<!-- ROURA97311 : Add CDArt static Album1-->
				<control type="image">
                    <left>-540</left>
					<top>-243</top>
                    <width>550</width>
					<height>550</height>
                    <aspectratio align="left">keep</aspectratio>
					<!-- <fadetime>100</fadetime> -->
					<texture background="true">$VAR[CDArtVar]1.png</texture>
					<!-- <animation effect="rotate" end="-360" center="auto" time="4800" loop="true" reversible="false" condition="Player.Playing + String.IsEqual(ListItem.Album,MusicPlayer.Album)">Conditional</animation> -->
					<!-- <fadetime>IconCrossfadeTime</fadetime> -->
                    <bordersize>20</bordersize>
				</control>
				<!-- ROURA97311 : Add CDArt anim Album1-->
				<control type="image">
                    <left>-540</left>
					<top>-243</top>
                    <width>550</width>
					<height>550</height>
                    <aspectratio align="left">keep</aspectratio>
					<!-- <fadetime>100</fadetime> -->
					<texture background="true">$VAR[CDArtVar]1.png</texture>
					<animation effect="rotate" end="-360" center="auto" time="4800" loop="true" reversible="false" condition="Player.Playing + String.IsEqual(ListItem.Album,MusicPlayer.Album) + String.IsEqual(MusicPlayer.DiscNumber,1)">Conditional</animation>
					<visible>String.IsEqual(ListItem.Album,MusicPlayer.Album) + String.IsEqual(MusicPlayer.DiscNumber,1)</visible>
					<!-- <fadetime>IconCrossfadeTime</fadetime> -->
                    <bordersize>20</bordersize>
				</control>
				<!-- ROURA97311 : Add CDArt anim Album2-->
				<control type="image">
                    <left>-540</left>
					<top>-243</top>
                    <width>550</width>
					<height>550</height>
                    <aspectratio align="left">keep</aspectratio>
					<!-- <fadetime>100</fadetime> -->
					<texture background="true">$VAR[CDArtVar]2.png</texture>
					<animation effect="rotate" end="-360" center="auto" time="4800" loop="true" reversible="false" condition="Player.Playing + String.IsEqual(ListItem.Album,MusicPlayer.Album) + String.IsEqual(MusicPlayer.DiscNumber,2)">Conditional</animation>
					<visible>String.IsEqual(ListItem.Album,MusicPlayer.Album) + String.IsEqual(MusicPlayer.DiscNumber,2)</visible>
					<!-- <fadetime>IconCrossfadeTime</fadetime> -->
                    <bordersize>20</bordersize>
				</control>
				<!-- ROURA97311 : Add CDArt anim Album3-->
				<control type="image">
                    <left>-540</left>
					<top>-243</top>
                    <width>550</width>
					<height>550</height>
                    <aspectratio align="left">keep</aspectratio>
					<!-- <fadetime>100</fadetime> -->
					<texture background="true">$VAR[CDArtVar]3.png</texture>
					<animation effect="rotate" end="-360" center="auto" time="4800" loop="true" reversible="false" condition="Player.Playing + String.IsEqual(ListItem.Album,MusicPlayer.Album) + String.IsEqual(MusicPlayer.DiscNumber,3)">Conditional</animation>
					<visible>String.IsEqual(ListItem.Album,MusicPlayer.Album) + String.IsEqual(MusicPlayer.DiscNumber,3)</visible>
					<!-- <fadetime>IconCrossfadeTime</fadetime> -->
                    <bordersize>20</bordersize>
				</control>
				<!-- ROURA97311 : Add CDArt anim Album4-->
				<control type="image">
                    <left>-540</left>
					<top>-243</top>
                    <width>550</width>
					<height>550</height>
                    <aspectratio align="left">keep</aspectratio>
					<!-- <fadetime>100</fadetime> -->
					<texture background="true">$VAR[CDArtVar]4.png</texture>
					<animation effect="rotate" end="-360" center="auto" time="4800" loop="true" reversible="false" condition="Player.Playing + String.IsEqual(ListItem.Album,MusicPlayer.Album) + String.IsEqual(MusicPlayer.DiscNumber,4)">Conditional</animation>
					<visible>String.IsEqual(ListItem.Album,MusicPlayer.Album) + String.IsEqual(MusicPlayer.DiscNumber,4)</visible>
					<!-- <fadetime>IconCrossfadeTime</fadetime> -->
                    <bordersize>20</bordersize>
				</control>
				<control type="image">
                    <description>background image</description>
                    <left>-32</left>
                    <top>60</top>
                    <width>512</width>
                    <height>518</height>
                    <texture border="40">listpanel_back.png</texture>
                </control>
                <control type="grouplist">
                    <top>92</top>
                    <width>448</width>
                    <height>420</height>
                    <usecontrolcoords>true</usecontrolcoords>
                    <visible>Container.Content(songs)</visible>
                    <control type="button">
                        <label>[COLOR$VAR[ThemeLabelColor]]$LOCALIZE[557]:[/COLOR][CR]$INFO[ListItem.Artist]</label>
                        <width>448</width>
                        <include>ShowCaseInfoPanelButtonsValues</include>
                        <visible>!String.IsEmpty(ListItem.Artist)</visible>
                    </control>
                    <control type="button">
                        <label>[COLOR$VAR[ThemeLabelColor]]$LOCALIZE[558]:[/COLOR][CR]$INFO[ListItem.Album]</label>
                        <width>448</width>
                        <include>ShowCaseInfoPanelButtonsValues</include>
                        <visible>!String.IsEmpty(ListItem.Album)</visible>
                    </control>
                    <control type="button">
                        <label>[COLOR$VAR[ThemeLabelColor]]$LOCALIZE[515]:[/COLOR][CR]$INFO[ListItem.Genre]</label>
                        <width>448</width>
                        <include>ShowCaseInfoPanelButtonsValues</include>
                        <visible>!String.IsEmpty(ListItem.Genre)</visible>
                    </control>
                    <control type="button">
                        <label>[COLOR$VAR[ThemeLabelColor]]$LOCALIZE[345]:[/COLOR][CR]$INFO[ListItem.Year]</label>
                        <width>448</width>
                        <include>ShowCaseInfoPanelButtonsValues</include>
                        <visible>!String.IsEmpty(ListItem.Year)</visible>
                    </control>
                </control>
                <control type="grouplist">
                    <top>92</top>
                    <width>448</width>
                    <height>460</height>
                    <usecontrolcoords>true</usecontrolcoords>
                    <visible>Container.Content(albums)</visible>
                    <control type="button">
                        <label>[COLOR$VAR[ThemeLabelColor]]$LOCALIZE[557]:[/COLOR][CR]$INFO[ListItem.Artist]</label>
                        <width>448</width>
                        <include>ShowCaseInfoPanelButtonsValues</include>
                        <visible>!String.IsEmpty(ListItem.Artist)</visible>
                    </control>
                    <control type="button">
                        <label>[COLOR$VAR[ThemeLabelColor]]$LOCALIZE[515]:[/COLOR][CR]$INFO[ListItem.Genre]</label>
                        <width>448</width>
                        <include>ShowCaseInfoPanelButtonsValues</include>
                        <visible>!String.IsEmpty(ListItem.Genre)</visible>
                    </control>
                    <control type="button">
                        <label>[COLOR$VAR[ThemeLabelColor]]$LOCALIZE[21899]:[/COLOR][CR]$INFO[ListItem.Property(Album_Label)]</label>
                        <width>448</width>
                        <include>ShowCaseInfoPanelButtonsValues</include>
                        <visible>!String.IsEmpty(ListItem.Property(Album_Label))</visible>
                    </control>
                    <control type="button">
                        <label>[COLOR$VAR[ThemeLabelColor]]$LOCALIZE[175]:[/COLOR][CR]$INFO[ListItem.Property(Album_Mood)]</label>
                        <width>448</width>
                        <include>ShowCaseInfoPanelButtonsValues</include>
                        <visible>!String.IsEmpty(ListItem.Property(Album_Mood))</visible>
                    </control>
                    <control type="button">
                        <label>[COLOR$VAR[ThemeLabelColor]]$LOCALIZE[176]:[/COLOR][CR]$INFO[ListItem.Property(Album_Style)]</label>
                        <width>448</width>
                        <include>ShowCaseInfoPanelButtonsValues</include>
                        <visible>!String.IsEmpty(ListItem.Property(Album_Style))</visible>
                    </control>
                </control>
                <control type="grouplist">
                    <top>92</top>
                    <width>448</width>
                    <height>460</height>
                    <usecontrolcoords>true</usecontrolcoords>
                    <visible>![Container.Content(songs) | Container.Content(albums)]</visible>
                    <control type="button">
                        <label>[COLOR$VAR[ThemeLabelColor]]$LOCALIZE[21863]:[/COLOR][CR]$INFO[ListItem.AddonCreator]</label>
                        <width>448</width>
                        <include>ShowCaseInfoPanelButtonsValues</include>
                        <visible>!String.IsEmpty(ListItem.AddonCreator)</visible>
                    </control>
                    <control type="button">
                        <label>[COLOR$VAR[ThemeLabelColor]]$LOCALIZE[515]:[/COLOR][CR]$INFO[ListItem.Property(Artist_Genre)]</label>
                        <width>448</width>
                        <include>ShowCaseInfoPanelButtonsValues</include>
                        <visible>!String.IsEmpty(ListItem.Property(Artist_Genre))</visible>
                    </control>
                    <control type="textbox">
                        <label>$VAR[MusicPlotVar]</label>
                        <left>15</left>
                        <top>15</top>
                        <width>418</width>
                        <height>300</height>
                        <font>font14_textbox</font>
                        <autoscroll time="3000" delay="4000" repeat="5000">Skin.HasSetting(Enable.AutoScroll)</autoscroll>
                        <include>ShowCaseInfoPanelButtonsValues</include>
                    </control>
                </control>
            </control>
            <control type="group">
                <left>846</left>
                <top>419</top>
                <!-- MikeBZH44 : Add CDArt Roura97311 Add anim CDArt -->
                <control type="image">
					<left>10</left>
                    <top>-260</top>
                    <width>550</width>
                    <height>550</height>
                    <aspectratio aligny="bottom" align="right">scale</aspectratio>
					<animation effect="rotate" end="-360" center="auto" time="4800" loop="true" reversible="false" condition="Player.Playing + String.IsEqual(ListItem.Album,MusicPlayer.Album) + String.IsEqual(ListItem.DiscNumber,MusicPlayer.DiscNumber)">Conditional</animation>
                    <texture background="true">$INFO[ListItem.Path,,cdart]$INFO[ListItem.DiscNumber,,].png</texture>
                    <!-- <fadetime>IconCrossfadeTime</fadetime> -->
                    <bordersize>20</bordersize>
                </control>
				<!-- ROURA97311 FAKE CD -->
					<control type="image">
					<left>27</left>
					<top>-240</top>
                    <width>515</width>
					<height>515</height>
					<aspectratio align="bottom">keep</aspectratio>
					<fadetime>300</fadetime>
					<animation effect="rotate" end="-360" center="auto" time="4800" loop="true" reversible="false" condition="Player.Playing + String.IsEqual(ListItem.Album,MusicPlayer.Album) + String.IsEqual(ListItem.DiscNumber,MusicPlayer.DiscNumber)">Conditional</animation>
					<texture background="true" diffuse="thumbs/sets/cdart-mask.png">$VAR[MusicShowcaseItem0Var]</texture>
					<visible>!String.IsEmpty(ListItem.Album) + [String.Contains(Control.GetLabel(8825),default.png) + String.Contains(Control.GetLabel(8826),default.png)] + !Skin.HasSetting(DisableFakeCD)</visible>
					<!-- <fadetime>IconCrossfadeTime</fadetime> -->
					</control>
                <control type="image">
                    <width>570</width>
                    <height>570</height>
                    <aspectratio aligny="bottom" align="right">scale</aspectratio>
                    <texture background="true">$INFO[ListItem.Icon]</texture>
                    <fadetime>IconCrossfadeTime</fadetime>
                    <bordertexture border="20">thumbs/thumb_shadow.png</bordertexture>
                    <bordersize>20</bordersize>
                </control>
				<!-- Roura97311 Add Box -->
				<control type="image">
					<posx>-60</posx>
					<posy>0</posy>
					<width>635</width>
					<height>580</height>
					<texture background="true">thumbs/boxes/cd_box_closed.png</texture>
            	</control>
				<!-- ROURA97311 Control anim CD -->
				<!-- <control type="label">
				<left>-200</left>
					<top>500</top>
				<font>font18</font>
				<label>$INFO[ListItem.Album]</label>
				</control>
				<control type="label">
				<left>300</left>
					<top>500</top>
				<font>font18</font>
				<label>$INFO[MusicPlayer.Album]</label>
				</control>
				<control type="label">
				<left>800</left>
					<top>500</top>
				<font>font18</font>
				<label>$INFO[ListItem.DiscNumber]</label>
				</control>
				<control type="label">
				<left>900</left>
					<top>500</top>
				<font>font18</font>
				<label>$INFO[MusicPlayer.DiscNumber]</label>
				</control> -->
				<!-- ROURA97311 Add Artist LOGO -->
					<control type="image">
					<left>140</left>
					<top>550</top>
					<width>240</width>
					<height>101</height>
					<aspectratio aligny="bottom">keep</aspectratio>
					<texture background="true">$VAR[ListItemArtistLogoVar]</texture>
					<!-- <visible>Skin.HasSetting(Enable.LowListArtistLogo)</visible> -->
					</control>
					<!-- ROURA97311 END Add Artist LOGO -->
                <control type="image">
                    <left>30</left>
                    <top>532</top>
                    <width>540</width>
                    <height>570</height>
                    <aspectratio aligny="top" align="right">scale</aspectratio>
                    <fadetime>IconCrossfadeTime</fadetime>
                    <texture diffuse="thumbs/thumb_reflect.png" flipy="true" background="true">$INFO[ListItem.Icon]</texture>
                    <bordersize>20</bordersize>
                </control>
                <control type="image">
                    <left>550</left>
                    <top>58</top>
                    <width>80</width>
                    <height>720</height>
                    <texture flipx="true" border="1">side_shadow.png</texture>
                </control>
            </control>
            <control type="group">
                <left>76</left>
                <top>325</top>
                <control type="image">
                    <description>background image</description>
                    <left>-32</left>
                    <top>932</top>
                    <width>870</width>
                    <height>904</height>
                    <texture border="40">panel_reflect.png</texture>
                </control>
                <control type="image">
                    <description>background image</description>
                    <left>-32</left>
                    <top>60</top>
                    <width>870</width>
                    <height>639</height>
                    <texture border="40">listpanel_back.png</texture>
                </control>
                <control type="list" id="55">
                    <top>92</top>
                    <width>806</width>
                    <height>575</height>
                    <onleft>SetProperty(MediaMenu,True,home)</onleft>
                    <onleft>SetFocus(9050)</onleft>
                    <onright>60</onright>
                    <onup>55</onup>
                    <ondown>55</ondown>
                    <visible>Container.Content(games) | Container.Content(albums) | Container.Content(artists) | Container.Content(songs) | Container.Content(addons)</visible>
                    <viewtype label="31078">list</viewtype>
                    <pagecontrol>60</pagecontrol>
                    <preloaditems>2</preloaditems>
                    <scrolltime tween="quadratic" easing="out">200</scrolltime>
                    <itemlayout height="70" width="806" condition="Container.Content(albums)">
                        <control type="image">
                            <top>10</top>
                            <width>806</width>
                            <height>60</height>
                            <texture border="1">separator2.png</texture>
                        </control>
                        <control type="label">
                            <left>15</left>
                            <width>90</width>
                            <height>68</height>
                            <font>font15</font>
                            <textcolor>labelheader</textcolor>
                            <selectedcolor>$VAR[ThemeLabelColor]</selectedcolor>
                            <label fallback="• • • •">$INFO[ListItem.Year]</label>
                            <visible>!String.IsEmpty(ListItem.Album)</visible>
                        </control>
                        <control type="label">
                            <left>110</left>
                            <width>620</width>
                            <height>68</height>
                            <font>font15</font>
                            <textcolor>grey2</textcolor>
                            <selectedcolor>$VAR[ThemeLabelColor]</selectedcolor>
                            <label>$INFO[ListItem.Label]</label>
                        </control>
                    </itemlayout>
                    <focusedlayout height="70" width="806" condition="Container.Content(albums)">
                        <control type="image">
                            <top>10</top>
                            <width>806</width>
                            <height>60</height>
                            <texture border="1">separator2.png</texture>
                        </control>
                        <control type="image">
                            <width>806</width>
                            <height>70</height>
                            <texture colordiffuse="$VAR[ThemeLabelColor]" border="4">listselect_fo.png</texture>
                            <visible>Control.HasFocus(55)</visible>
                            <include>VisibleFadeAnimation</include>
                        </control>
                        <control type="label">
                            <left>15</left>
                            <width>90</width>
                            <height>68</height>
                            <font>font15</font>
                            <selectedcolor>$VAR[ThemeLabelColor]</selectedcolor>
                            <label fallback="• • • •">$INFO[ListItem.Year]</label>
                            <animation effect="fade" start="100" end="70" time="300" tween="sine" easing="inout" condition="!Control.HasFocus(55)">Conditional</animation>
                            <visible>!String.IsEmpty(ListItem.Album)</visible>
                        </control>
                        <control type="label">
                            <left>110</left>
                            <width>620</width>
                            <height>68</height>
                            <font>font15</font>
                            <selectedcolor>$VAR[ThemeLabelColor]</selectedcolor>
                            <label>$INFO[ListItem.Label]</label>
                            <animation effect="fade" start="100" end="70" time="300" tween="sine" easing="inout" condition="!Control.HasFocus(55)">Conditional</animation>
                        </control>
                    </focusedlayout>
                    <!-- MikeBZH44 : Add specific display for songs (# Track - Title) -->
                    <itemlayout height="70" width="806" condition="Container.Content(songs)">
                        <control type="image">
                            <top>10</top>
                            <width>806</width>
                            <height>60</height>
                            <texture border="1">separator2.png</texture>
                        </control>
                        <control type="label">
                            <left>15</left>
                            <width>775</width>
                            <height>68</height>
                            <font>font15</font>
                            <textcolor>grey2</textcolor>
                            <selectedcolor>$VAR[ThemeLabelColor]</selectedcolor>
                            <label>$INFO[ListItem.Tracknumber] - $INFO[ListItem.Title]</label>
                        </control>
                        <control type="label">
                            <left>110</left>
                            <width>680</width>
                            <height>68</height>
                            <font>font15</font>
                            <align>right</align>
                            <textcolor>grey2</textcolor>
                            <selectedcolor>$VAR[ThemeLabelColor]</selectedcolor>
                            <aligny>center</aligny>
                            <label>$INFO[ListItem.Label2]</label>
                        </control>
                    </itemlayout>
                    <focusedlayout height="70" width="806" condition="Container.Content(songs)">
                        <control type="image">
                            <top>12</top>
                            <width>806</width>
                            <height>60</height>
                            <texture border="1">separator2.png</texture>
                        </control>
                        <control type="image">
                            <width>806</width>
                            <height>70</height>
                            <texture colordiffuse="$VAR[HighlightBarColor]" border="4">listselect_fo.png</texture>
                            <visible>Control.HasFocus(55)</visible>
                            <include>VisibleFadeAnimation</include>
                        </control>
                        <control type="label">
                            <left>15</left>
                            <width>775</width>
                            <height>68</height>
                            <font>font15</font>
                            <selectedcolor>$VAR[ThemeLabelColor]</selectedcolor>
                            <label>$INFO[ListItem.Tracknumber] - $INFO[ListItem.Title]</label>
                            <animation effect="fade" start="100" end="70" time="300" tween="sine" easing="inout" condition="!Control.HasFocus(55)">Conditional</animation>
                        </control>
                        <control type="label">
                            <left>110</left>
                            <width>680</width>
                            <height>68</height>
                            <font>font15</font>
                            <align>right</align>
                            <selectedcolor>$VAR[ThemeLabelColor]</selectedcolor>
                            <aligny>center</aligny>
                            <label>$INFO[ListItem.label2]</label>
                            <animation effect="fade" start="100" end="70" time="300" tween="sine" easing="inout" condition="!Control.HasFocus(55)">Conditional</animation>
                        </control>
                    </focusedlayout>
                    <!-- MikeBZH44 End -->
                    <!-- MikeBZH44 : Add songs condition -->
                    <itemlayout height="70" width="806" condition="![Container.Content(songs) | Container.Content(albums)]">
                        <control type="image">
                            <top>10</top>
                            <width>806</width>
                            <height>60</height>
                            <texture border="1">separator2.png</texture>
                        </control>
                        <control type="label">
                            <left>15</left>
                            <width>775</width>
                            <height>68</height>
                            <font>font15</font>
                            <textcolor>grey2</textcolor>
                            <selectedcolor>selected</selectedcolor>
                            <label>$INFO[ListItem.Label]</label>
                        </control>
                        <control type="label">
                            <left>110</left>
                            <width>680</width>
                            <height>68</height>
                            <font>font15</font>
                            <align>right</align>
                            <textcolor>grey2</textcolor>
                            <selectedcolor>selected</selectedcolor>
                            <label>$INFO[ListItem.Label2]</label>
                        </control>
                    </itemlayout>
                    <!-- MikeBZH44 : Add songs condition -->
                    <focusedlayout height="70" width="806" condition="![Container.Content(songs) | Container.Content(albums)]">
                        <control type="image">
                            <top>12</top>
                            <width>806</width>
                            <height>60</height>
                            <texture border="1">separator2.png</texture>
                        </control>
                        <control type="image">
                            <width>806</width>
                            <height>70</height>
                            <texture border="4">listselect_fo.png</texture>
                            <visible>Control.HasFocus(55)</visible>
                            <include>VisibleFadeAnimation</include>
                        </control>
                        <control type="label">
                            <left>15</left>
                            <width>775</width>
                            <height>68</height>
                            <font>font15</font>
                            <selectedcolor>selected</selectedcolor>
                            <label>$INFO[ListItem.Label]</label>
                            <animation effect="fade" start="100" end="70" time="300" tween="sine" easing="inout" condition="!Control.HasFocus(55)">Conditional</animation>
                        </control>
                        <control type="label">
                            <left>110</left>
                            <width>680</width>
                            <height>68</height>
                            <font>font15</font>
                            <align>right</align>
                            <selectedcolor>selected</selectedcolor>
                            <label>$INFO[ListItem.label2]</label>
                            <animation effect="fade" start="100" end="70" time="300" tween="sine" easing="inout" condition="!Control.HasFocus(55)">Conditional</animation>
                        </control>
                    </focusedlayout>
                </control>
                <control type="scrollbar" id="60">
                    <left>806</left>
                    <top>92</top>
                    <width>14</width>
                    <height>575</height>
                    <onup>60</onup>
                    <ondown>60</ondown>
                    <onleft>50</onleft>
                    <onright>9002</onright>
                    <texturesliderbackground />
                    <texturesliderbar colordiffuse="55ffffff" border="1">scrollbar/texturesliderbar2.png</texturesliderbar>
                    <texturesliderbarfocus border="1">scrollbar/texturesliderbar2.png</texturesliderbarfocus>
                    <showonepage>false</showonepage>
                    <orientation>vertical</orientation>
                </control>
                <control type="image">
                    <left>822</left>
                    <top>114</top>
                    <width>40</width>
                    <height>795</height>
                    <texture flipx="true" border="1">side_shadow.png</texture>
                </control>
            </control>
        </control>
    </include>
    <!-- Games TriPanel -->
    <include name="GamesTriPanel">
        <control type="group">
            <visible>Control.IsVisible(55)</visible>
            <include>ViewAnimation</include>
            <width>1836</width>
            <centerleft>50%</centerleft>
            <control type="group">
                <left>1396</left>
                <top>136</top>
                <control type="image">
                    <description>background image</description>
                    <left>-32</left>
                    <top>780</top>
                    <width>512</width>
                    <height>752</height>
                    <texture border="40">panel_reflect.png</texture>
                </control>
                <control type="image">
                    <description>background image</description>
                    <left>-32</left>
                    <top>60</top>
                    <width>512</width>
                    <height>752</height>
                    <texture border="40">listpanel_back.png</texture>
                </control>
                <control type="grouplist">
                    <top>92</top>
                    <width>448</width>
                    <height>270</height>
                    <control type="button">
                        <label>[COLOR labelheader]$LOCALIZE[31043]:[/COLOR][CR]$INFO[ListItem.Writer]</label>
                        <width>448</width>
                        <include>ShowCaseInfoPanelButtonsValues</include>
                        <visible>!String.IsEmpty(ListItem.Writer)</visible>
                    </control>
                    <control type="button">
                        <label>[COLOR labelheader]$LOCALIZE[515]:[/COLOR][CR]$INFO[ListItem.Genre]</label>
                        <width>448</width>
                        <include>ShowCaseInfoPanelButtonsValues</include>
                        <visible>!String.IsEmpty(ListItem.Genre)</visible>
                    </control>
                    <control type="button">
                        <label>[COLOR labelheader]$LOCALIZE[572]:[/COLOR][CR]$INFO[ListItem.Studio]</label>
                        <width>448</width>
                        <include>ShowCaseInfoPanelButtonsValues</include>
                        <visible>!String.IsEmpty(ListItem.Studio)</visible>
                    </control>
                </control>
                <control type="textbox" id="70">
                    <label>$INFO[ListItem.Plot]</label>
                    <left>15</left>
                    <top>370</top>
                    <width>418</width>
                    <height>402</height>
                    <font>font14_textbox</font>
                    <pagecontrol>63</pagecontrol>
                    <include>ShowCaseInfoPanelButtonsValues</include>
                    <autoscroll time="3000" delay="4000" repeat="5000">Skin.HasSetting(Enable.AutoScroll) + !Control.HasFocus(62)</autoscroll>
                </control>
                <control type="scrollbar" id="63">
                    <left>448</left>
                    <top>370</top>
                    <width>14</width>
                    <height>402</height>
                    <onup>PageUp(70)</onup>
                    <ondown>PageUp(70)</ondown>
                    <onleft>50</onleft>
                    <onright>SetProperty(MediaMenu,True,home)</onright>
                    <onright>SetFocus(9050)</onright>
                    <texturesliderbackground />
                    <texturesliderbar colordiffuse="55ffffff" border="1">scrollbar/texturesliderbar2.png</texturesliderbar>
                    <texturesliderbarfocus border="1">scrollbar/texturesliderbar2.png</texturesliderbarfocus>
                    <showonepage>false</showonepage>
                    <orientation>vertical</orientation>
                </control>
            </control>
            <control type="group">
                <left>846</left>
                <top>154</top>
                <control type="image">
                    <width>570</width>
                    <height>835</height>
                    <aspectratio aligny="bottom" align="right">scale</aspectratio>
                    <texture background="true">$VAR[PosterThumbVar]</texture>
                    <fadetime>IconCrossfadeTime</fadetime>
                    <bordertexture border="20">thumbs/thumb_shadow.png</bordertexture>
                    <bordersize>20</bordersize>
                </control>
                <control type="image">
                    <left>30</left>
                    <top>797</top>
                    <width>540</width>
                    <height>835</height>
                    <aspectratio aligny="top" align="right">scale</aspectratio>
                    <fadetime>IconCrossfadeTime</fadetime>
                    <texture diffuse="thumbs/thumb_reflect.png" flipy="true" background="true">$VAR[PosterThumbVar]</texture>
                    <bordersize>20</bordersize>
                </control>
                <control type="image">
                    <left>550</left>
                    <top>58</top>
                    <width>80</width>
                    <height>720</height>
                    <texture flipx="true" border="1">side_shadow.png</texture>
                </control>
            </control>
            <control type="group">
                <left>76</left>
                <top>60</top>
                <control type="image">
                    <description>background image</description>
                    <left>-32</left>
                    <top>932</top>
                    <width>870</width>
                    <height>904</height>
                    <texture border="40">panel_reflect.png</texture>
                </control>
                <control type="image">
                    <description>background image</description>
                    <left>-32</left>
                    <top>60</top>
                    <width>870</width>
                    <height>904</height>
                    <texture border="40">listpanel_back.png</texture>
                </control>
                <control type="list" id="55">
                    <top>92</top>
                    <width>806</width>
                    <height>840</height>
                    <onleft>SetProperty(MediaMenu,True,home)</onleft>
                    <onleft>SetFocus(9050)</onleft>
                    <onright>60</onright>
                    <onup>55</onup>
                    <ondown>55</ondown>
                    <viewtype label="31078">list</viewtype>
                    <pagecontrol>60</pagecontrol>
                    <preloaditems>2</preloaditems>
                    <visible>String.Contains(Container.FolderPath,plugin.program.advanced.launcher)</visible>
                    <scrolltime tween="quadratic" easing="out">200</scrolltime>
                    <itemlayout height="70" width="806">
                        <control type="image">
                            <top>12</top>
                            <width>806</width>
                            <height>60</height>
                            <texture border="1">separator2.png</texture>
                        </control>
                        <control type="label">
                            <left>15</left>
                            <width>90</width>
                            <height>68</height>
                            <font>font15</font>
                            <textcolor>labelheader</textcolor>
                            <selectedcolor>selected</selectedcolor>
                            <label>$INFO[ListItem.Year]</label>
                        </control>
                        <control type="label">
                            <left>110</left>
                            <width>620</width>
                            <height>68</height>
                            <font>font15</font>
                            <textcolor>grey2</textcolor>
                            <selectedcolor>selected</selectedcolor>
                            <label>$INFO[ListItem.Label]</label>
                        </control>
                        <control type="label">
                            <left>110</left>
                            <width>620</width>
                            <height>68</height>
                            <font>font15</font>
                            <align>right</align>
                            <textcolor>grey2</textcolor>
                            <selectedcolor>selected</selectedcolor>
                            <label>$INFO[ListItem.Rating]</label>
                            <visible>!Skin.HasSetting(Enable.HideRatings)</visible>
                        </control>
                    </itemlayout>
                    <focusedlayout height="70" width="806">
                        <control type="image">
                            <top>12</top>
                            <width>806</width>
                            <height>60</height>
                            <texture border="1">separator2.png</texture>
                        </control>
                        <control type="image">
                            <width>806</width>
                            <height>70</height>
                            <texture border="4">listselect_fo.png</texture>
                            <visible>Control.HasFocus(55)</visible>
                            <include>VisibleFadeAnimation</include>
                        </control>
                        <control type="label">
                            <left>15</left>
                            <width>90</width>
                            <height>68</height>
                            <font>font15</font>
                            <selectedcolor>selected</selectedcolor>
                            <label>$INFO[ListItem.Year]</label>
                            <animation effect="fade" start="100" end="70" time="300" tween="sine" easing="inout" condition="!Control.HasFocus(55)">Conditional</animation>
                        </control>
                        <control type="label">
                            <left>110</left>
                            <width>620</width>
                            <height>68</height>
                            <font>font15</font>
                            <selectedcolor>selected</selectedcolor>
                            <label>$INFO[ListItem.Label]</label>
                            <animation effect="fade" start="100" end="70" time="300" tween="sine" easing="inout" condition="!Control.HasFocus(55)">Conditional</animation>
                        </control>
                        <control type="label">
                            <left>110</left>
                            <width>620</width>
                            <height>68</height>
                            <font>font15</font>
                            <align>right</align>
                            <selectedcolor>selected</selectedcolor>
                            <label>$INFO[ListItem.Rating]</label>
                            <visible>!Skin.HasSetting(Enable.HideRatings)</visible>
                            <animation effect="fade" start="100" end="70" time="300" tween="sine" easing="inout" condition="!Control.HasFocus(55)">Conditional</animation>
                        </control>
                    </focusedlayout>
                </control>
                <control type="scrollbar" id="60">
                    <left>806</left>
                    <top>92</top>
                    <width>14</width>
                    <height>840</height>
                    <onup>60</onup>
                    <ondown>60</ondown>
                    <onleft>50</onleft>
                    <onright>62</onright>
                    <texturesliderbackground />
                    <texturesliderbar colordiffuse="55ffffff" border="1">scrollbar/texturesliderbar2.png</texturesliderbar>
                    <texturesliderbarfocus border="1">scrollbar/texturesliderbar2.png</texturesliderbarfocus>
                    <showonepage>false</showonepage>
                    <orientation>vertical</orientation>
                </control>
                <control type="image">
                    <left>822</left>
                    <top>114</top>
                    <width>40</width>
                    <height>795</height>
                    <texture flipx="true" border="1">side_shadow.png</texture>
                </control>
            </control>
        </control>
    </include>
</includes>