<?xml version="1.0" encoding="UTF-8"?>
<includes>
    <!-- Logo -->
    <include name="LandscapeLogoLayout">
        <control type="image">
            <left>52</left>
            <top>178</top>
            <width>390</width>
            <height>164</height>
            <aspectratio aligny="bottom">keep</aspectratio>
            <texture background="true">$INFO[ListItem.Art(clearlogo)]</texture>
        </control>
        <control type="image">
            <left>52</left>
            <top>345</top>
            <width>390</width>
            <height>164</height>
            <aspectratio aligny="top">keep</aspectratio>
            <texture background="true" flipy="true">$INFO[ListItem.Art(clearlogo)]</texture>
            <animation effect="fade" start="10" end="10" time="160" tween="cubic" easing="inout" condition="true">Conditional</animation>
        </control>
        <control type="group">
            <visible>String.IsEmpty(ListItem.Art(clearlogo))</visible>
            <control type="label">
                <posx>0</posx>
                <posy>250</posy>
                <width>470</width>
                <height>30</height>
                <align>center</align>
                <font>font14</font>
                <scroll>true</scroll>
                <scrollspeed>80</scrollspeed>
                <textcolor>white</textcolor>
                <label>[B]$VAR[FloorLabelVar][/B]</label>
            </control>
        </control>
        <control type="group">
            <left>20</left>
            <top>300</top>
            <include condition="Skin.HasSetting(Disable.UnwatchedIcon)">UnwatchedIcon</include>
        </control>
    </include>
    <!-- MikeBZH44 : Add Colordiffuse for fading logos -->
    <include name="LandscapeLogoLayoutFade">
        <control type="image">
            <left>52</left>
            <top>178</top>
            <width>390</width>
            <height>164</height>
            <aspectratio aligny="bottom">keep</aspectratio>
            <texture background="true">$INFO[ListItem.Art(clearlogo)]</texture>
            <colordiffuse>50C4C4C4</colordiffuse>
        </control>
        <control type="image">
            <left>52</left>
            <top>345</top>
            <width>390</width>
            <height>164</height>
            <aspectratio aligny="top">keep</aspectratio>
            <texture background="true" flipy="true">$INFO[ListItem.Art(clearlogo)]</texture>
            <colordiffuse>50C4C4C4</colordiffuse>
            <animation effect="fade" start="10" end="10" time="160" tween="cubic" easing="inout" condition="true">Conditional</animation>
        </control>
        <control type="group">
            <visible>String.IsEmpty(ListItem.Art(clearlogo))</visible>
            <control type="label">
                <posx>0</posx>
                <posy>250</posy>
                <width>470</width>
                <height>30</height>
                <align>center</align>
                <font>font14</font>
                <scroll>true</scroll>
                <scrollspeed>80</scrollspeed>
                <textcolor>white</textcolor>
                <label>[B]$VAR[FloorLabelVar][/B]</label>
            </control>
        </control>
        <control type="group">
            <left>20</left>
            <top>300</top>
            <include condition="Skin.HasSetting(Disable.UnwatchedIcon)">UnwatchedIcon</include>
        </control>
    </include>
    <!-- MikeBZH44 end -->
    <include name="LogoFixed">
        <control type="fixedlist" id="59">
            <include>contents59list</include>
        </control>
    </include>
    <include name="LogoWrap">
        <control type="wraplist" id="59">
            <include>contents59list</include>
        </control>
    </include>
    <include name="contents59list">
        <top>612</top>
        <offsetx>LogoOffsetx</offsetx>
        <width>100%</width>
        <height>525</height>
        <onleft>59</onleft>
        <onright>59</onright>
        <onup>SetProperty(MediaMenu,True,home)</onup>
        <onup>SetFocus(9050)</onup>
        <ondown>61</ondown>
        <pagecontrol>61</pagecontrol>
        <preloaditems>2</preloaditems>
        <focusposition>2</focusposition>
        <viewtype label="Logo">list</viewtype>
        <scrolltime tween="quadratic" easing="out">300</scrolltime>
        <visible>Container.Content(tvshows) | Container.Content(movies)</visible>
        <orientation>horizontal</orientation>
        <itemlayout width="495" height="450">
            <!-- MikeBZH44 : Add group and visibility condition -->
            <control type="group">
                <!-- MikeBZH44 : Reduce IdleTime from 10 to 5 -->
                <animation effect="fade" start="100" end="0" time="600" condition="System.IdleTime(5)">Conditional</animation>
                <!-- MikeBZH44 : Use fade logo -->
                <include>LandscapeLogoLayoutFade</include>
                <!-- MikeBZH44 : Add condition -->
                <visible>!Skin.HasSetting(OneLogo)</visible>
            </control>
            <!-- MikeBZH44 -->
        </itemlayout>
        <focusedlayout width="495" height="450">
            <control type="group">
                <animation effect="zoom" center="auto" start="100" end="122" time="480" tween="back" reversible="false">Focus</animation>
                <animation effect="zoom" center="auto" start="122" end="100" time="160" tween="back" reversible="false">UnFocus</animation>
                <include>LandscapeLogoLayout</include>
            </control>
        </focusedlayout>
    </include>
    <include name="View_59_Logo">
        <control type="group">
            <visible>Control.IsVisible(59) + !Window.IsActive(addoninformation)</visible>
            <include>ViewAnimation</include>
            <include condition="Skin.HasSetting(HorizontalListNav)">LogoFixed</include>
            <include condition="!Skin.HasSetting(HorizontalListNav)">LogoWrap</include>
            <control type="scrollbar" id="61">
                <top>980</top>
                <width>100%</width>
                <height>12</height>
                <onup>59</onup>
                <ondown>59</ondown>
                <texturesliderbackground />
                <texturesliderbar border="6,0,6,0">scrollbar/texturesliderbar_hor.png</texturesliderbar>
                <texturesliderbarfocus border="6,0,6,0">scrollbar/texturesliderbarfocus_hor.png</texturesliderbarfocus>
                <textureslidernib />
                <textureslidernibfocus />
                <showonepage>false</showonepage>
                <orientation>horizontal</orientation>
                <animation effect="fade" start="100" end="0" time="500" delay="500" condition="!Control.HasFocus(61) + !Container.Scrolling">Conditional</animation>
            </control>
        </control>
    </include>
</includes>