<?xml version="1.0" encoding="UTF-8" standalone="yes"?>
	<addon id="repository.aeon.miro.nox" name="Aeon Miro Nox Repo Thanks Telexxingou ;-)" version="1.0.7" provider-name="Roura97311">
		<requires>
			<import addon="xbmc.addon" version="12.0.0"/>
		</requires>
		<extension point="xbmc.addon.repository" name="Aeon Miro Nox repository">
			
			<info compressed="true">https://raw.githubusercontent.com/Roura97311/repository/master/addons.xml</info>
			<checksum>https://raw.githubusercontent.com/Roura97311/repository/master/addons.xml.md5</checksum>
			<datadir zip="true">https://raw.githubusercontent.com/Roura97311/repository/master</datadir>
			<hashes>false</hashes>
							
		</extension>
		<extension point="xbmc.addon.metadata">
			<summary>Repository for Aeon Miro Nox</summary>
			<description>Main Repository for Aeon Miro Nox</description>
			<platform>all</platform>
			<assets>
			<icon>icon.png</icon>
			<fanart>fanart.jpg</fanart>
		</assets>
		</extension>
	</addon>
