<?xml version="1.0" encoding="UTF-8"?>
<window type="dialog" id="1118">
	<defaultcontrol always="true">9000</defaultcontrol>
	<!-- ROURA97311 -->
	<controls>
		<control type="group">
			<left>0</left>
			<top>128</top>
			<control type="list" id="9000">
				<left>82</left>
				<top>32</top>
				<width>356</width>
				<height>840</height>
				<onleft>9010</onleft>
				<onright>9010</onright>
				<onup>9000</onup>
				<ondown>9000</ondown>
				<pagecontrol>-</pagecontrol>
				<scrolltime tween="quadratic" easing="out">200</scrolltime>
				<include>SettingsFadeEffect</include>
				<itemlayout height="90" width="356">
					<control type="image">
						<top>30</top>
						<width>356</width>
						<height>60</height>
						<texture border="1">separator2.png</texture>
					</control>
					<control type="label">
						<width>356</width>
						<height>90</height>
						<font>font15</font>
						<textoffsetx>20</textoffsetx>
						<textcolor>grey2</textcolor>
						<selectedcolor>$VAR[ThemeLabelColor]</selectedcolor>
						<align>right</align>
						<aligny>center</aligny>
						<label>$INFO[ListItem.Label]</label>
					</control>
				</itemlayout>
				<focusedlayout height="90" width="356">
					<control type="image">
						<top>30</top>
						<width>356</width>
						<height>60</height>
						<texture border="1">separator2.png</texture>
					</control>
					<control type="image">
						<width>356</width>
						<height>90</height>
						<texture colordiffuse="$VAR[HighlightBarColor]" border="4">listselect_fo.png</texture>
						<animation effect="fade" start="100" end="40" time="300" tween="sine" easing="inout" condition="!Control.HasFocus(9000)">Conditional</animation>
					</control>
					<control type="label">
						<width>356</width>
						<height>90</height>
						<font>font15</font>
						<textoffsetx>20</textoffsetx>
						<textcolor>white</textcolor>
						<selectedcolor>$VAR[ThemeLabelColor]</selectedcolor>
						<align>right</align>
						<aligny>center</aligny>
						<label>$INFO[ListItem.Label]</label>
						<animation effect="fade" start="100" end="70" time="300" tween="sine" easing="inout" condition="!Control.HasFocus(9000)">Conditional</animation>
					</control>
				</focusedlayout>
				<content>
					<item id="1">
						<label>$LOCALIZE[31334]</label>
						<onclick>noop</onclick>
						<icon>-</icon>
					</item>
					<item id="2">
						<label>$LOCALIZE[31335]</label>
						<onclick>noop</onclick>
						<icon>-</icon>
					</item>
					<item id="3">
						<label>$LOCALIZE[31336]</label>
						<onclick>noop</onclick>
						<icon>-</icon>
					</item>
				</content>
			</control>
			<control type="textbox">
				<description>description area</description>
				<left>552</left>
				<top>754</top>
				<width>1256</width>
				<height>115</height>
				<font>font15_textbox</font>
				<align>left</align>
				<textcolor>grey2</textcolor>
				<label>[B]$VAR[AddonStatusDescriptionVar][/B]</label>
				<autoscroll time="3000" delay="4000" repeat="5000">true</autoscroll>
				<animation effect="fade" start="0" end="100" time="300" tween="sine" easing="inout">Visible</animation>
				<animation effect="fade" start="100" end="0" time="0" tween="sine" easing="inout">Hidden</animation>
			</control>
			<control type="group" id="9010">
				<control type="grouplist" id="9001">
					<description>control area</description>
					<left>522</left>
					<top>32</top>
					<width>1316</width>
					<height>720</height>
					<itemgap>0</itemgap>
					<pagecontrol>60</pagecontrol>
					<onleft>9000</onleft>
					<onright>60</onright>
					<onup>9001</onup>
					<ondown>9001</ondown>
					<visible>Container(9000).HasFocus(1)</visible>
					<control type="button" id="100">
						<visible>System.HasAddon(script.skinshortcuts)</visible>
						<label2>$INFO[System.AddonVersion(script.skinshortcuts),v, [COLOR FF00991F]$LOCALIZE[31331][/COLOR]]</label2>
						<include name="AddonStatusButton"  content="AddonStatusButton" >
							<param name="ButtonID">100</param>
							<param name="AddonID">script.skinshortcuts</param>
						</include>
					</control>
					<control type="button" id="101">
						<visible>!System.HasAddon(script.skinshortcuts)</visible>
						<label2>[COLOR invalid]$LOCALIZE[31332][/COLOR]</label2>
						<include name="AddonStatusButton" content="AddonStatusButton" >
							<param name="ButtonID">101</param>
							<param name="AddonID">script.skinshortcuts</param>
						</include>
					</control>
					<control type="button" id="102">
						<visible>System.HasAddon(script.grab.fanart)</visible>
						<label2>$INFO[System.AddonVersion(script.grab.fanart),v, [COLOR FF00991F]$LOCALIZE[31331][/COLOR]]</label2>
						<include name="AddonStatusButton" content="AddonStatusButton" >
							<param name="ButtonID">102</param>
							<param name="AddonID">script.grab.fanart</param>
						</include>
					</control>
					<control type="button" id="103">
						<visible>!System.HasAddon(script.grab.fanart)</visible>
						<label2>[COLOR invalid]$LOCALIZE[31332][/COLOR]</label2>
						<include name="AddonStatusButton" content="AddonStatusButton" >
							<param name="ButtonID">103</param>
							<param name="AddonID">script.grab.fanart</param>
						</include>
					</control>
					<control type="button" id="104">
						<visible>System.HasAddon(service.library.data.provider)</visible>
						<label2>$INFO[System.AddonVersion(service.library.data.provider),v, [COLOR FF00991F]$LOCALIZE[31331][/COLOR]]</label2>
						<include name="AddonStatusButton" content="AddonStatusButton" >
							<param name="ButtonID">104</param>
							<param name="AddonID">service.library.data.provider</param>
						</include>
					</control>
					<control type="button" id="105">
						<visible>!System.HasAddon(service.library.data.provider)</visible>
						<label2>[COLOR invalid]$LOCALIZE[31332][/COLOR]</label2>
						<include name="AddonStatusButton" content="AddonStatusButton" >
							<param name="ButtonID">105</param>
							<param name="AddonID">service.library.data.provider</param>
						</include>
					</control>
					<control type="button" id="106">
						<visible>System.HasAddon(script.aeon.miro.nox)</visible>
						<label2>$INFO[System.AddonVersion(script.aeon.miro.nox),v, [COLOR FF00991F]$LOCALIZE[31331][/COLOR]]</label2>
						<include name="AddonStatusButton" content="AddonStatusButton" >
							<param name="ButtonID">106</param>
							<param name="AddonID">script.aeon.miro.nox</param>
						</include>
					</control>
					<control type="button" id="107">
						<visible>!System.HasAddon(script.aeon.miro.nox)</visible>
						<label2>[COLOR invalid]$LOCALIZE[31332][/COLOR]</label2>
						<include name="AddonStatusButton" content="AddonStatusButton" >
							<param name="ButtonID">107</param>
							<param name="AddonID">script.aeon.miro.nox</param>
						</include>
					</control>
					<control type="button" id="108">
						<visible>System.HasAddon(resource.images.studios.white)</visible>
						<label2>$INFO[System.AddonVersion(resource.images.studios.white),v, [COLOR FF00991F]$LOCALIZE[31331][/COLOR]]</label2>
						<include name="AddonStatusButton" content="AddonStatusButton" >
							<param name="ButtonID">108</param>
							<param name="AddonID">resource.images.studios.white</param>
						</include>
					</control>
					<control type="button" id="109">
						<visible>!System.HasAddon(resource.images.studios.white)</visible>
						<label2>[COLOR invalid]$LOCALIZE[31332][/COLOR]</label2>
						<include name="AddonStatusButton" content="AddonStatusButton" >
							<param name="ButtonID">109</param>
							<param name="AddonID">resource.images.studios.white</param>
						</include>
					</control>
					<control type="button" id="110">
						<visible>System.HasAddon(resource.images.recordlabels.white)</visible>
						<label2>$INFO[System.AddonVersion(resource.images.recordlabels.white),v, [COLOR FF00991F]$LOCALIZE[31331][/COLOR]]</label2>
						<include name="AddonStatusButton" content="AddonStatusButton" >
							<param name="ButtonID">110</param>
							<param name="AddonID">resource.images.recordlabels.white</param>
						</include>
					</control>
					<control type="button" id="111">
						<visible>!System.HasAddon(script.skin.helper.colorpicker)</visible>
						<label2>[COLOR invalid]$LOCALIZE[31332][/COLOR]</label2>
						<include name="AddonStatusButton" content="AddonStatusButton" >
							<param name="ButtonID">111</param>
							<param name="AddonID">script.skin.helper.colorpicker</param>
						</include>
					</control>
					<control type="button" id="112">
						<visible>System.HasAddon(script.skin.helper.colorpicker)</visible>
						<label2>$INFO[System.AddonVersion(script.skin.helper.colorpicker),v, [COLOR FF00991F]$LOCALIZE[31331][/COLOR]]</label2>
						<include name="AddonStatusButton" content="AddonStatusButton" >
							<param name="ButtonID">112</param>
							<param name="AddonID">script.skin.helper.colorpicker</param>
						</include>
					</control>
					<control type="button" id="113">
						<visible>!System.HasAddon(resource.images.recordlabels.white)</visible>
						<label2>[COLOR invalid]$LOCALIZE[31332][/COLOR]</label2>
						<include name="AddonStatusButton" content="AddonStatusButton" >
							<param name="ButtonID">113</param>
							<param name="AddonID">resource.images.recordlabels.white</param>
						</include>
					</control>
				</control>
				<control type="grouplist" id="9002">
					<description>control area</description>
					<left>522</left>
					<top>32</top>
					<width>1316</width>
					<height>720</height>
					<itemgap>0</itemgap>
					<pagecontrol>60</pagecontrol>
					<onleft>9000</onleft>
					<onright>60</onright>
					<onup>9002</onup>
					<ondown>9002</ondown>
					<visible>Container(9000).HasFocus(2)</visible>
					<control type="button" id="210">
						<visible>System.HasAddon(script.toolbox)</visible>
						<label2>$INFO[System.AddonVersion(script.toolbox),v, [COLOR FF00991F]$LOCALIZE[31331][/COLOR]]</label2>
						<include name="AddonStatusButton" content="AddonStatusButton" >
							<param name="ButtonID">210</param>
							<param name="AddonID">script.toolbox</param>
						</include>
					</control>
					<control type="button" id="211">
						<visible>!System.HasAddon(script.toolbox)</visible>
						<label2>[COLOR invalid]$LOCALIZE[31332][/COLOR]</label2>
						<include name="AddonStatusButton" content="AddonStatusButton" >
							<param name="ButtonID">211</param>
							<param name="AddonID">script.toolbox</param>
						</include>
					</control>
					
					<control type="button" id="212">
						<visible>System.HasAddon(script.image.resource.select)</visible>
						<label2>$INFO[System.AddonVersion(script.image.resource.select),v, [COLOR FF00991F]$LOCALIZE[31331][/COLOR]]</label2>
						<include name="AddonStatusButton" content="AddonStatusButton" >
							<param name="ButtonID">212</param>
							<param name="AddonID">script.image.resource.select</param>
						</include>
					</control>
					<control type="button" id="213">
						<visible>!System.HasAddon(script.image.resource.select)</visible>
						<label2>[COLOR invalid]$LOCALIZE[31332][/COLOR]</label2>
						<include name="AddonStatusButton" content="AddonStatusButton" >
							<param name="ButtonID">213</param>
							<param name="AddonID">script.image.resource.select</param>
						</include>
					</control>
					<!-- ROURA97311 -->
					<control type="button" id="214">
						<visible>System.HasAddon(script.artistslideshow)</visible>
						<label2>$INFO[System.AddonVersion(script.artistslideshow),v, [COLOR FF00991F]$LOCALIZE[31331][/COLOR]]</label2>
						<include name="AddonStatusButton" content="AddonStatusButton" >
							<param name="ButtonID">214</param>
							<param name="AddonID">script.artistslideshow</param>
						</include>
					</control>
					<control type="button" id="215">
						<visible>!System.HasAddon(script.artistslideshow)</visible>
						<label2>[COLOR invalid]$LOCALIZE[31332][/COLOR]</label2>
						<include name="AddonStatusButton" content="AddonStatusButton" >
							<param name="ButtonID">215</param>
							<param name="AddonID">script.artistslideshow</param>
						</include>
					</control>
					<control type="button" id="216">
						<visible>System.HasAddon(script.globalsearch)</visible>
						<label2>$INFO[System.AddonVersion(script.globalsearch),v, [COLOR FF00991F]$LOCALIZE[31331][/COLOR]]</label2>
						<include name="AddonStatusButton" content="AddonStatusButton" >
							<param name="ButtonID">216</param>
							<param name="AddonID">script.globalsearch</param>
						</include>
					</control>
					<control type="button" id="217">
						<visible>!System.HasAddon(script.globalsearch)</visible>
						<label2>[COLOR invalid]$LOCALIZE[31332][/COLOR]</label2>
						<include name="AddonStatusButton" content="AddonStatusButton" >
							<param name="ButtonID">217</param>
							<param name="AddonID">script.globalsearch</param>
						</include>
					</control>
				</control>
				<control type="grouplist" id="9003">
					<description>control area</description>
					<left>522</left>
					<top>32</top>
					<width>1316</width>
					<height>720</height>
					<itemgap>0</itemgap>
					<pagecontrol>60</pagecontrol>
					<onleft>9000</onleft>
					<onright>60</onright>
					<onup>9003</onup>
					<ondown>9003</ondown>
					<visible>Container(9000).HasFocus(3)</visible>
					<control type="button" id="300">
						<visible>System.HasAddon(script.tv.show.next.aired)</visible>
						<label2>$INFO[System.AddonVersion(script.tv.show.next.aired),v, [COLOR FF00991F]$LOCALIZE[31331][/COLOR]]</label2>
						<include name="AddonStatusButton" content="AddonStatusButton" >
							<param name="ButtonID">300</param>
							<param name="AddonID">script.tv.show.next.aired</param>
						</include>
					</control>
					<control type="button" id="301">
						<visible>!System.HasAddon(script.tv.show.next.aired)</visible>
						<label2>[COLOR invalid]$LOCALIZE[31332][/COLOR]</label2>
						<include name="AddonStatusButton" content="AddonStatusButton" >
							<param name="ButtonID">301</param>
							<param name="AddonID">script.tv.show.next.aired</param>
						</include>
					</control>
					<control type="button" id="302">
						<visible>System.HasAddon(script.trakt)</visible>
						<label2>$INFO[System.AddonVersion(script.trakt),v, [COLOR FF00991F]$LOCALIZE[31331][/COLOR]]</label2>
						<include name="AddonStatusButton" content="AddonStatusButton" >
							<param name="ButtonID">302</param>
							<param name="AddonID">script.trakt</param>
						</include>
					</control>
					<control type="button" id="303">
						<visible>!System.HasAddon(script.trakt)</visible>
						<label2>[COLOR invalid]$LOCALIZE[31332][/COLOR]</label2>
						<include name="AddonStatusButton" content="AddonStatusButton" >
							<param name="ButtonID">303</param>
							<param name="AddonID">script.trakt</param>
						</include>
					</control>
										
				</control>
			</control>
		</control>
	</controls>
</window>