<?xml version="1.0" encoding="utf-8"?>
<window id="1166" type="dialog">
	<defaultcontrol always="true">1205</defaultcontrol>
	<!-- <onload>SetProperty(actualViewtype,ShowCase,home)</onload> -->
	<onunload>ClearProperty(actualViewtype,home)</onunload>
	<coordinates>
		<left>0</left>
		<top>-600</top>
		<system>1</system>
	</coordinates>
	<include>Animation_DialogPopup</include>
	<controls>
		
		<control type="label" id="4420">
			<label>$VAR[1112StyleVar]</label>
			<include>HiddenObject</include>
		</control>
		<control type="label" id="4421">
			<label>$VAR[InfoPanelVar]</label>
			<include>HiddenObject</include>
			<visible>Container.Content(movies) | Container.Content(tvshows) | Container.Content(seasons) | Container.Content(episodes) | Container.Content(musicvideos) | [Container.Content(sets) + skin.hassetting(backendmode)]</visible>
		</control>
		<control type="group">
			<top>30</top>
			<left>280</left>
			<control type="image">
				<align>center</align>
				<top>580</top>
				<width>1350</width>
				<height>610</height>
				<texture border="50">osd/osd_settings_back_glow.png</texture>
				<colordiffuse>$VAR[ColorDiffuseVar]</colordiffuse>
				<visible>!Skin.HasSetting(DisableGlowbar)</visible>
				<include>Animation_VisibleChange400</include>
				<include>PanelGlowFade</include>
			</control>
			<control type="image">
				<align>center</align>
				<top>580</top>
				<width>1350</width>
				<height>610</height>
				<texture border="1" colordiffuse="$VAR[TextureColor]" fallback="osd/osd_settings_back.png">$INFO[Skin.String(PathSkinOptions)]osd_settings_back.png</texture>
				<colordiffuse>$VAR[DialogColorVar]</colordiffuse>
			</control>
			<control type="image">
				<left>20</left>
				<top>622</top>
				<width>1290</width>
				<height>30</height>
				<texture border="1">osd/osd_settings_buttonnf.png</texture>
			</control>
			<!-- ROURA97311 Mini Boîtiers -->
			<control type="panel" id="451">
				<left>5</left>
				<top>660</top>
				<width>600</width>
				<height>520</height>
				<orientation>vertical</orientation>
				<onleft>1200</onleft>
				<onup>451</onup>
				<ondown>451</ondown>
				<onright>1100</onright>
				<animation type="WindowClose">
					<effect type="fade" start="100" end="0" time="320" />
					<effect type="zoom" end="180,100" time="320" tween="cubic" />
				</animation>
				<itemlayout width="250" height="150">
					<control type="image">
						<width>250</width>
						<height>122</height>
						<info>ListItem.ActualIcon</info>
						<aspectratio>keep</aspectratio>
						<colordiffuse>55ffffff</colordiffuse>
					</control>
					<control type="label">
						<left></left>
						<top>115</top>
						<width>250</width>
						<height>30</height>
						<align>center</align>
						<font>Font_Reg28</font>
						<textcolor>grey2</textcolor>
						<info>ListItem.Label</info>
					</control>
				</itemlayout>
				<focusedlayout width="250" height="150">
					<control type="image">
						<width>250</width>
						<height>122</height>
						<info>ListItem.Thumb</info>
						<aspectratio>keep</aspectratio>
					</control>
					<control type="image">
						<width>250</width>
						<height>122</height>
						<texture border="1">views/clearcases_focus_frame.png</texture>
						<bordersize>-3</bordersize>
						<colordiffuse>$VAR[FocusTextureColorVar]</colordiffuse>
						<aspectratio>keep</aspectratio>
						<visible>String.IsEqual(ListItem.Property(casetype),clearcases)</visible>
					</control>
					<control type="image">
						<width>250</width>
						<height>122</height>
						<!-- <texture border="1">views/casecolor_focus_frame.png</texture> -->
						<texture border="1">views/db_dvd_focus_frame.png</texture>
						<bordersize>-3</bordersize>
						<colordiffuse>$VAR[FocusTextureColorVar]</colordiffuse>
						<aspectratio>keep</aspectratio>
						<visible>String.IsEqual(ListItem.Property(casetype),colorcases)</visible>
					</control>
					<control type="image">
						<width>250</width>
						<height>122</height>
						<!-- <texture border="1">views/db_dvd_focus_frame.png</texture> -->
						<texture border="1">views/db_dvd_focus_frame.png</texture>
						<bordersize>-3</bordersize>
						<colordiffuse>$VAR[FocusTextureColorVar]</colordiffuse>
						<aspectratio>keep</aspectratio>
						<visible>String.IsEqual(ListItem.Property(casetype),dbdvd)</visible>
					</control>
					<control type="image">
						<width>250</width>
						<height>122</height>
						<texture border="1">views/nonecases_focus_frame.png</texture>
						<bordersize>-3</bordersize>
						<colordiffuse>$VAR[FocusTextureColorVar]</colordiffuse>
						<aspectratio>keep</aspectratio>
						<visible>String.IsEqual(ListItem.Property(casetype),none)</visible>
					</control>
					<control type="label">
						<left></left>
						<top>115</top>
						<width>250</width>
						<height>30</height>
						<align>center</align>
						<font>Font_Reg28</font>
						<info>ListItem.Label</info>
					</control>
				</focusedlayout>
				<content>
					<item id="1">
						<label>$LOCALIZE[31250]</label>
						<icon>views/clearcases.png</icon>
						<thumb>views/clearcases_focus.png</thumb>
						<onclick>Skin.SetBool(clearcases)</onclick>
						<onclick>Skin.SetBool(usecases)</onclick>
						<onclick>Skin.SetBool(showcasemod)</onclick>
						<onclick>Skin.Reset(CdartNoShowCaseSetCases)</onclick>
						<property name="casetype">clearcases</property>
						<visible>Container.Content(movies) | Container.Content(sets) | Container.Content(Tvshows) | Container.Content(Seasons)</visible>
					</item>
					<item id="2">
						<label>$LOCALIZE[31249]</label>
						<!-- <icon>views/db_dvd.png</icon>
						<thumb>views/db_dvd_focus.png</thumb> -->
						<icon>views/casecolor.png</icon>
						<thumb>views/casecolor_focus.png</thumb>
						<onclick>Skin.SetBool(usecases)</onclick>
						<onclick>Skin.Reset(clearcases)</onclick>
						<onclick>Skin.Reset(Rounded)</onclick>
						<onclick>Skin.SetBool(showcasemod)</onclick>
						<onclick>Skin.Reset(CdartNoShowCaseSetCases)</onclick>
						<property name="casetype">dbdvd</property>
						<visible>Container.Content(movies) | Container.Content(sets) | Container.Content(Tvshows) | Container.Content(Seasons)</visible>
					</item>
					<item id="3">
						<label>$LOCALIZE[31248]</label>
						<icon>views/db_dvd.png</icon>
						<thumb>views/db_dvd_focus.png</thumb>
						<!-- <icon>views/casecolor.png</icon>
						<thumb>views/casecolor_focus.png</thumb> -->
						<onclick>Skin.SetBool(usecases)</onclick>
						<onclick>Skin.Reset(clearcases)</onclick>
						<onclick>Skin.SetBool(Rounded)</onclick>
						<onclick>Skin.SetBool(showcasemod)</onclick>
						<onclick>Skin.Reset(CdartNoShowCaseSetCases)</onclick>
						<property name="casetype">colorcases</property>
						<visible>Container.Content(movies) | Container.Content(sets) | Container.Content(Tvshows) | Container.Content(Seasons)</visible>
					</item>
					<!-- MAD - Original case selection for Infowall - updated above to get correct cases -->
					<item id="4">
						<label>$LOCALIZE[31251]</label>
						<icon>views/nonecases.png</icon>
						<thumb>views/nonecases_focus.png</thumb>
						<onclick>Skin.Reset(clearcases)</onclick>
						<onclick>Skin.Reset(usecases)</onclick>
						<onclick>Skin.Reset(CdartNoShowCaseSetCases)</onclick>
						<onclick>Skin.Reset(showcasemod)</onclick>
						<!-- <onclick>Skin.ToggleSetting(Enable.ShowCase.Covers)</onclick> -->
						<property name="casetype">none</property>
						<visible>Container.Content(movies) | Container.Content(sets)</visible>
					</item>
				</content>
			</control>
			<control type="label">
				<top>600</top>
				<left>-110</left>
				<width>720</width>
				<textcolor>white</textcolor>
				<label>31982</label>
				<include>ButtonCommonValues</include>
				<align>center</align>
			</control>
			<control type="label">
				<left>320</left>
				<top>600</top>
				<width>720</width>
				<textcolor>white</textcolor>
				<label>Options Boîtiers & Cdart</label>
				<include>ButtonCommonValues</include>
				<align>center</align>
			</control>
			<control type="label">
				<left>735</left>
				<top>600</top>
				<width>720</width>
				<textcolor>white</textcolor>
				<label>Vue et Résumé</label>
				<include>ButtonCommonValues</include>
				<align>center</align>
			</control>
			<!-- ROURA97311 Aide des fonctions -->
			<control type="label">
				<left>30</left>
				<height>90</height>
				<top>1085</top>
				<width>1200</width>
				<textcolor>white</textcolor>
				<label>[COLOR $VAR[ThemeLabelColor]]$VAR[1166CasesDescriptionVar][/COLOR]</label>
				<!-- <include>ButtonCommonValues</include> -->
				<align>left</align>
				<scroll>true</scroll>
			</control>
			<!-- ROURA97311 Les options générales -->
			<control type="grouplist" id="1100">
				<orientation>vertical</orientation>
				<left>490</left>
				<top>660</top>
				<onup>1100</onup>
				<ondown>1100</ondown>
				<onleft>451</onleft>
				<onright>1200</onright>
				<height>1080</height>
				<control type="radiobutton" id="1544">
					<description>Enable ShowCase Covers TV</description>
					<include>ButtonCommonValues</include>
					<label>$LOCALIZE[31608]</label>
					<onclick>Skin.ToggleSetting(Enable.ShowCase.TVCovers)</onclick>
					<selected>Skin.HasSetting(Enable.ShowCase.TVCovers)</selected>
					<visible>String.IsEqual(Window(home).Property(actualViewtype),ShowCase) + [Container.Content(tvshows) | Container.Content(seasons)| Container.Content(episodes)]</visible>
				</control>
				<!-- ROURA97311 Open Showcase -->
				<control type="radiobutton" id="1546">
					<include>ButtonCommonValues</include>
					<label>$LOCALIZE[31979]</label>
					<onclick condition="!System.HasAddon(script.aeon.miro.nox)">Notification(script.aeon.miro.nox,Script pas installé,7000,icon.png)</onclick>
					<onclick condition="!System.HasAddon(script.aeon.miro.nox)">InstallAddon(script.aeon.miro.nox)</onclick>
					<onclick condition="String.IsEmpty(Skin.String(Showcase.Delay))">Skin.SetString(Showcase.Delay,2)</onclick>
					<onclick>Skin.ToggleSetting(showcasemod)</onclick>
					<onclick>Skin.Reset(CdartNoShowCaseSetCases)</onclick>
					<selected>Skin.HasSetting(showcasemod)</selected>
					<texturenofocus border="1">separator5.png</texturenofocus>
					<visible>[Container.Content(movies) | Container.Content(sets)]</visible>
				</control>
				<!-- ROURA97311 Delay to open  -->
				<control type="button" id="1549">
					<include>ButtonCommonValues</include>
					<label>   - $LOCALIZE[31980]</label>
					<label2>[COLOR $VAR[ThemeLabelColor]]$VAR[ShowcaseDelayLocalizeVar][/COLOR]</label2>
					<onclick>$VAR[ShowcaseModDelayOnClickVar]</onclick>
					<texturenofocus border="1">separator5.png</texturenofocus>
					<visible>[Container.Content(movies) | Container.Content(sets)]</visible>
				</control>
				<!-- ROURA97311 Cdart Outside -->
				<control type="radiobutton" id="1555">
					<description>Show CDart if no ShowCase Movie Set Cases</description>
					<include>ButtonCommonValues</include>
					<label>Cdart en pied de Jaquette</label>
					<onclick>Skin.ToggleSetting(CdartNoShowCaseSetCases)</onclick>
					<onclick>Skin.Reset(showcasemod)</onclick>
					<selected>Skin.HasSetting(CdartNoShowCaseSetCases)</selected>
					<visible>[Container.Content(movies) | Container.Content(sets)]</visible>
				</control>
				<!-- ROURA97311 hide or show BoxSet V1 -->
				<control type="radiobutton" id="1553">
					<description>Disable or Show ShowCase Movie Set Cases</description>
					<include>ButtonCommonValues</include>
					<label>$LOCALIZE[31978]</label>
					<onclick>Skin.ToggleSetting(ShowCaseSetCases)</onclick>
					<onclick>Skin.Reset(boxsetmod)</onclick>
					<!-- <onclick>Skin.Reset(CdartNoShowCaseSetCases)</onclick> -->
					<selected>Skin.HasSetting(ShowCaseSetCases)</selected>
					<visible>[Container.Content(movies) | Container.Content(sets)]</visible>
				</control>
				
				<!-- ROURA97311 hide or show BoxSet V2 -->
				<control type="radiobutton" id="1547">
					<include>ButtonCommonValues</include>
					<label> - $LOCALIZE[31977]</label>
					<onclick condition="!System.HasAddon(script.aeon.miro.nox)">Notification(script.aeon.miro.nox,Script pas installé,7000,icon.png)</onclick>
					<onclick condition="!System.HasAddon(script.aeon.miro.nox)">InstallAddon(script.aeon.miro.nox)</onclick>
					<onclick condition="String.IsEmpty(Skin.String(Showcase.Delay))">Skin.SetString(Showcase.Delay,2)</onclick>
					<onclick>Skin.ToggleSetting(boxsetmod)</onclick>
					<selected>Skin.HasSetting(boxsetmod)</selected>
					<texturenofocus border="1">separator5.png</texturenofocus>
					<visible>Skin.HasSetting(ShowCaseSetCases) + Skin.HasSetting(showcasemod) + [Container.Content(movies) | Container.Content(sets)]</visible>
				</control>
				<!-- ROURA97311 hide or show Book -->
				<control type="radiobutton" id="1548">
					<description>Disable Boxset Brochure</description>
					<include>ButtonCommonValues</include>
					<label>   - $LOCALIZE[31256]</label>
					<onclick>Skin.ToggleSetting(Disable.BoxsetBrochure)</onclick>
					<selected>!Skin.HasSetting(Disable.BoxsetBrochure)</selected>
					<visible>[Container.Content(movies) | Container.Content(sets)] + Skin.HasSetting(showcasemod) + Skin.HasSetting(boxsetmod)</visible>
				</control>
				<!--MAD - New Fake Switches -->
				<control type="button" id="17014">
					<width>400</width>
					<height>60</height>
					<align>center</align>
					<textcolor>grey</textcolor>
					<focusedcolor>white</focusedcolor>
					<textwidth>350</textwidth>
					<font>font13</font>
					<label>[COLOR $VAR[ThemeLabelColor]] - Options pour Cd manquant -[/COLOR]</label>
					<enable>no</enable>
					<disabledcolor>$VAR[ThemeLabelColor]</disabledcolor>
					<visible>Container.Content(movies) | Container.Content(sets)</visible>
				</control>
				<control type="radiobutton" id="17015">
					<description>Fake CD/DiscArt</description>
					<include>ButtonCommonValues</include>
					<label>Faux Cd</label>
					<textwidth>300</textwidth>
					<onclick>Skin.ToggleSetting(Fakediscart)</onclick>
				
					<selected>Skin.HasSetting(Fakediscart)</selected>
					<visible>[Container.Content(movies) | Container.Content(sets)] + !String.IsEqual(Window(home).Property(actualViewtype),AddonWall)+ !String.IsEqual(Window(home).Property(actualViewtype),KodiFlixView) </visible>
				</control>
				
				<!--MAD - Fake End -->
			</control>
			<!-- ROURA97311 Vue et Résumé ++ -->
			<control type="grouplist" id="1200">
				<orientation>vertical</orientation>
				<left>910</left>
				<top>660</top>
				<onup>1200</onup>
				<ondown>1200</ondown>
				<onleft>1100</onleft>
				<onright>451</onright>
				<height>1080</height>
				<!-- Roura97311 Disable Watched -->
					<control type="button" id="1205">
					<include>ButtonCommonValues</include>
					<label>$LOCALIZE[31188]</label>
					<label2>[COLOR$VAR[ThemeLabelColor]]$VAR[WatchedOverlayStatus][/COLOR]</label2>
					<!-- <textcolor>themecolor</textcolor> -->
					<onclick>Skin.ToggleSetting(WatchedOverlayClick)</onclick>
					<texturenofocus border="1">separator5.png</texturenofocus>
					<visible>[!String.IsEmpty(Skin.String(Overlay.Toggle)) | !Skin.HasSetting(Disable.Resumable)] + !Window.IsActive(musiclibrary) + !Window.IsActive(programs)</visible>
					
				</control>
				<!-- Roura97311 Disable PercentPlayed -->
					<control type="button" id="1207">
					<include>ButtonCommonValues</include>
					<label>$LOCALIZE[31190]</label>
					<label2>[COLOR$VAR[ThemeLabelColor]]$VAR[PercentPlayed][/COLOR]</label2>
					<!-- <textcolor>themecolor</textcolor> -->
					<onclick>Skin.ToggleSetting(PercentPlayed)</onclick>
					<texturenofocus border="1">separator5.png</texturenofocus>
					<visible>[!String.IsEmpty(Skin.String(Overlay.Toggle)) | !Skin.HasSetting(Disable.Resumable)] + !Window.IsActive(musiclibrary) + !Window.IsActive(programs)</visible>
					
				</control>
				<control type="button" id="1208">
					<width>400</width>
					<height>90</height>
					<align>center</align>
					<textcolor>grey</textcolor>
					<focusedcolor>white</focusedcolor>
					<textwidth>350</textwidth>
					<font>font13</font>
					<label>[COLOR $VAR[ThemeLabelColor]] - Mode Zoom et vue à plat -[CR] Vue Vitrine[/COLOR]</label>
					<enable>no</enable>
					<disabledcolor>$VAR[ThemeLabelColor]</disabledcolor>
				</control>
				<!-- Roura97311 ShowCase Flat VIDEO-->
				<control type="radiobutton" id="1209">
					<description>No CoverFlow</description>
					<include>ButtonCommonValues</include>
					<label>$LOCALIZE[31995]</label>
					<onclick>Skin.ToggleSetting(noshowcaseflow)</onclick>
					<selected>Skin.HasSetting(noshowcaseflow)</selected>
					<onclick>Skin.Reset(showcaseflow)</onclick>
					<onclick>ReloadSkin()</onclick>
					<visible>String.IsEqual(Window(home).Property(actualViewtype),ShowCase)</visible>
				</control>
				
				<!-- Roura97311 Zoom VIDEO-->
				<control type="radiobutton" id="1215">
					<description>Zoom</description>
					<include>ButtonCommonValues</include>
					<label>Zoom</label>
					<onclick>Skin.ToggleSetting(ZoomShowcase)</onclick>
					<selected>Skin.HasSetting(ZoomShowcase)</selected>
					<visible>String.IsEqual(Window(home).Property(actualViewtype),ShowCase)</visible>
				</control>
			</control>
		</control>
	</controls>
</window>