<?xml version="1.0" encoding="UTF-8"?>
<includes>
    <!-- MikeBZH44 : Start -->
    <include name="PosterDimAndPos">
        <left>40</left>
        <top>11</top>
        <width>219</width>
        <height>330</height>
    </include>
    <include name="CaseDimAndPos">
        <left>2</left>
        <top>-20</top>
        <width>270</width>
        <height>380</height>
    </include>
	<!-- ROURA7311 New pos and dim for SET -->
	<include name="PosterDimAndPosSET">
        <left>35</left>
        <top>5</top>
        <width>170</width>
        <height>260</height>
    </include>
	    <include name="CaseDimAndPosSET">
        <left>2</left>
        <top>-20</top>
        <width>214</width>
        <height>300</height>
    </include>
	<!-- ROURA7311 END New pos and dim for SET -->
    <include name="PicturePos">
        <left>64</left>
        <top>57</top>
        <width>312</width>
        <height>312</height>
    </include>
    <include name="PolaroidPos">
        <left>0</left>
        <top>0</top>
        <width>461</width>
        <height>500</height>
    </include>
    <include name="LegendPos">
        <left>65</left>
        <top>370</top>
        <width>312</width>
        <height>75</height>
    </include>
    <!-- MikeBZH44 : End -->
    <include name="LiveCasesBackground">
        <control type="wraplist" id="9031">
            <include>HiddenList</include>
            <content>$VAR[CaseContentVar]</content>
            <visible>String.IsEqual(Container(9000).ListItem.Property(BGType),4) | String.IsEqual(Container(9000).ListItem.Property(BGType),5)</visible>
        </control>
        <control type="wraplist" id="9034">
            <include>HiddenList</include>
            <content>$VAR[CaseContentVar]</content>
            <autoscroll time="7000" delay="7000" repeat="7000">String.IsEqual(Container(9000).ListItem.Property(BGType),7)</autoscroll>
            <visible>String.IsEqual(Container(9000).ListItem.Property(BGType),7)</visible>
        </control>

        <control type="group">
            <!-- MikeBZH44 : Add condition -->
            <visible>[[String.IsEqual(Container(9000).ListItem.Property(BGType),4) + [String.IsEqual(Container(9000).ListItem.Thumb,7) | String.IsEqual(Container(9000).ListItem.Thumb,8) | String.IsEqual(Container(9000).ListItem.Thumb,15)]] | String.IsEqual(Container(9000).ListItem.Property(BGType),5)]</visible>
            <animation effect="fade" time="600">WindowOpen</animation>
            <animation effect="fade" time="600">VisibleChange</animation>
            <control type="group">
                <description>Case 1</description>
                <left>1100</left>
                <top>1000</top>
                <animation effect="zoom" start="180" end="180" center="auto" time="0" tween="linear" condition="true">Conditional</animation>
                <animation effect="rotate" center="auto" start="-35" end="-35" time="0" condition="true">Conditional</animation>
                <control type="image">
                    <!-- MikeBZH44 : Scale to Stretch -->
                    <include>PosterDimAndPos</include>
                    <align>center</align>
                    <aspectratio scalediffuse="false">stretch</aspectratio>
                    <!-- MikeBZH44 -->
                    <fadetime>IconCrossfadeTime</fadetime>
                    <texture background="true" diffuse="thumbs/boxes/movieposter_mask.png" fallback="DefaultVideoCover.png">$VAR[Case10Var]</texture>
                </control>
                <!-- MikeBZH44 : Add resolution case -->
                <control type="image">
                    <include>CaseDimAndPos</include>
                    <texture background="true" >$VAR[CaseTypePathVar]$VAR[ResCase10Var]</texture>
                </control>
                <!-- MikeBZH44 -->
            </control>
                        <control type="group">
                <description>Case 2</description>
                <left>800</left>
                <top>0</top>
                <animation effect="zoom" start="180" end="180" center="auto" time="0" tween="linear" pulse="true" condition="true">Conditional</animation>
                <animation effect="rotate" center="auto" start="65" end="65" time="0" condition="true">Conditional</animation>
                <control type="image">
                    <!-- MikeBZH44 : Scale to Stretch -->
                    <include>PosterDimAndPos</include>
                    <align>center</align>
                    <aspectratio scalediffuse="false">stretch</aspectratio>
                    <!-- MikeBZH44 -->
                    <fadetime>IconCrossfadeTime</fadetime>
                    <texture background="true" diffuse="thumbs/boxes/movieposter_mask.png" fallback="DefaultVideoCover.png">$VAR[Case9Var]</texture>
                </control>
                <!-- MikeBZH44 : Add resolution case -->
                <control type="image">
                    <include>CaseDimAndPos</include>
                    <texture background="true" >$VAR[CaseTypePathVar]$VAR[ResCase9Var]</texture>
                </control>
                <!-- MikeBZH44 -->
            </control>
            <control type="group">
                <description>Case 3</description>
                <left>500</left>
                <top>150</top>
                <animation effect="zoom" start="180" end="180" center="auto" time="0" tween="linear" pulse="true" condition="true">Conditional</animation>
                <animation effect="rotate" center="auto" start="10" end="10" time="0" condition="true">Conditional</animation>
                <control type="image">
                    <!-- MikeBZH44 : Scale to Stretch -->
                    <include>PosterDimAndPos</include>
                    <align>center</align>
                    <aspectratio scalediffuse="false">stretch</aspectratio>
                    <!-- MikeBZH44 -->
                    <fadetime>IconCrossfadeTime</fadetime>
                    <texture background="true" diffuse="thumbs/boxes/movieposter_mask.png" fallback="DefaultVideoCover.png">$VAR[Case8Var]</texture>
                </control>
                <!-- MikeBZH44 : Add resolution case -->
                <control type="image">
                    <include>CaseDimAndPos</include>
                    <texture background="true" >$VAR[CaseTypePathVar]$VAR[ResCase8Var]</texture>
                </control>
                <!-- MikeBZH44 -->
            </control>
            <control type="group">
                <description>Case 4</description>
                <left>1550</left>
                <top>300</top>
                <animation effect="zoom" start="180" end="180" center="auto" time="0" tween="linear" pulse="true" condition="true">Conditional</animation>
                <animation effect="rotate" center="auto" start="-20" end="-20" time="0" condition="true">Conditional</animation>
                <control type="image">
                    <!-- MikeBZH44 : Scale to Stretch -->
                    <include>PosterDimAndPos</include>
                    <align>center</align>
                    <aspectratio scalediffuse="false">stretch</aspectratio>
                    <!-- MikeBZH44 -->
                    <fadetime>IconCrossfadeTime</fadetime>
                    <texture background="true" diffuse="thumbs/boxes/movieposter_mask.png" fallback="DefaultVideoCover.png">$VAR[Case7Var]</texture>
                </control>
                <!-- MikeBZH44 : Add resolution case -->
                <control type="image">
                    <include>CaseDimAndPos</include>
                    <texture background="true" >$VAR[CaseTypePathVar]$VAR[ResCase7Var]</texture>
                </control>
                <!-- MikeBZH44 -->
            </control>
            <control type="group">
                <description>Case 5</description>
                <left>1000</left>
                <top>170</top>
                <animation effect="zoom" start="180" end="180" center="auto" time="0" tween="linear" pulse="true" condition="true">Conditional</animation>
                <animation effect="rotate" center="auto" start="25" end="25" time="0" condition="true">Conditional</animation>
                <control type="image">
                    <!-- MikeBZH44 : Scale to Stretch -->
                    <include>PosterDimAndPos</include>
                    <align>center</align>
                    <aspectratio scalediffuse="false">stretch</aspectratio>
                    <!-- MikeBZH44 -->
                    <fadetime>IconCrossfadeTime</fadetime>
                    <texture background="true" diffuse="thumbs/boxes/movieposter_mask.png" fallback="DefaultVideoCover.png">$VAR[Case6Var]</texture>
                </control>
                <!-- MikeBZH44 : Add resolution case -->
                <control type="image">
                    <include>CaseDimAndPos</include>
                    <texture background="true" >$VAR[CaseTypePathVar]$VAR[ResCase6Var]</texture>
                </control>
                <!-- MikeBZH44 -->
            </control>
            <control type="group">
                <description>Case 6</description>
                <left>1500</left>
                <top>200</top>
                <animation effect="zoom" start="180" end="180" center="auto" time="0" tween="linear" pulse="true" condition="true">Conditional</animation>
                <animation effect="rotate" center="auto" start="15" end="15" time="0" condition="true">Conditional</animation>
                <control type="image">
                    <!-- MikeBZH44 : Scale to Stretch -->
                    <include>PosterDimAndPos</include>
                    <align>center</align>
                    <aspectratio scalediffuse="false">stretch</aspectratio>
                    <!-- MikeBZH44 -->
                    <fadetime>IconCrossfadeTime</fadetime>
                    <texture background="true" diffuse="thumbs/boxes/movieposter_mask.png" fallback="DefaultVideoCover.png">$VAR[Case5Var]</texture>
                </control>
                <!-- MikeBZH44 : Add resolution case -->
                <control type="image">
                    <include>CaseDimAndPos</include>
                    <texture background="true" >$VAR[CaseTypePathVar]$VAR[ResCase5Var]</texture>
                </control>
                <!-- MikeBZH44 -->
            </control>
            <control type="group">
                <description>Case 7</description>
                <left>1500</left>
                <top>800</top>
                <animation effect="zoom" start="180" end="180" center="auto" time="0" tween="linear" pulse="true" condition="true">Conditional</animation>
                <animation effect="rotate" center="auto" start="45" end="45" time="0" condition="true">Conditional</animation>
                <control type="image">
                    <!-- MikeBZH44 : Scale to Stretch -->
                    <include>PosterDimAndPos</include>
                    <align>center</align>
                    <aspectratio scalediffuse="false">stretch</aspectratio>
                    <!-- MikeBZH44 -->
                    <fadetime>IconCrossfadeTime</fadetime>
                    <texture background="true" diffuse="thumbs/boxes/movieposter_mask.png" fallback="DefaultVideoCover.png">$VAR[Case4Var]</texture>
                </control>
                <!-- MikeBZH44 : Add resolution case -->
                <control type="image">
                    <include>CaseDimAndPos</include>
                    <texture background="true" >$VAR[CaseTypePathVar]$VAR[ResCase4Var]</texture>
                </control>
                <!-- MikeBZH44 -->
            </control>
            <control type="group">
                <description>Case 8</description>
                <left>1450</left>
                <top>650</top>
                <animation effect="zoom" start="180" end="180" center="auto" time="0" tween="linear" pulse="true" condition="true">Conditional</animation>
                <animation effect="rotate" center="auto" start="-35" end="-35" time="0" condition="true">Conditional</animation>
                <control type="image">
                    <!-- MikeBZH44 : Scale to Stretch -->
                    <include>PosterDimAndPos</include>
                    <align>center</align>
                    <aspectratio scalediffuse="false">stretch</aspectratio>
                    <!-- MikeBZH44 -->
                    <fadetime>IconCrossfadeTime</fadetime>
                    <texture background="true" diffuse="thumbs/boxes/movieposter_mask.png" fallback="DefaultVideoCover.png">$VAR[Case3Var]</texture>
                </control>
                <!-- MikeBZH44 : Add resolution case -->
                <control type="image">
                    <include>CaseDimAndPos</include>
                    <texture background="true" >$VAR[CaseTypePathVar]$VAR[ResCase3Var]</texture>
                </control>
                <!-- MikeBZH44 -->
            </control>
            <control type="group">
                <description>Case 9</description>
                <left>1100</left>
                <top>400</top>
                <animation effect="zoom" start="180" end="180" center="auto" time="0" tween="linear" pulse="true" condition="true">Conditional</animation>
                <animation effect="rotate" center="auto" start="-10" end="-10" time="0" condition="true">Conditional</animation>
                <control type="image">
                    <!-- MikeBZH44 : Scale to Stretch -->
                    <include>PosterDimAndPos</include>
                    <align>center</align>
                    <aspectratio scalediffuse="false">stretch</aspectratio>
                    <!-- MikeBZH44 -->
                    <fadetime>IconCrossfadeTime</fadetime>
                    <texture background="true" diffuse="thumbs/boxes/movieposter_mask.png" fallback="DefaultVideoCover.png">$VAR[Case2Var]</texture>
                </control>
                <!-- MikeBZH44 : Add resolution case -->
                <control type="image">
                    <include>CaseDimAndPos</include>
                    <texture background="true" >$VAR[CaseTypePathVar]$VAR[ResCase2Var]</texture>
                </control>
                <!-- MikeBZH44 -->
            </control>
            <control type="group">
                <description>Case 10</description>
                <left>700</left>
                <top>400</top>
                <animation effect="zoom" start="180" end="180" center="auto" time="0" tween="linear" pulse="true" condition="true">Conditional</animation>
                <animation effect="rotate" center="auto" start="3" end="3" time="0" condition="true">Conditional</animation>
                <control type="image">
                    <!-- MikeBZH44 : Scale to Stretch -->
                    <include>PosterDimAndPos</include>
                    <align>center</align>
                    <aspectratio scalediffuse="false">stretch</aspectratio>
                    <!-- MikeBZH44 -->
                    <fadetime>IconCrossfadeTime</fadetime>
                    <texture background="true" diffuse="thumbs/boxes/movieposter_mask.png" fallback="DefaultVideoCover.png">$VAR[Case1Var]</texture>
                </control>
                <!-- MikeBZH44 : Add resolution case -->
                <control type="image">
                    <include>CaseDimAndPos</include>
                    <texture background="true" >$VAR[CaseTypePathVar]$VAR[ResCase1Var]</texture>
                </control>
                <!-- MikeBZH44 -->
            </control>
        </control>
        <control type="group">
            <animation effect="fade" time="600">WindowOpen</animation>
            <animation effect="fade" time="600">VisibleChange</animation>
            <!-- MikeBZH44 : Add condition -->
            <visible>[String.IsEqual(Container(9000).ListItem.Property(BGType),4) + [String.IsEqual(Container(9000).ListItem.Thumb,9) | String.IsEqual(Container(9000).ListItem.Thumb,10)]]</visible>
            <control type="group">
                <left>-200</left>
                <control type="group">
                    <left>1120</left>
                    <top>700</top>
                    <animation effect="zoom" start="150" end="150" center="auto" time="0" condition="true">Conditional</animation>
                    <animation effect="rotate" center="auto" start="9" end="9" time="0" condition="true">Conditional</animation>
                    <control type="image">
                        <left>54</left>
                        <top>17</top>
                        <width>302</width>
                        <height>302</height>
                        <fadetime>600</fadetime>
                        <texture background="true" diffuse="thumbs/boxes/cdcover_mask_aa.png" fallback="DefaultAudio.png">$VAR[Case10Var]</texture>
                        <aspectratio scalediffuse="false">scale</aspectratio>
                    </control>
                    <control type="image">
                        <width>375</width>
                        <height>342</height>
                        <bordertexture>thumbs/boxes/cd_shadow_light.png</bordertexture>
                        <texture background="true">thumbs/boxes/cd_glass.png</texture>
                    </control>
                </control>
                <control type="group">
                    <left>700</left>
                    <animation effect="zoom" start="150" end="150" center="auto" time="0" condition="true">Conditional</animation>
                    <animation effect="rotate" center="auto" start="65" end="65" time="0" condition="true">Conditional</animation>
                    <control type="image">
                        <left>54</left>
                        <top>17</top>
                        <width>302</width>
                        <height>302</height>
                        <fadetime>600</fadetime>
                        <texture background="true" diffuse="thumbs/boxes/cdcover_mask_aa.png" fallback="DefaultAudio.png">$VAR[Case9Var]</texture>
                        <aspectratio scalediffuse="false">scale</aspectratio>
                    </control>
                    <control type="image">
                        <width>375</width>
                        <height>342</height>
                        <bordertexture>thumbs/boxes/cd_shadow_light.png</bordertexture>
                        <texture background="true">thumbs/boxes/cd_glass.png</texture>
                    </control>
                </control>
                <control type="group">
                    <left>430</left>
                    <top>100</top>
                    <animation effect="zoom" start="150" end="150" center="auto" time="0" condition="true">Conditional</animation>
                    <animation effect="rotate" center="auto" start="10" end="10" time="0" condition="true">Conditional</animation>
                    <control type="image">
                        <left>54</left>
                        <top>17</top>
                        <width>302</width>
                        <height>302</height>
                        <texture background="true" diffuse="thumbs/boxes/cdcover_mask_aa.png" fallback="DefaultAudio.png">$VAR[Case8Var]</texture>
                        <fadetime>600</fadetime>
                        <aspectratio scalediffuse="false">scale</aspectratio>
                    </control>
                    <control type="image">
                        <width>375</width>
                        <height>342</height>
                        <bordertexture>thumbs/boxes/cd_shadow_light.png</bordertexture>
                        <texture background="true">thumbs/boxes/cd_glass.png</texture>
                    </control>
                </control>
                <control type="group">
                    <left>1600</left>
                    <top>200</top>
                    <animation effect="zoom" start="150" end="150" center="auto" time="0" condition="true">Conditional</animation>
                    <animation effect="rotate" center="auto" start="-20" end="-20" time="0" condition="true">Conditional</animation>
                    <control type="image">
                        <left>54</left>
                        <top>17</top>
                        <width>302</width>
                        <height>302</height>
                        <fadetime>600</fadetime>
                        <texture background="true" diffuse="thumbs/boxes/cdcover_mask_aa.png" fallback="DefaultAudio.png">$VAR[Case7Var]</texture>
                        <aspectratio scalediffuse="false">scale</aspectratio>
                    </control>
                    <control type="image">
                        <width>375</width>
                        <height>342</height>
                        <bordertexture>thumbs/boxes/cd_shadow_light.png</bordertexture>
                        <texture background="true">thumbs/boxes/cd_glass.png</texture>
                    </control>
                </control>
                <control type="group">
                    <left>1000</left>
                    <top>50</top>
                    <animation effect="zoom" start="150" end="150" center="auto" time="0" condition="true">Conditional</animation>
                    <animation effect="rotate" center="auto" start="25" end="25" time="0" condition="true">Conditional</animation>
                    <control type="image">
                        <left>54</left>
                        <top>17</top>
                        <width>302</width>
                        <height>302</height>
                        <texture background="true" diffuse="thumbs/boxes/cdcover_mask_aa.png" fallback="DefaultAudio.png">$VAR[Case6Var]</texture>
                        <fadetime>600</fadetime>
                        <aspectratio scalediffuse="false">scale</aspectratio>
                    </control>
                    <control type="image">
                        <width>375</width>
                        <height>342</height>
                        <bordertexture>thumbs/boxes/cd_shadow_light.png</bordertexture>
                        <texture background="true">thumbs/boxes/cd_glass.png</texture>
                    </control>
                </control>
                <control type="group">
                    <left>1950</left>
                    <top>-100</top>
                    <animation effect="zoom" start="150" end="150" center="auto" time="0" condition="true">Conditional</animation>
                    <animation effect="rotate" center="auto" start="75" end="75" time="0" condition="true">Conditional</animation>
                    <control type="image">
                        <left>54</left>
                        <top>17</top>
                        <width>302</width>
                        <height>302</height>
                        <fadetime>600</fadetime>
                        <texture background="true" diffuse="thumbs/boxes/cdcover_mask_aa.png" fallback="DefaultAudio.png">$VAR[Case5Var]</texture>
                        <aspectratio scalediffuse="false">scale</aspectratio>
                    </control>
                    <control type="image">
                        <width>375</width>
                        <height>342</height>
                        <bordertexture>thumbs/boxes/cd_shadow_light.png</bordertexture>
                        <texture background="true">thumbs/boxes/cd_glass.png</texture>
                    </control>
                </control>
                <control type="group">
                    <left>1700</left>
                    <top>800</top>
                    <animation effect="zoom" start="150" end="150" center="auto" time="0" condition="true">Conditional</animation>
                    <animation effect="rotate" center="auto" start="45" end="45" time="0" condition="true">Conditional</animation>
                    <control type="image">
                        <left>54</left>
                        <top>17</top>
                        <width>302</width>
                        <height>302</height>
                        <fadetime>600</fadetime>
                        <texture background="true" diffuse="thumbs/boxes/cdcover_mask_aa.png" fallback="DefaultAudio.png">$VAR[Case4Var]</texture>
                        <aspectratio scalediffuse="false">scale</aspectratio>
                    </control>
                    <control type="image">
                        <width>375</width>
                        <height>342</height>
                        <bordertexture>thumbs/boxes/cd_shadow_light.png</bordertexture>
                        <texture background="true">thumbs/boxes/cd_glass.png</texture>
                    </control>
                </control>
                <control type="group">
                    <left>1470</left>
                    <top>510</top>
                    <animation effect="zoom" start="150" end="150" center="auto" time="0" condition="true">Conditional</animation>
                    <animation effect="rotate" center="auto" start="-15" end="-15" time="0" condition="true">Conditional</animation>
                    <control type="image">
                        <left>54</left>
                        <top>17</top>
                        <width>302</width>
                        <fadetime>600</fadetime>
                        <height>302</height>
                        <texture background="true" diffuse="thumbs/boxes/cdcover_mask_aa.png" fallback="DefaultAudio.png">$VAR[Case3Var]</texture>
                        <aspectratio scalediffuse="false">scale</aspectratio>
                    </control>
                    <control type="image">
                        <width>375</width>
                        <height>342</height>
                        <bordertexture>thumbs/boxes/cd_shadow_light.png</bordertexture>
                        <texture background="true">thumbs/boxes/cd_glass.png</texture>
                    </control>
                </control>
                <control type="group">
                    <left>1020</left>
                    <top>420</top>
                    <animation effect="zoom" start="150" end="150" center="auto" time="0" condition="true">Conditional</animation>
                    <animation effect="rotate" center="auto" start="-10" end="-10" time="0" condition="true">Conditional</animation>
                    <control type="image">
                        <left>54</left>
                        <top>17</top>
                        <width>302</width>
                        <height>302</height>
                        <fadetime>600</fadetime>
                        <texture background="true" diffuse="thumbs/boxes/cdcover_mask_aa.png" fallback="DefaultAudio.png">$VAR[Case2Var]</texture>
                        <aspectratio scalediffuse="false">scale</aspectratio>
                    </control>
                    <control type="image">
                        <width>375</width>
                        <height>342</height>
                        <bordertexture>thumbs/boxes/cd_shadow_light.png</bordertexture>
                        <texture background="true">thumbs/boxes/cd_glass.png</texture>
                    </control>
                </control>
                <control type="group">
                    <left>600</left>
                    <top>400</top>
                    <animation effect="zoom" start="150" end="150" center="auto" time="0" condition="true">Conditional</animation>
                    <animation effect="rotate" center="auto" start="3" end="3" time="0" condition="true">Conditional</animation>
                    <control type="image">
                        <left>54</left>
                        <top>17</top>
                        <width>302</width>
                        <height>302</height>
                        <texture background="true" diffuse="thumbs/boxes/cdcover_mask_aa.png" fallback="DefaultAudio.png">$VAR[Case1Var]</texture>
                        <fadetime>600</fadetime>
                        <aspectratio scalediffuse="false">scale</aspectratio>
                    </control>
                    <control type="image">
                        <width>375</width>
                        <height>342</height>
                        <bordertexture>thumbs/boxes/cd_shadow_light.png</bordertexture>
                        <texture background="true">thumbs/boxes/cd_glass.png</texture>
                    </control>
                </control>
            </control>
        </control>
        <!-- MikeBZH44 : Add LiveBG for MOVIESET -->
        <control type="group">
		
            <visible>Container.Content(sets) | String.StartsWith(ListItem.Path,videodb://movies/sets/)</visible>
			<visible>!Skin.HasSetting(Disable.BoitierSaga)</visible>
            <animation effect="fade" time="200">WindowOpen</animation>
            <animation effect="fade" time="200">VisibleChange</animation>
            <control type="group">
                <description>Case 9</description>
                <left>870</left>
                <top>900</top>
				
				<animation effect="zoom" start="180" end="180" center="auto" time="0" tween="linear" pulse="true" condition="true">Conditional</animation>
                <animation effect="rotate" center="auto" start="-25" end="-25" time="0" condition="true">Conditional</animation>
                <visible>!String.IsEmpty(Window(home).Property(SkinInfo.Set.Movie.9.Art(poster)))</visible>
                <control type="image">
				<animation effect="fade" start="0" end="100" time="400">VisibleChange</animation>
                    <include>PosterDimAndPosSET</include>
                    <align>center</align>
                    <aspectratio scalediffuse="false">stretch</aspectratio>
                    <!-- <fadetime>IconCrossfadeTime</fadetime> -->
                    <texture background="true" diffuse="thumbs/boxes/movieposter_mask.png">$INFO[Window(home).Property(SkinInfo.Set.Movie.9.Art(poster))]</texture>
                </control>
                <control type="image">
				<animation effect="fade" start="0" end="100" time="400">VisibleChange</animation>
                    <include>CaseDimAndPosSET</include>
                    <texture background="true" >$VAR[CaseTypePathVar]$INFO[Window(home).Property(SkinInfo.Set.Movie.9.VideoResolution)]p.png</texture>
                </control>
            </control>
            <control type="group">
                <description>Case 8</description>
                <left>1100</left>
                <top>700</top>
				
                <animation effect="zoom" start="180" end="180" center="auto" time="0" tween="linear" pulse="true" condition="true">Conditional</animation>
                <animation effect="rotate" center="auto" start="05" end="05" time="0" condition="true">Conditional</animation>
                <visible>!String.IsEmpty(Window(home).Property(SkinInfo.Set.Movie.8.Art(poster)))</visible>
                <control type="image">
				<animation effect="fade" start="0" end="100" time="400">VisibleChange</animation>
                    <include>PosterDimAndPosSET</include>
                    <align>center</align>
                    <aspectratio scalediffuse="false">stretch</aspectratio>
                    <!-- <fadetime>IconCrossfadeTime</fadetime> -->
                    <texture background="true" diffuse="thumbs/boxes/movieposter_mask.png">$INFO[Window(home).Property(SkinInfo.Set.Movie.8.Art(poster))]</texture>
                </control>
                <control type="image">
				<animation effect="fade" start="0" end="100" time="400">VisibleChange</animation>
                    <include>CaseDimAndPosSET</include>
                    <texture background="true" >$VAR[CaseTypePathVar]$INFO[Window(home).Property(SkinInfo.Set.Movie.8.VideoResolution)]p.png</texture>
                </control>
            </control>
            <control type="group">
                <description>Case 5</description>
                <left>1400</left>
                <top>350</top>
				
                <animation effect="zoom" start="180" end="180" center="auto" time="0" tween="linear" pulse="true" condition="true">Conditional</animation>
                <animation effect="rotate" center="auto" start="10" end="10" time="0" condition="true">Conditional</animation>
                <visible>!String.IsEmpty(Window(home).Property(SkinInfo.Set.Movie.5.Art(poster)))</visible>
                <control type="image">
				<animation effect="fade" start="0" end="100" time="400">VisibleChange</animation>
                    <include>PosterDimAndPosSET</include>
                    <align>center</align>
                    <aspectratio scalediffuse="false">stretch</aspectratio>
                    <!-- <fadetime>IconCrossfadeTime</fadetime> -->
                    <texture background="true" diffuse="thumbs/boxes/movieposter_mask.png">$INFO[Window(home).Property(SkinInfo.Set.Movie.5.Art(poster))]</texture>
                </control>
                <control type="image">
				<animation effect="fade" start="0" end="100" time="400">VisibleChange</animation>
                    <include>CaseDimAndPosSET</include>
                    <texture background="true" >$VAR[CaseTypePathVar]$INFO[Window(home).Property(SkinInfo.Set.Movie.5.VideoResolution)]p.png</texture>
                </control>
            </control>
            <control type="group">
                <description>Case 6</description>
				<left>620</left>
                <top>1000</top>
				
                <animation effect="zoom" start="180" end="180" center="auto" time="0" tween="linear" pulse="true" condition="true">Conditional</animation>
                <animation effect="rotate" center="auto" start="-20" end="-20" time="0" condition="true">Conditional</animation>
                <visible>!String.IsEmpty(Window(home).Property(SkinInfo.Set.Movie.6.Art(poster)))</visible>
                <control type="image">
				<animation effect="fade" start="0" end="100" time="400">VisibleChange</animation>
                    <include>PosterDimAndPosSET</include>
                    <align>center</align>
                    <aspectratio scalediffuse="false">stretch</aspectratio>
                    <!-- <fadetime>IconCrossfadeTime</fadetime> -->
                    <texture background="true" diffuse="thumbs/boxes/movieposter_mask.png">$INFO[Window(home).Property(SkinInfo.Set.Movie.6.Art(poster))]</texture>
                </control>
                <control type="image">
				<animation effect="fade" start="0" end="100" time="400">VisibleChange</animation>
                    <include>CaseDimAndPosSET</include>
                    <texture background="true" >$VAR[CaseTypePathVar]$INFO[Window(home).Property(SkinInfo.Set.Movie.6.VideoResolution)]p.png</texture>
                </control>
            </control>
            <control type="group">
                <description>Case 4</description>
                <left>1000</left>
                <top>150</top>
				
                <animation effect="zoom" start="180" end="180" center="auto" time="0" tween="linear" pulse="true" condition="true">Conditional</animation>
                <animation effect="rotate" center="auto" start="25" end="25" time="0" condition="true">Conditional</animation>
                <visible>!String.IsEmpty(Window(home).Property(SkinInfo.Set.Movie.4.Art(poster)))</visible>
                <control type="image">
				<animation effect="fade" start="0" end="100" time="400">VisibleChange</animation>
                    <include>PosterDimAndPosSET</include>
                    <align>center</align>
                    <aspectratio scalediffuse="false">stretch</aspectratio>
                    <!-- <fadetime>IconCrossfadeTime</fadetime> -->
                    <texture background="true" diffuse="thumbs/boxes/movieposter_mask.png">$INFO[Window(home).Property(SkinInfo.Set.Movie.4.Art(poster))]</texture>
                </control>
                <control type="image">
				<animation effect="fade" start="0" end="100" time="400">VisibleChange</animation>
                    <include>CaseDimAndPosSET</include>
                    <texture background="true" >$VAR[CaseTypePathVar]$INFO[Window(home).Property(SkinInfo.Set.Movie.4.VideoResolution)]p.png</texture>
                </control>
            </control>
            <control type="group">
                <description>Case 7</description>
                <left>1600</left>
                <top>700</top>
				
                <animation effect="zoom" start="180" end="180" center="auto" time="0" tween="linear" pulse="true" condition="true">Conditional</animation>
                <animation effect="rotate" center="auto" start="15" end="15" time="0" condition="true">Conditional</animation>
                <visible>!String.IsEmpty(Window(home).Property(SkinInfo.Set.Movie.7.Art(poster)))</visible>
                <control type="image">
				<animation effect="fade" start="0" end="100" time="400">VisibleChange</animation>
                    <include>PosterDimAndPosSET</include>
                    <align>center</align>
                    <aspectratio scalediffuse="false">stretch</aspectratio>
                    <!-- <fadetime>IconCrossfadeTime</fadetime> -->
                    <texture background="true" diffuse="thumbs/boxes/movieposter_mask.png">$INFO[Window(home).Property(SkinInfo.Set.Movie.7.Art(poster))]</texture>
                </control>
                <control type="image">
				<animation effect="fade" start="0" end="100" time="400">VisibleChange</animation>
                    <include>CaseDimAndPosSET</include>
                    <texture background="true" >$VAR[CaseTypePathVar]$INFO[Window(home).Property(SkinInfo.Set.Movie.7.VideoResolution)]p.png</texture>
                </control>
            </control>
            <control type="group">
                <description>Case 10</description>
                <left>1400</left>
                <top>600</top>
				
                <animation effect="zoom" start="180" end="180" center="auto" time="0" tween="linear" pulse="true" condition="true">Conditional</animation>
                <animation effect="rotate" center="auto" start="35" end="35" time="0" condition="true">Conditional</animation>
                <visible>!String.IsEmpty(Window(home).Property(SkinInfo.Set.Movie.10.Art(poster)))</visible>
                <control type="image">
				<animation effect="fade" start="0" end="100" time="400">VisibleChange</animation>
                    <include>PosterDimAndPosSET</include>
                    <align>center</align>
                    <aspectratio scalediffuse="false">stretch</aspectratio>
                    <!-- <fadetime>IconCrossfadeTime</fadetime> -->
                    <texture background="true" diffuse="thumbs/boxes/movieposter_mask.png">$INFO[Window(home).Property(SkinInfo.Set.Movie.10.Art(poster))]</texture>
                </control>
                <control type="image">
				<animation effect="fade" start="0" end="100" time="400">VisibleChange</animation>
                    <include>CaseDimAndPosSET</include>
                    <texture background="true" >$VAR[CaseTypePathVar]$INFO[Window(home).Property(SkinInfo.Set.Movie.10.VideoResolution)]p.png</texture>
                </control>
            </control>
            <control type="group">
                <description>Case 3</description>
				<left>1080</left>
                <top>400</top>
                
                <animation effect="zoom" start="180" end="180" center="auto" time="0" tween="linear" pulse="true" condition="true">Conditional</animation>
                <animation effect="rotate" center="auto" start="-10" end="-10" time="0" condition="true">Conditional</animation>
                <visible>!String.IsEmpty(Window(home).Property(SkinInfo.Set.Movie.3.Art(poster)))</visible>
                <control type="image">
				<animation effect="fade" start="0" end="100" time="400">VisibleChange</animation>
                    <include>PosterDimAndPosSET</include>
                    <align>center</align>
                    <aspectratio scalediffuse="false">stretch</aspectratio>
                    
                    <texture background="true" diffuse="thumbs/boxes/movieposter_mask.png">$INFO[Window(home).Property(SkinInfo.Set.Movie.3.Art(poster))]</texture>
                </control>
                <control type="image">
				<animation effect="fade" start="0" end="100" time="400">VisibleChange</animation>
                    <include>CaseDimAndPosSET</include>
                    <texture background="true" >$VAR[CaseTypePathVar]$INFO[Window(home).Property(SkinInfo.Set.Movie.3.VideoResolution)]p.png</texture>
                </control>
            </control>
            <control type="group">
                <description>Case 2</description>
                <left>1460</left>
                <top>450</top>
				<!-- <animation effect="fade" start="0" end="100" time="400">VisibleChange</animation> -->
                <animation effect="zoom" start="180" end="180" center="auto" time="0" tween="linear" pulse="true" condition="true">Conditional</animation>
                <animation effect="rotate" center="auto" start="-25" end="-25" time="0" condition="true">Conditional</animation>
                <visible>!String.IsEmpty(Window(home).Property(SkinInfo.Set.Movie.2.Art(poster)))</visible>
                <control type="image">
				<animation effect="fade" start="0" end="100" time="400">VisibleChange</animation>
                    <include>PosterDimAndPosSET</include>
                    <align>center</align>
                    <aspectratio scalediffuse="false">stretch</aspectratio>
                    
                    <texture background="true" diffuse="thumbs/boxes/movieposter_mask.png">$INFO[Window(home).Property(SkinInfo.Set.Movie.2.Art(poster))]</texture>
                </control>
                <control type="image">
				<animation effect="fade" start="0" end="100" time="400">VisibleChange</animation>
                    <include>CaseDimAndPosSET</include>
					
                    <texture background="true" >$VAR[CaseTypePathVar]$INFO[Window(home).Property(SkinInfo.Set.Movie.2.VideoResolution)]p.png</texture>
                </control>
            </control>
            <control type="group">
                <description>Case 1</description>
                <left>600</left>
                <top>350</top>
				
                <animation effect="zoom" start="180" end="180" center="auto" time="0" tween="linear" pulse="true" condition="true">Conditional</animation>
                <animation effect="rotate" center="auto" start="3" end="3" time="0" condition="true">Conditional</animation>
                <visible>!String.IsEmpty(Window(home).Property(SkinInfo.Set.Movie.1.Art(poster)))</visible>
                <control type="image">
				<animation effect="fade" start="0" end="100" time="400">VisibleChange</animation>
                    <include>PosterDimAndPosSET</include>
                    <align>center</align>
                    <aspectratio scalediffuse="false">stretch</aspectratio>
                    
                    <texture background="true" diffuse="thumbs/boxes/movieposter_mask.png">$INFO[Window(home).Property(SkinInfo.Set.Movie.1.Art(poster))]</texture>
                </control>
                <control type="image">
				<animation effect="fade" start="0" end="100" time="400">VisibleChange</animation>
                    <include>CaseDimAndPosSET</include>
					
                    <texture background="true" fallback="$INFO[CaseTypePathVar]p.png">$VAR[CaseTypePathVar]$INFO[Window(home).Property(SkinInfo.Set.Movie.1.VideoResolution)]p.png</texture>
                </control>
            </control>
			
        </control>
    </include>
    <!-- MikeBZH44 : Add Movie wall -->
    <include name="MovieWall">
        <control type="group" id="2355">
            <!-- MikeBZH44 : Add condition -->
            <visible>[[String.IsEqual(Container(9000).ListItem.Property(BGType),8) + [String.IsEqual(Container(9000).ListItem.Thumb,7) | String.IsEqual(Container(9000).ListItem.Thumb,8)]] | String.IsEqual(Container(9000).ListItem.Property(BGType),9)]</visible>
            <animation effect="zoom" start="110" end="130" center="auto" time="12000" pulse="true" condition="[![Window.IsActive(script-HomeWindow Script-main.xml) | Window.IsActive(skinsettings)] + Skin.HasSetting(animatedbg)] | [[Window.IsActive(script-HomeWindow Script-main.xml) | Window.IsActive(skinsettings)] + Skin.HasSetting(animatedbg)]">Conditional</animation>
            <animation effect="slide" start="-15,-15" end="15,15" time="6000" tween="sine" easing="inout" pulse="true" condition="[![Window.IsActive(script-HomeWindow Script-main.xml) | Window.IsActive(skinsettings)] + Skin.HasSetting(animatedbg)] | [[Window.IsActive(script-HomeWindow Script-main.xml) | Window.IsActive(skinsettings)] + Skin.HasSetting(animatedbg)]">Conditional</animation>
            <animation effect="fade" time="350">VisibleChange</animation>
            <control type="panel" id="9032">
                <posx>0</posx>
                <posy>0</posy>
                <width>1920</width>
                <height>1080</height>
                <movement>6</movement>
                <scrolltime tween="cubic" easing="inout">600</scrolltime>
                <orientation>vertical</orientation>
                <preloaditems>0</preloaditems>
                <!-- MikeBZH44 : change size from 338x225 to 360x240 -->
                <itemlayout height="360" width="240">
                    <control type="image">
                        <posx>0</posx>
                        <posy>0</posy>
                        <width>240</width>
                        <height>360</height>
                        <aspectratio>stretch</aspectratio>
                        <texture background="true">$INFO[ListItem.Icon]</texture>
                    </control>
                </itemlayout>
                <focusedlayout height="360" width="240">
                    <control type="image">
                        <posx>0</posx>
                        <posy>0</posy>
                        <width>240</width>
                        <height>360</height>
                        <aspectratio>stretch</aspectratio>
                        <texture background="true">$INFO[ListItem.Icon]</texture>
                    </control>
                </focusedlayout>
                <!-- MikeBZH44 : change size from 338x225 to 360x240 -->
                <!--<content>$INFO[Window(home).Property(Widget1Content)]</content>-->
                <content>$VAR[CaseContentVar]</content>
            </control>
        </control>
    </include>
    <!-- MikeBZH44 End -->
    <!-- MikeBZH44 : Add CD wall -->
    <include name="CDWall">
        <control type="group" id="2355">
            <!-- MikeBZH44 : Add condition -->
            <visible>String.IsEqual(Container(9000).ListItem.Property(BGType),8) + [String.IsEqual(Container(9000).ListItem.Thumb,9) | String.IsEqual(Container(9000).ListItem.Thumb,10)]</visible>
            <control type="panel" id="9032">
                <posx>0</posx>
                <posy>0</posy>
                <width>1920</width>
                <height>1080</height>
                <movement>6</movement>
                <scrolltime tween="cubic" easing="inout">600</scrolltime>
                <orientation>vertical</orientation>
                <preloaditems>0</preloaditems>
                <itemlayout height="274" width="274">
                    <control type="image">
                        <posx>0</posx>
                        <posy>0</posy>
                        <width>274</width>
                        <height>274</height>
                        <aspectratio>scale</aspectratio>
                        <texture background="true">$INFO[ListItem.Icon]</texture>
                    </control>
                </itemlayout>
                <focusedlayout height="274" width="274">
                    <control type="image">
                        <posx>0</posx>
                        <posy>0</posy>
                        <width>274</width>
                        <height>274</height>
                        <aspectratio>scale</aspectratio>
                        <texture background="true">$INFO[ListItem.Icon]</texture>
                    </control>
                </focusedlayout>
                <content>$VAR[CaseContentVar]</content>
            </control>
        </control>
    </include>
    <!-- MikeBZH44 End -->
    <!-- MikeBZH44 : Add Polaroid -->
    <include name="Polaroid">
        <control type="image">
            <visible>String.IsEqual(Container(9000).ListItem.Property(BGType),10) + String.IsEqual(Container(9000).ListItem.Thumb,11)</visible>
            <animation effect="fade" time="600">VisibleChange</animation>
            <fadetime>600</fadetime>
            <include>FullscreenDimensions</include>
            <aspectratio align="center" aligny="top">scale</aspectratio>
            <texture background="true">special://skin/backgrounds/default_livecases.jpg</texture>
        </control>
        <control type="group">
            <visible>String.IsEqual(Container(9000).ListItem.Property(BGType),10) + String.IsEqual(Container(9000).ListItem.Thumb,11)</visible>
            <animation effect="fade" time="600">WindowOpen</animation>
            <animation effect="fade" time="600">VisibleChange</animation>
            <control type="group">
                <description>Picture 1</description>
                <left>630</left>
                <top>820</top>
                <animation effect="rotate" center="auto" start="-65" end="-65" time="0" condition="true">Conditional</animation>
                <control type="image">
                    <include>PicturePos</include>
                    <aspectratio scalediffuse="false" align="center" aligny="top">scale</aspectratio>
                    <fadetime>IconCrossfadeTime</fadetime>
                    <texture background="true" diffuse="thumbs/boxes/polaroid_mask.png">$INFO[Window(home).Property(MyPicsDBRandom.1.Path)]</texture>
                </control>
                <control type="image">
                    <include>PolaroidPos</include>
                    <texture background="true">thumbs/boxes/polaroid.png</texture>
                </control>
                <control type="label">
                    <description>Polaroid Legend</description>
                    <include>LegendPos</include>
                    <align>center</align>
                    <aligny>center</aligny>
                    <label>$INFO[Window(home).Property(MyPicsDBRandom.1.Comment)][CR]$INFO[Window(home).Property(MyPicsDBRandom.1.Date)]</label>
                    <font>PolaroidLegend</font>
                    <textcolor>FF000000</textcolor>
                </control>
            </control>
            <control type="group">
                <description>Picture 2</description>
                <left>100</left>
                <top>-475</top>
                <animation effect="rotate" center="auto" start="65" end="65" time="0" condition="true">Conditional</animation>
                <control type="image">
                    <include>PicturePos</include>
                    <aspectratio scalediffuse="false" align="center" aligny="top">scale</aspectratio>
                    <fadetime>IconCrossfadeTime</fadetime>
                    <texture background="true" diffuse="thumbs/boxes/polaroid_mask.png">$INFO[Window(home).Property(MyPicsDBRandom.2.Path)]</texture>
                </control>
                <control type="image">
                    <include>PolaroidPos</include>
                    <texture background="true">thumbs/boxes/polaroid.png</texture>
                </control>
                <control type="label">
                    <description>Polaroid Legend</description>
                    <include>LegendPos</include>
                    <align>center</align>
                    <aligny>center</aligny>
                    <label>$INFO[Window(home).Property(MyPicsDBRandom.2.Comment)][CR]$INFO[Window(home).Property(MyPicsDBRandom.2.Date)]</label>
                    <font>PolaroidLegend</font>
                    <textcolor>FF000000</textcolor>
                </control>
            </control>
            <control type="group">
                <description>Picture 3</description>
                <left>20</left>
                <top>-200</top>
                <animation effect="rotate" center="auto" start="10" end="10" time="0" condition="true">Conditional</animation>
                <control type="image">
                    <include>PicturePos</include>
                    <aspectratio scalediffuse="false" align="center" aligny="top">scale</aspectratio>
                    <fadetime>IconCrossfadeTime</fadetime>
                    <texture background="true" diffuse="thumbs/boxes/polaroid_mask.png">$INFO[Window(home).Property(MyPicsDBRandom.3.Path)]</texture>
                </control>
                <control type="image">
                    <include>PolaroidPos</include>
                    <texture background="true">thumbs/boxes/polaroid.png</texture>
                </control>
                <control type="label">
                    <description>Polaroid Legend</description>
                    <include>LegendPos</include>
                    <align>center</align>
                    <aligny>center</aligny>
                    <label>$INFO[Window(home).Property(MyPicsDBRandom.3.Comment)][CR]$INFO[Window(home).Property(MyPicsDBRandom.3.Date)]</label>
                    <font>PolaroidLegend</font>
                    <textcolor>FF000000</textcolor>
                </control>
            </control>
            <control type="group">
                <description>Picture 5</description>
                <left>500</left>
                <top>-280</top>
                <animation effect="rotate" center="auto" start="25" end="25" time="0" condition="true">Conditional</animation>
                <control type="image">
                    <include>PicturePos</include>
                    <aspectratio scalediffuse="false" align="center" aligny="top">scale</aspectratio>
                    <fadetime>IconCrossfadeTime</fadetime>
                    <texture background="true" diffuse="thumbs/boxes/polaroid_mask.png">$INFO[Window(home).Property(MyPicsDBRandom.5.Path)]</texture>
                </control>
                <control type="image">
                    <include>PolaroidPos</include>
                    <texture background="true">thumbs/boxes/polaroid.png</texture>
                </control>
                <control type="label">
                    <description>Polaroid Legend</description>
                    <include>LegendPos</include>
                    <align>center</align>
                    <aligny>center</aligny>
                    <label>$INFO[Window(home).Property(MyPicsDBRandom.5.Comment)][CR]$INFO[Window(home).Property(MyPicsDBRandom.5.Date)]</label>
                    <font>PolaroidLegend</font>
                    <textcolor>FF000000</textcolor>
                </control>
            </control>
            <control type="group">
                <description>Picture 6</description>
                <left>1600</left>
                <top>-400</top>
                <animation effect="rotate" center="auto" start="75" end="75" time="0" condition="true">Conditional</animation>
                <control type="image">
                    <include>PicturePos</include>
                    <aspectratio scalediffuse="false" align="center" aligny="top">scale</aspectratio>
                    <fadetime>IconCrossfadeTime</fadetime>
                    <texture background="true" diffuse="thumbs/boxes/polaroid_mask.png">$INFO[Window(home).Property(MyPicsDBRandom.6.Path)]</texture>
                </control>
                <control type="image">
                    <include>PolaroidPos</include>
                    <texture background="true">thumbs/boxes/polaroid.png</texture>
                </control>
                <control type="label">
                    <description>Polaroid Legend</description>
                    <include>LegendPos</include>
                    <align>center</align>
                    <aligny>center</aligny>
                    <label>$INFO[Window(home).Property(MyPicsDBRandom.6.Comment)][CR]$INFO[Window(home).Property(MyPicsDBRandom.6.Date)]</label>
                    <font>PolaroidLegend</font>
                    <textcolor>FF000000</textcolor>
                </control>
            </control>
            <control type="group">
                <description>Picture 7</description>
                <left>1150</left>
                <top>300</top>
                <animation effect="rotate" center="auto" start="45" end="45" time="0" condition="true">Conditional</animation>
                <control type="image">
                    <include>PicturePos</include>
                    <aspectratio scalediffuse="false" align="center" aligny="top">scale</aspectratio>
                    <fadetime>IconCrossfadeTime</fadetime>
                    <texture background="true" diffuse="thumbs/boxes/polaroid_mask.png">$INFO[Window(home).Property(MyPicsDBRandom.7.Path)]</texture>
                </control>
                <control type="image">
                    <include>PolaroidPos</include>
                    <texture background="true">thumbs/boxes/polaroid.png</texture>
                </control>
                <control type="label">
                    <description>Polaroid Legend</description>
                    <include>LegendPos</include>
                    <align>center</align>
                    <aligny>center</aligny>
                    <label>$INFO[Window(home).Property(MyPicsDBRandom.7.Comment)][CR]$INFO[Window(home).Property(MyPicsDBRandom.7.Date)]</label>
                    <font>PolaroidLegend</font>
                    <textcolor>FF000000</textcolor>
                </control>
            </control>
            <control type="group">
                <description>Picture 8</description>
                <left>1300</left>
                <top>300</top>
                <animation effect="rotate" center="auto" start="-45" end="-45" time="0" condition="true">Conditional</animation>
                <control type="image">
                    <include>PicturePos</include>
                    <aspectratio scalediffuse="false" align="center" aligny="top">scale</aspectratio>
                    <fadetime>IconCrossfadeTime</fadetime>
                    <texture background="true" diffuse="thumbs/boxes/polaroid_mask.png">$INFO[Window(home).Property(MyPicsDBRandom.8.Path)]</texture>
                </control>
                <control type="image">
                    <include>PolaroidPos</include>
                    <texture background="true">thumbs/boxes/polaroid.png</texture>
                </control>
                <control type="label">
                    <description>Polaroid Legend</description>
                    <include>LegendPos</include>
                    <align>center</align>
                    <aligny>center</aligny>
                    <label>$INFO[Window(home).Property(MyPicsDBRandom.8.Comment)][CR]$INFO[Window(home).Property(MyPicsDBRandom.8.Date)]</label>
                    <font>PolaroidLegend</font>
                    <textcolor>FF000000</textcolor>
                </control>
            </control>
            <control type="group">
                <description>Picture 4</description>
                <left>1400</left>
                <top>-50</top>
                <animation effect="rotate" center="auto" start="-20" end="-20" time="0" condition="true">Conditional</animation>
                <control type="image">
                    <include>PicturePos</include>
                    <aspectratio scalediffuse="false" align="center" aligny="top">scale</aspectratio>
                    <fadetime>IconCrossfadeTime</fadetime>
                    <texture background="true" diffuse="thumbs/boxes/polaroid_mask.png">$INFO[Window(home).Property(MyPicsDBRandom.4.Path)]</texture>
                </control>
                <control type="image">
                    <include>PolaroidPos</include>
                    <texture background="true">thumbs/boxes/polaroid.png</texture>
                </control>
                <control type="label">
                    <description>Polaroid Legend</description>
                    <include>LegendPos</include>
                    <align>center</align>
                    <aligny>center</aligny>
                    <label>$INFO[Window(home).Property(MyPicsDBRandom.4.Comment)][CR]$INFO[Window(home).Property(MyPicsDBRandom.4.Date)]</label>
                    <font>PolaroidLegend</font>
                    <textcolor>FF000000</textcolor>
                </control>
            </control>
            <control type="group">
                <description>Picture 9</description>
                <left>685</left>
                <top>0</top>
                <animation effect="rotate" center="auto" start="-10" end="-10" time="0" condition="true">Conditional</animation>
                <control type="image">
                    <include>PicturePos</include>
                    <aspectratio scalediffuse="false" align="center" aligny="top">scale</aspectratio>
                    <fadetime>IconCrossfadeTime</fadetime>
                    <texture background="true" diffuse="thumbs/boxes/polaroid_mask.png">$INFO[Window(home).Property(MyPicsDBRandom.9.Path)]</texture>
                </control>
                <control type="image">
                    <include>PolaroidPos</include>
                    <texture background="true">thumbs/boxes/polaroid.png</texture>
                </control>
                <control type="label">
                    <description>Polaroid Legend</description>
                    <include>LegendPos</include>
                    <align>center</align>
                    <aligny>center</aligny>
                    <label>$INFO[Window(home).Property(MyPicsDBRandom.9.Comment)][CR]$INFO[Window(home).Property(MyPicsDBRandom.9.Date)]</label>
                    <font>PolaroidLegend</font>
                    <textcolor>FF000000</textcolor>
                </control>
            </control>
            <control type="group">
                <description>Picture 10</description>
                <left>400</left>
                <top>350</top>
                <animation effect="rotate" center="auto" start="3" end="3" time="0" condition="true">Conditional</animation>
                <control type="image">
                    <include>PicturePos</include>
                    <aspectratio scalediffuse="false" align="center" aligny="top">scale</aspectratio>
                    <fadetime>IconCrossfadeTime</fadetime>
                    <texture background="true" diffuse="thumbs/boxes/polaroid_mask.png">$INFO[Window(home).Property(MyPicsDBRandom.10.Path)]</texture>
                </control>
                <control type="image">
                    <include>PolaroidPos</include>
                    <texture background="true">thumbs/boxes/polaroid.png</texture>
                </control>
                <control type="label">
                    <description>Polaroid Legend</description>
                    <include>LegendPos</include>
                    <align>center</align>
                    <aligny>center</aligny>
                    <label>$INFO[Window(home).Property(MyPicsDBRandom.10.Comment)][CR]$INFO[Window(home).Property(MyPicsDBRandom.10.Date)]</label>
                    <font>PolaroidLegend</font>
                    <textcolor>FF000000</textcolor>
                </control>
            </control>
        </control>
    </include>
    <!-- MikeBZH44 End -->
    <!-- Cases Content Var -->
    <variable name="CaseContentVar">
        <value condition="String.IsEqual(Container(9000).ListItem.Thumb,7)">special://skin/extras/playlists/recentmovies.xsp</value>
        <value condition="String.IsEqual(Container(9000).ListItem.Thumb,8)">special://skin/extras/playlists/recentepisodes.xsp</value>
		<value condition="String.IsEqual(Container(9000).ListItem.Thumb,15)">special://skin/extras/playlists/recentseries.xsp</value>
        <value condition="String.EndsWith(Container(9000).ListItem.Thumb,9)">plugin://service.library.data.provider?type=randomsongs&amp;reload=$INFO[Window.Property(randomsongs)]</value>
        <value condition="String.EndsWith(Container(9000).ListItem.Thumb,10)">plugin://service.library.data.provider?type=randomalbums&amp;reload=$INFO[Window.Property(randomalbums)]</value>
        <!-- MikeBZH44 : Add Wall based on playlist -->
        <value condition="String.IsEqual(Container(9000).ListItem.Property(BGType),5) | String.IsEqual(Container(9000).ListItem.Property(BGType),7) | String.IsEqual(Container(9000).ListItem.Property(BGType),9)">$INFO[Container(9000).ListItem.Thumb]</value>
        <!-- MikeBZH44 : Add LiveBG for movie set -->
        <value>$INFO[Container(9000).ListItem.Thumb]</value>
    </variable>
    <!-- Cases Background Vars-->
    <variable name="Case1Var">
        <value condition="!String.IsEmpty(Container(9031).ListItem(0).Art(tvshow.poster))">$INFO[Container(9031).ListItem(0).Art(tvshow.poster)]</value>
        <value condition="!String.IsEmpty(Container(9031).ListItem(0).Art(poster))">$INFO[Container(9031).ListItem(0).Art(poster)]</value>
        <value>$INFO[Container(9031).ListItem(0).Icon]</value>
    </variable>
    <variable name="Case2Var">
        <value condition="!String.IsEmpty(Container(9031).ListItem(1).Art(tvshow.poster))">$INFO[Container(9031).ListItem(1).Art(tvshow.poster)]</value>
        <value condition="!String.IsEmpty(Container(9031).ListItem(1).Art(poster))">$INFO[Container(9031).ListItem(1).Art(poster)]</value>
        <value>$INFO[Container(9031).ListItem(1).Icon]</value>
    </variable>
    <variable name="Case3Var">
        <value condition="!String.IsEmpty(Container(9031).ListItem(2).Art(tvshow.poster))">$INFO[Container(9031).ListItem(2).Art(tvshow.poster)]</value>
        <value condition="!String.IsEmpty(Container(9031).ListItem(2).Art(poster))">$INFO[Container(9031).ListItem(2).Art(poster)]</value>
        <value>$INFO[Container(9031).ListItem(2).Icon]</value>
    </variable>
    <variable name="Case4Var">
        <value condition="!String.IsEmpty(Container(9031).ListItem(9).Art(tvshow.poster))">$INFO[Container(9031).ListItem(9).Art(tvshow.poster)]</value>
        <value condition="!String.IsEmpty(Container(9031).ListItem(9).Art(poster))">$INFO[Container(9031).ListItem(9).Art(poster)]</value>
        <value>$INFO[Container(9031).ListItem(9).Icon]</value>
    </variable>
    <variable name="Case5Var">
        <value condition="!String.IsEmpty(Container(9031).ListItem(7).Art(tvshow.poster))">$INFO[Container(9031).ListItem(7).Art(tvshow.poster)]</value>
        <value condition="!String.IsEmpty(Container(9031).ListItem(7).Art(poster))">$INFO[Container(9031).ListItem(7).Art(poster)]</value>
        <value>$INFO[Container(9031).ListItem(7).Icon]</value>
    </variable>
    <variable name="Case6Var">
        <value condition="!String.IsEmpty(Container(9031).ListItem(3).Art(tvshow.poster))">$INFO[Container(9031).ListItem(3).Art(tvshow.poster)]</value>
        <value condition="!String.IsEmpty(Container(9031).ListItem(3).Art(poster))">$INFO[Container(9031).ListItem(3).Art(poster)]</value>
        <value>$INFO[Container(9031).ListItem(3).Icon]</value>
    </variable>
    <variable name="Case7Var">
        <value condition="!String.IsEmpty(Container(9031).ListItem(8).Art(tvshow.poster))">$INFO[Container(9031).ListItem(8).Art(tvshow.poster)]</value>
        <value condition="!String.IsEmpty(Container(9031).ListItem(8).Art(poster))">$INFO[Container(9031).ListItem(8).Art(poster)]</value>
        <value>$INFO[Container(9031).ListItem(8).Icon]</value>
    </variable>
    <variable name="Case8Var">
        <value condition="!String.IsEmpty(Container(9031).ListItem(4).Art(tvshow.poster))">$INFO[Container(9031).ListItem(4).Art(tvshow.poster)]</value>
        <value condition="!String.IsEmpty(Container(9031).ListItem(4).Art(poster))">$INFO[Container(9031).ListItem(4).Art(poster)]</value>
        <value>$INFO[Container(9031).ListItem(4).Icon]</value>
    </variable>
    <variable name="Case9Var">
        <value condition="!String.IsEmpty(Container(9031).ListItem(5).Art(tvshow.poster))">$INFO[Container(9031).ListItem(5).Art(tvshow.poster)]</value>
        <value condition="!String.IsEmpty(Container(9031).ListItem(5).Art(poster))">$INFO[Container(9031).ListItem(5).Art(poster)]</value>
        <value>$INFO[Container(9031).ListItem(5).Icon]</value>
    </variable>
    <variable name="Case10Var">
        <value condition="!String.IsEmpty(Container(9031).ListItem(6).Art(tvshow.poster))">$INFO[Container(9031).ListItem(6).Art(tvshow.poster)]</value>
        <value condition="!String.IsEmpty(Container(9031).ListItem(6).Art(poster))">$INFO[Container(9031).ListItem(6).Art(poster)]</value>
        <value>$INFO[Container(9031).ListItem(6).Icon]</value>
    </variable>
    <!-- MikeBZH44 : Add Resolution Cases Background Vars ROURA7311 Multi cases-->
    <variable name="ResCase1Var">
		<value condition="String.Contains(Container(9031).ListItem(0).Filename,3d) | String.Contains(Container(9031).ListItem(0).Filename,3dbd)">3dp.png</value>
		<value condition="String.Contains(Container(9031).ListItem(0).Filename,bluray.4k)">4kp.png</value>
		<value condition="String.Contains(Container(9031).ListItem(0).Filename,bluray)">1080p.png</value>
		<value condition="String.Contains(Container(9031).ListItem(0).Filename,dvd)">480p.png</value>
		<value condition="String.Contains(Container(9031).ListItem(0).Filename,hddvd)">hddvd.png</value>
		<value condition="String.Contains(Container(9031).ListItem(0).Filename,hdtv) | String.Contains(Container(9031).ListItem(0).Filename,hd tv)">hdtv.png</value>
		<value condition="String.Contains(Container(9031).ListItem(0).Filename,webdl) | String.Contains(Container(9031).ListItem(0).Filename,web-dl)">webdl.png</value>
		<value condition="String.Contains(Container(9031).ListItem(0).Filename,screener)">screener.png</value>
		<value condition="String.IsEqual(Container(9000).ListItem.Thumb,15)">tvshows.png</value>
		<value condition="String.Contains(Container(9031).ListItem(0).path,serie) | String.Contains(Container(9031).ListItem(0).path,series)">tvshows.png</value>
		<value condition="String.Contains(Container(9031).ListItem(0).path,Série) | String.Contains(Container(9031).ListItem(0).path,Séries)">tvshows.png</value>
		<value>$INFO[Container(9031).ListItem(0).VideoResolution]p.png</value>
	</variable>
	<variable name="ResCase2Var">
		<value condition="String.Contains(Container(9031).ListItem(1).Filename,3d) | String.Contains(Container(9031).ListItem(1).Filename,3dbd)">3dp.png</value>
		<value condition="String.Contains(Container(9031).ListItem(1).Filename,bluray.4k)">4kp.png</value>
		<value condition="String.Contains(Container(9031).ListItem(1).Filename,bluray)">1080p.png</value>
		<value condition="String.Contains(Container(9031).ListItem(1).Filename,dvd)">480p.png</value>
		<value condition="String.Contains(Container(9031).ListItem(1).Filename,hddvd)">hddvd.png</value>
		<value condition="String.Contains(Container(9031).ListItem(1).Filename,hdtv) | String.Contains(Container(9031).ListItem(1).Filename,hd tv)">hdtv.png</value>
		<value condition="String.Contains(Container(9031).ListItem(1).Filename,webdl) | String.Contains(Container(9031).ListItem(1).Filename,web-dl)">webdl.png</value>
		<value condition="String.Contains(Container(9031).ListItem(1).Filename,screener)">screener.png</value>
		<value condition="String.IsEqual(Container(9000).ListItem.Thumb,15)">tvshows.png</value>
		<value condition="String.Contains(Container(9031).ListItem(1).path,serie) | String.Contains(Container(9031).ListItem(1).path,series)">tvshows.png</value>
		<value condition="String.Contains(Container(9031).ListItem(1).path,Série) | String.Contains(Container(9031).ListItem(1).path,Séries)">tvshows.png</value>
		<value>$INFO[Container(9031).ListItem(1).VideoResolution]p.png</value>
	</variable>
	<variable name="ResCase3Var">
		<value condition="String.Contains(Container(9031).ListItem(2).Filename,3d) | String.Contains(Container(9031).ListItem(2).Filename,3dbd)">3dp.png</value>
		<value condition="String.Contains(Container(9031).ListItem(2).Filename,bluray.4k)">4kp.png</value>
		<value condition="String.Contains(Container(9031).ListItem(2).Filename,bluray)">1080p.png</value>
		<value condition="String.Contains(Container(9031).ListItem(2).Filename,bluray.4k)">4kp.png</value>
		<value condition="String.Contains(Container(9031).ListItem(2).Filename,dvd)">480p.png</value>
		<value condition="String.Contains(Container(9031).ListItem(2).Filename,hddvd)">hddvd.png</value>
		<value condition="String.Contains(Container(9031).ListItem(2).Filename,hdtv) | String.Contains(Container(9031).ListItem(2).Filename,hd tv)">hdtv.png</value>
		<value condition="String.Contains(Container(9031).ListItem(2).Filename,webdl) | String.Contains(Container(9031).ListItem(2).Filename,web-dl)">webdl.png</value>
		<value condition="String.Contains(Container(9031).ListItem(2).Filename,screener)">screener.png</value>
		<value condition="String.IsEqual(Container(9000).ListItem.Thumb,15)">tvshows.png</value>
		<value condition="String.Contains(Container(9031).ListItem(2).path,serie) | String.Contains(Container(9031).ListItem(2).path,series)">tvshows.png</value>
		<value condition="String.Contains(Container(9031).ListItem(2).path,Série) | String.Contains(Container(9031).ListItem(2).path,Séries)">tvshows.png</value>
		<value>$INFO[Container(9031).ListItem(2).VideoResolution]p.png</value>
	</variable>
	<variable name="ResCase4Var">
		<value condition="String.Contains(Container(9031).ListItem(9).Filename,3d) | String.Contains(Container(9031).ListItem(9).Filename,3dbd)">3dp.png</value>
		<value condition="String.Contains(Container(9031).ListItem(9).Filename,bluray.4k)">4kp.png</value>
		<value condition="String.Contains(Container(9031).ListItem(9).Filename,bluray)">1080p.png</value>
		<value condition="String.Contains(Container(9031).ListItem(9).Filename,dvd)">480p.png</value>
		<value condition="String.Contains(Container(9031).ListItem(9).Filename,hddvd)">hddvd.png</value>
		<value condition="String.Contains(Container(9031).ListItem(9).Filename,hdtv) | String.Contains(Container(9031).ListItem(9).Filename,hd tv)">hdtv.png</value>
		<value condition="String.Contains(Container(9031).ListItem(9).Filename,webdl) | String.Contains(Container(9031).ListItem(9).Filename,web-dl)">webdl.png</value>
		<value condition="String.Contains(Container(9031).ListItem(9).Filename,screener)">screener.png</value>
		<value condition="String.IsEqual(Container(9000).ListItem.Thumb,15)">tvshows.png</value>
		<value condition="String.Contains(Container(9031).ListItem(9).path,serie) | String.Contains(Container(9031).ListItem(9).path,series)">tvshows.png</value>
		<value condition="String.Contains(Container(9031).ListItem(9).path,Série) | String.Contains(Container(9031).ListItem(9).path,Séries)">tvshows.png</value>
		<value>$INFO[Container(9031).ListItem(9).VideoResolution]p.png</value>
	</variable>
	<variable name="ResCase5Var">
		<value condition="String.Contains(Container(9031).ListItem(7).Filename,3d) | String.Contains(Container(9031).ListItem(7).Filename,3dbd)">3dp.png</value>
		<value condition="String.Contains(Container(9031).ListItem(7).Filename,bluray.4k)">4kp.png</value>
		<value condition="String.Contains(Container(9031).ListItem(7).Filename,bluray)">1080p.png</value>
		<value condition="String.Contains(Container(9031).ListItem(7).Filename,dvd)">480p.png</value>
		<value condition="String.Contains(Container(9031).ListItem(7).Filename,hddvd)">hddvd.png</value>
		<value condition="String.Contains(Container(9031).ListItem(7).Filename,hdtv) | String.Contains(Container(9031).ListItem(7).Filename,hd tv)">hdtv.png</value>
		<value condition="String.Contains(Container(9031).ListItem(7).Filename,webdl) | String.Contains(Container(9031).ListItem(7).Filename,web-dl)">webdl.png</value>
		<value condition="String.Contains(Container(9031).ListItem(7).Filename,screener)">screener.png</value>
		<value condition="String.IsEqual(Container(9000).ListItem.Thumb,15)">tvshows.png</value>
		<value condition="String.Contains(Container(9031).ListItem(7).path,serie) | String.Contains(Container(9031).ListItem(7).path,series)">tvshows.png</value>
		<value condition="String.Contains(Container(9031).ListItem(7).path,Série) | String.Contains(Container(9031).ListItem(7).path,Séries)">tvshows.png</value>
		<value>$INFO[Container(9031).ListItem(7).VideoResolution]p.png</value>
	</variable>
	<variable name="ResCase6Var">
		<value condition="String.Contains(Container(9031).ListItem(3).Filename,3d) | String.Contains(Container(9031).ListItem(3).Filename,3dbd)">3dp.png</value>
		<value condition="String.Contains(Container(9031).ListItem(3).Filename,bluray.4k)">4kp.png</value>
		<value condition="String.Contains(Container(9031).ListItem(3).Filename,bluray)">1080p.png</value>
		<value condition="String.Contains(Container(9031).ListItem(3).Filename,dvd)">480p.png</value>
		<value condition="String.Contains(Container(9031).ListItem(3).Filename,hddvd)">hddvd.png</value>
		<value condition="String.Contains(Container(9031).ListItem(3).Filename,hdtv) | String.Contains(Container(9031).ListItem(3).Filename,hd tv)">hdtv.png</value>
		<value condition="String.Contains(Container(9031).ListItem(3).Filename,webdl) | String.Contains(Container(9031).ListItem(3).Filename,web-dl)">webdl.png</value>
		<value condition="String.Contains(Container(9031).ListItem(3).Filename,screener)">screener.png</value>
		<value condition="String.IsEqual(Container(9000).ListItem.Thumb,15)">tvshows.png</value>
		<value condition="String.Contains(Container(9031).ListItem(3).path,serie) | String.Contains(Container(9031).ListItem(3).path,series)">tvshows.png</value>
		<value condition="String.Contains(Container(9031).ListItem(3).path,Série) | String.Contains(Container(9031).ListItem(3).path,Séries)">tvshows.png</value>
		<value>$INFO[Container(9031).ListItem(3).VideoResolution]p.png</value>
	</variable>
	<variable name="ResCase7Var">
		<value condition="String.Contains(Container(9031).ListItem(8).Filename,3d) | String.Contains(Container(9031).ListItem(8).Filename,3dbd)">3dp.png</value>
		<value condition="String.Contains(Container(9031).ListItem(8).Filename,bluray.4k)">4kp.png</value>
		<value condition="String.Contains(Container(9031).ListItem(8).Filename,bluray)">1080p.png</value>
		<value condition="String.Contains(Container(9031).ListItem(8).Filename,dvd)">480p.png</value>
		<value condition="String.Contains(Container(9031).ListItem(8).Filename,hddvd)">hddvd.png</value>
		<value condition="String.Contains(Container(9031).ListItem(8).Filename,hdtv) | String.Contains(Container(9031).ListItem(8).Filename,hd tv)">hdtv.png</value>
		<value condition="String.Contains(Container(9031).ListItem(8).Filename,webdl) | String.Contains(Container(9031).ListItem(8).Filename,web-dl)">webdl.png</value>
		<value condition="String.Contains(Container(9031).ListItem(8).Filename,screener)">screener.png</value>
		<value condition="String.IsEqual(Container(9000).ListItem.Thumb,15)">tvshows.png</value>
		<value condition="String.Contains(Container(9031).ListItem(8).path,serie) | String.Contains(Container(9031).ListItem(8).path,series)">tvshows.png</value>
		<value condition="String.Contains(Container(9031).ListItem(8).path,Série) | String.Contains(Container(9031).ListItem(8).path,Séries)">tvshows.png</value>
		<value>$INFO[Container(9031).ListItem(8).VideoResolution]p.png</value>
	</variable>
	<variable name="ResCase8Var">
		<value condition="String.Contains(Container(9031).ListItem(4).Filename,3d) | String.Contains(Container(9031).ListItem(4).Filename,3dbd)">3dp.png</value>
		<value condition="String.Contains(Container(9031).ListItem(4).Filename,bluray.4k)">4kp.png</value>
		<value condition="String.Contains(Container(9031).ListItem(4).Filename,bluray)">1080p.png</value>
		<value condition="String.Contains(Container(9031).ListItem(4).Filename,dvd)">480p.png</value>
		<value condition="String.Contains(Container(9031).ListItem(4).Filename,hddvd)">hddvd.png</value>
		<value condition="String.Contains(Container(9031).ListItem(4).Filename,hdtv) | String.Contains(Container(9031).ListItem(4).Filename,hd tv)">hdtv.png</value>
		<value condition="String.Contains(Container(9031).ListItem(4).Filename,webdl) | String.Contains(Container(9031).ListItem(4).Filename,web-dl)">webdl.png</value>
		<value condition="String.Contains(Container(9031).ListItem(4).Filename,screener)">screener.png</value>
		<value condition="String.IsEqual(Container(9000).ListItem.Thumb,15)">tvshows.png</value>
		<value condition="String.Contains(Container(9031).ListItem(4).path,serie) | String.Contains(Container(9031).ListItem(4).path,series)">tvshows.png</value>
		<value condition="String.Contains(Container(9031).ListItem(4).path,Série) | String.Contains(Container(9031).ListItem(4).path,Séries)">tvshows.png</value>
		<value>$INFO[Container(9031).ListItem(4).VideoResolution]p.png</value>
	</variable>
	<variable name="ResCase9Var">
		<value condition="String.Contains(Container(9031).ListItem(5).Filename,3d) | String.Contains(Container(9031).ListItem(5).Filename,3dbd)">3dp.png</value>
		<value condition="String.Contains(Container(9031).ListItem(5).Filename,bluray.4k)">4kp.png</value>
		<value condition="String.Contains(Container(9031).ListItem(5).Filename,bluray)">1080p.png</value>
		<value condition="String.Contains(Container(9031).ListItem(5).Filename,dvd)">480p.png</value>
		<value condition="String.Contains(Container(9031).ListItem(5).Filename,hddvd)">hddvd.png</value>
		<value condition="String.Contains(Container(9031).ListItem(5).Filename,hdtv) | String.Contains(Container(9031).ListItem(5).Filename,hd tv)">hdtv.png</value>
		<value condition="String.Contains(Container(9031).ListItem(5).Filename,webdl) | String.Contains(Container(9031).ListItem(5).Filename,web-dl)">webdl.png</value>
		<value condition="String.Contains(Container(9031).ListItem(5).Filename,screener)">screener.png</value>
		<value condition="String.IsEqual(Container(9000).ListItem.Thumb,15)">tvshows.png</value>
		<value condition="String.Contains(Container(9031).ListItem(5).path,serie) | String.Contains(Container(9031).ListItem(5).path,series)">tvshows.png</value>
		<value condition="String.Contains(Container(9031).ListItem(5).path,Série) | String.Contains(Container(9031).ListItem(5).path,Séries)">tvshows.png</value>
		<value>$INFO[Container(9031).ListItem(5).VideoResolution]p.png</value>
	</variable>
	<variable name="ResCase10Var">
		<value condition="String.Contains(Container(9031).ListItem(6).Filename,3d) | String.Contains(Container(9031).ListItem(6).Filename,3dbd)">3dp.png</value>
		<value condition="String.Contains(Container(9031).ListItem(6).Filename,bluray.4k)">4kp.png</value>
		<value condition="String.Contains(Container(9031).ListItem(6).Filename,bluray)">1080p.png</value>
		<value condition="String.Contains(Container(9031).ListItem(6).Filename,dvd)">480p.png</value>
		<value condition="String.Contains(Container(9031).ListItem(6).Filename,hddvd)">hddvd.png</value>
		<value condition="String.Contains(Container(9031).ListItem(6).Filename,hdtv) | String.Contains(Container(9031).ListItem(6).Filename,hd tv)">hdtv.png</value>
		<value condition="String.Contains(Container(9031).ListItem(6).Filename,webdl) | String.Contains(Container(9031).ListItem(6).Filename,web-dl)">webdl.png</value>
		<value condition="String.Contains(Container(9031).ListItem(6).Filename,screener)">screener.png</value>
		<value condition="String.IsEqual(Container(9000).ListItem.Thumb,15)">tvshows.png</value>
		<value condition="String.Contains(Container(9031).ListItem(6).path,serie) | String.Contains(Container(9031).ListItem(6).path,series)">tvshows.png</value>
		<value condition="String.Contains(Container(9031).ListItem(6).path,Série) | String.Contains(Container(9031).ListItem(6).path,Séries)">tvshows.png</value>
		<value>$INFO[Container(9031).ListItem(6).VideoResolution]p.png</value>
	</variable>
	
    <!-- MikeBZH44 -->
</includes>