<?xml version="1.0" encoding="UTF-8"?>
<includes>
    <include name="CommonBackground">
        <param name="windowOpen">True</param>
        <param name="windowClose">True</param>
        <definition>
            <control type="group">
                <depth>MinDepth</depth>
                <animation effect="fade" time="600" condition="$PARAM[windowOpen]">WindowOpen</animation>
                <animation effect="fade" time="600" condition="$PARAM[windowClose]">WindowClose</animation>
                <include condition="Window.IsActive(home)">HomeFanart</include>
				
                <include condition="!Window.IsActive(home)">GlobalFanart</include>
                <include condition="Window.IsActive(home)">LiveCasesBackground</include>
                <!-- MikeBZH44 : Add MovieWall and CDWall and Polaroid-->
                <include condition="Window.IsActive(home)">MovieWall</include>
                <include condition="Window.IsActive(home)">CDWall</include>
                <include condition="Window.IsActive(home)">Polaroid</include>
                <include condition="Window.IsActive(videos)">VideoGenreFanart</include>
                <include condition="Window.IsActive(music) + !String.IsEmpty(Skin.String(MusicGenreFanartPath))">MusicGenreFanart</include>
                <include condition="Window.IsActive(script-NextAired-TVGuide.xml) | Window.IsActive(script-NextAired-TVGuide2.xml)">TVShowNextAiredBackground</include>
                <include condition="Window.IsActive(weather)">WeatherBackground</include>
                <include condition="Window.IsActive(script-globalsearch-main.xml)">GlobalSearchBG</include>
                <include condition="Window.IsActive(service-LibreELEC-Settings-mainWindow.xml)">LibreELECBG</include>
				<include condition="Window.IsActive(service-CoreELEC-Settings-mainWindow.xml)">CoreELECBG</include>
                <include condition="!Skin.HasSetting(Disable.ShowBackgroundVis)+ !Window.IsActive(TVChannels) + !Window.IsActive(RadioChannels)">BackgroundVisualization</include>
                <include condition="!Skin.HasSetting(Disable.ShowBackgroundVideo)+ !Window.IsActive(TVChannels) + !Window.IsActive(RadioChannels)">BackgroundVideo</include>
				
            </control>
            <control type="group">
                <visible>![Window.IsActive(home) | Window.IsActive(startup) | [Window.IsVisible(TVGuide) + Player.HasVideo]] | Window.IsActive(script-globalsearch-main.xml)</visible>
                <include content="WindowOpenCloseAnimation">
                    <param name="windowOpen" value="$PARAM[windowOpen]" />
                    <param name="windowClose" value="$PARAM[windowClose]" />
                </include>
                <visible>![Control.IsVisible(59) | Control.IsVisible(501) | Control.IsVisible(502) | Control.IsVisible(503)]</visible>
                <depth>MinDepth</depth>
                <include>ViewAnimation</include>
                <animation effect="slide" start="0,0" end="0,80" time="720" tween="cubic" easing="inout" condition="![[Control.IsVisible(52) + !Window.IsActive(systeminfo)] | Control.IsVisible(53) | Control.IsVisible(54) | Control.IsVisible(55) | Control.IsVisible(56) | Control.IsVisible(500) | Control.IsVisible(57)]">Conditional</animation>
                <animation effect="slide" start="0,0" end="0,-20" time="720" tween="cubic" easing="inout" condition="[Control.IsVisible(58) | Control.IsVisible(510)]">Conditional</animation>
                <!--MikeBZH44 : Add animation to get full screen fanart -->
                <animation effect="slide" end="0,1080" time="560" tween="quadratic" condition="Control.HasFocus(109)">Conditional</animation>
                <control type="image">
                    <bottom>206</bottom>
                    <width>696</width>
                    <height>914</height>
                    <texture border="1">vignette.png</texture>
                    <visible>![Control.IsVisible(59) | Control.IsVisible(56) | Control.IsVisible(57)]</visible>
                    <animation effect="slide" tween="cubic" time="720" start="-696" end="0,0">VisibleChange</animation>
                </control>
                <control type="image">
                    <right>0</right>
                    <bottom>206</bottom>
                    <width>696</width>
                    <height>914</height>
                    <texture flipx="true" border="1">vignette.png</texture>
                    <animation effect="slide" tween="cubic" time="720" start="696" end="0,0">VisibleChange</animation>
                    <visible>![Control.IsVisible(59) | Control.IsVisible(56) | Control.IsVisible(57)]</visible>
                </control>
                <control type="image">
                    <bottom>0</bottom>
                    <width>100%</width>
                    <height>680</height>
                    <texture>floor.png</texture>
                </control>
            </control>
            <control type="image">
                <width>100%</width>
                <height>1130</height>
                <texture border="0,0,0,50">topbar.png</texture>
                <visible>Control.IsVisible(503)</visible>
            </control>
            <control type="image">
                <include>FullscreenDimensions</include>
                <texture border="1">logo_back.png</texture>
                <!-- MikeBZH44 : Visibility condition -->
                <visible>Control.IsVisible(59) + !Skin.HasSetting(MinimizeFloor)</visible>
                <include>ViewAnimation</include>
            </control>
        </definition>
    </include>
    <include name="BackgroundVideo">
        <control type="group">
            <visible>![[Control.IsVisible(52) | Control.IsVisible(53)] + [String.IsEqual(Control.GetLabel(4420),1) | String.IsEqual(Control.GetLabel(4420),2)]] + !Container.Content(genres)</visible>
            <control type="image">
                <include>FullscreenDimensions</include>
                <texture>black.png</texture>
                <visible>Player.HasVideo + !SlideShow.IsActive</visible>
            </control>
            <control type="videowindow">
                <include>FullscreenDimensions</include>
                <visible>Player.HasVideo + !SlideShow.IsActive</visible>
            </control>
        </control>
		<!-- Roura97311 VideoWindow for GENRE -->
		<control type="group">
            <visible>![[Control.IsVisible(52) | Control.IsVisible(53)] + [String.IsEqual(Control.GetLabel(4420),1) | String.IsEqual(Control.GetLabel(4420),2)]] + Container.Content(genres)</visible>
            <control type="image">
                
				<top>80</top>
				<left>290</left>
				<width>1350</width>
				<height>780</height>
                <texture>black.png</texture>
                <visible>Player.HasVideo + !SlideShow.IsActive</visible>
            </control>
            <control type="videowindow">
                <top>30</top>
				<!-- <top>100</top> -->
				<left>290</left>
				<width>70%</width>
				<height>70%</height>
                <visible>Player.HasVideo + !SlideShow.IsActive</visible>
            </control>
        </control>
    </include>
	
    <include name="BackgroundVisualization">
        <control type="visualisation">
            <include>FullscreenDimensions</include>
            <visible>Player.HasAudio</visible>
            <visible>String.IsEmpty(Window(Videos).Property(PlayingBackgroundMedia))</visible>
        </control>
    </include>
   		<include name="VideoGenreFanart">
		<!-- ------------------------ TELEX------------------------------------ --->
			<control type="image" id="4980">
            <description>Normal Default Background Image</description>
            <include>FullscreenDimensions</include>
            <aspectratio>scale</aspectratio>
            <texture background="true" >special://skin/extras/moviegenres/fanart/fond.jpg</texture>
            <visible>Container.Content(genres)</visible>
			</control>
			<!-- Roura97311 Fanart aléatoire -->
			<control type="list" id="1999">	
					
				    <visible>Container.Content(genres)</visible>				
				    <content sortby="random" sortorder="descending" limit="1">$INFO[Container.FolderPath]$INFO[ListItem.DBID]</content>
					<orientation>Vertical</orientation>
					<onleft>50</onleft>
					<top>44</top>
					<left>290</left>
			<itemlayout width="250" height="256" >
				<control type="group">
					<animation type="Conditional" condition="Control.HasFocus(1999)" reversible="false">
					<effect type="fade" end="100" time="100"  />
					</animation>
						<control type="image">
						  <posx>0</posx>
						  <posy>40</posy>
						  <width>1345</width>
						  <height>800</height>
						  <aspectratio scalediffuse="false">scale</aspectratio>
						  <fadetime>FanartCrossfadeTime</fadetime>
					      <!-- <bordersize>2</bordersize> -->
					      <texture border="5" diffuse="thumbs/shadow_fanart.png" background="true">$INFO[ListItem.Art(fanart)]</texture>
						</control>
				</control>
            </itemlayout>
			<focusedlayout width="250" height="256" >
				<control type="group">
			  		<control type="image">
					  <posx>0</posx>
					  <posy>40</posy>
					  <width>1345</width>
					  <height>800</height>
					  <aspectratio scalediffuse="false">scale</aspectratio>
					  <fadetime>FanartCrossfadeTime</fadetime>
					  <!-- <bordersize>2</bordersize> -->
					  <texture border="5" diffuse="thumbs/shadow_fanart.png" background="true">$INFO[ListItem.Art(fanart)]</texture>
					</control>
				
				</control>
			</focusedlayout>
			</control>			
   
		</include>		
		
    <include name="MusicGenreFanart">
        <control type="image">
            <description>Normal Default Background Image</description>
            <include>FullscreenDimensions</include>
            <aspectratio>scale</aspectratio>
            <fadetime>FanartCrossfadeTime</fadetime>
            <texture background="true" fallback="special://skin/backgrounds/fallback_music.jpg">$INFO[Skin.String(MusicGenreFanartPath)]$INFO[ListItem.Label,,.jpg]</texture>
            <visible>Container.Content(genres)</visible>
        </control>
    </include>
	<!-- Roura97311 Fanart for Extendedinfo script -->
	 <include name="FanartExtendedInfoService">
		<control type="image">
            <description>Widget background image</description>
            <aspectratio align="center">scale</aspectratio>
            <include>FullscreenDimensions</include>
            <fadetime>600</fadetime>
            <texture fallback="special://skin/backgrounds/default_bg.jpg" background="true">$VAR[WidgetFanartVar]</texture>
			<visible>String.IsEqual(Container(9000).ListItem.Property(BGType),13)</visible>
			<include>VisibleFadeAnimation</include>
		</control>
	  </include>
    <include name="GlobalFanart">
        <control type="list" id="9033">
            <include>HiddenList</include>
            <content>
                <include condition="Window.IsActive(pictures)">PicturesFallback</include>
                <include condition="Window.IsActive(music) | Window.IsActive(musicplaylist)">MusicFallback</include>
                <include condition="Window.IsActive(MyPVRChannels.xml) | Window.IsActive(MyPVRGuide.xml) | Window.IsActive(MyPVRRecordings.xml) | Window.IsActive(MyPVRSearch.xml) | Window.IsActive(MyPVRTimers.xml)">LiveTVFallback</include>
                <include condition="Window.IsActive(programs) | Window.IsActive(1133)">AppsFallback</include>
                <include condition="Window.IsActive(SettingsCategory.xml) | Window.IsActive(systeminfo) | Window.IsActive(skinsettings) | Window.IsActive(settings) | Window.IsActive(addonbrowser) | Window.IsActive(filemanager) | Window.IsActive(eventlog) | Window.IsActive(ProfileSettings)">SystemFallback</include>
                <include condition="Window.IsActive(videos) | Window.IsActive(videoplaylist)">VideoFallback</include>
                <include condition="Window.IsActive(games)">GamesFallback</include>
                <item>
                    
                    <thumb>$INFO[Window(home).Property(fakelabel)]</thumb>
                    <visible>no</visible>
                </item>
            </content>
        </control>
        <control type="multiimage">
            <description>Normal Default Background Image</description>
            <include>FullscreenDimensions</include>
            <imagepath fallback="special://skin/backgrounds/default_bg.jpg" background="true">$VAR[GlobalBackgroundVar]</imagepath>
        </control>
        
		<!-- MikeBZH44 : Include LiveBG for movieset -->
        <include>LiveCasesBackground</include>
		
    </include>
    <include name="HomeFanart">
        <control type="multiimage">
            <description>Normal Default Background Image</description>
            <include>FullscreenDimensions</include>
            <imagepath fallback="special://skin/backgrounds/default_bg.jpg" background="true">$VAR[HomeBackgroundVar]</imagepath>
				<animation effect="fade" start="100" end="20" time="0" condition="!Skin.HasSetting(HideVisualizationFanart) + String.IsEqual(Skin.String(FanartOverlay.Delay),20) + String.IsEqual(Container(9000).ListItem.Thumb,4) + Player.Playing">Conditional</animation>
				<animation effect="fade" start="100" end="40" time="0" condition="!Skin.HasSetting(HideVisualizationFanart) + String.IsEqual(Skin.String(FanartOverlay.Delay),40) + String.IsEqual(Container(9000).ListItem.Thumb,4) + Player.Playing">Conditional</animation>
				<animation effect="fade" start="100" end="60" time="0" condition="!Skin.HasSetting(HideVisualizationFanart) + String.IsEqual(Skin.String(FanartOverlay.Delay),60) + String.IsEqual(Container(9000).ListItem.Thumb,4) + Player.Playing">Conditional</animation>
				<animation effect="fade" start="100" end="80" time="0" condition="!Skin.HasSetting(HideVisualizationFanart) + String.IsEqual(Skin.String(FanartOverlay.Delay),80) + String.IsEqual(Container(9000).ListItem.Thumb,4) + Player.Playing">Conditional</animation>
				<animation effect="fade" start="100" end="100" time="0" condition="!Skin.HasSetting(HideVisualizationFanart) + String.IsEqual(Skin.String(FanartOverlay.Delay),100) + String.IsEqual(Container(9000).ListItem.Thumb,4) + Player.Playing">Conditional</animation>
			
            <visible>![ControlGroup(9003).HasFocus() | ControlGroup(9004).HasFocus()]</visible>
            <include>VisibleFadeAnimation</include>
        </control>
		<include>FanartExtendedInfoService</include>
        <control type="image">
            <description>Widget background image</description>
            <aspectratio align="center">scale</aspectratio>
            <include>FullscreenDimensions</include>
            <fadetime>600</fadetime>
            <texture fallback="special://skin/backgrounds/default_bg.jpg" background="true">$VAR[WidgetFanartVar]</texture>
            <visible>[ControlGroup(9003).HasFocus() | ControlGroup(9004).HasFocus()] | [[ControlGroup(9003).HasFocus() | ControlGroup(9004).HasFocus()] + System.HasModalDialog]</visible>
            <include>VisibleFadeAnimation</include>
        </control>
    </include>
    <include name="TVShowNextAiredBackground">
        <control type="group">
            <visible>!String.IsEmpty(Window(home).Property(TVGuide.BackgroundFanart))</visible>
            <control type="image">
                <include>FullscreenDimensions</include>
                <aspectratio>scale</aspectratio>
                <texture background="true">$INFO[Container(200).ListItem.Property(Fanart)]</texture>
                <visible>Control.HasFocus(200)</visible>
                <fadetime>600</fadetime>
                <animation effect="fade" time="600">Visible</animation>
                <animation effect="fade" time="600">Hidden</animation>
            </control>
            <control type="image">
                <include>FullscreenDimensions</include>
                <aspectratio>scale</aspectratio>
                <texture background="true">$INFO[Container(201).ListItem.Property(Fanart)]</texture>
                <visible>Control.HasFocus(201)</visible>
                <fadetime>600</fadetime>
                <animation effect="fade" time="600">Visible</animation>
                <animation effect="fade" time="600">Hidden</animation>
            </control>
            <control type="image">
                <include>FullscreenDimensions</include>
                <aspectratio>scale</aspectratio>
                <texture background="true">$INFO[Container(202).ListItem.Property(Fanart)]</texture>
                <visible>Control.HasFocus(202)</visible>
                <fadetime>600</fadetime>
                <animation effect="fade" time="600">Visible</animation>
                <animation effect="fade" time="600">Hidden</animation>
            </control>
            <control type="image">
                <include>FullscreenDimensions</include>
                <aspectratio>scale</aspectratio>
                <texture background="true">$INFO[Container(203).ListItem.Property(Fanart)]</texture>
                <visible>Control.HasFocus(203)</visible>
                <fadetime>600</fadetime>
                <animation effect="fade" time="600">Visible</animation>
                <animation effect="fade" time="600">Hidden</animation>
            </control>
            <control type="image">
                <include>FullscreenDimensions</include>
                <aspectratio>scale</aspectratio>
                <texture background="true">$INFO[Container(204).ListItem.Property(Fanart)]</texture>
                <visible>Control.HasFocus(204)</visible>
                <fadetime>600</fadetime>
                <animation effect="fade" time="600">Visible</animation>
                <animation effect="fade" time="600">Hidden</animation>
            </control>
            <control type="image">
                <include>FullscreenDimensions</include>
                <aspectratio>scale</aspectratio>
                <texture background="true">$INFO[Container(205).ListItem.Property(Fanart)]</texture>
                <visible>Control.HasFocus(205)</visible>
                <fadetime>600</fadetime>
                <animation effect="fade" time="600">Visible</animation>
                <animation effect="fade" time="600">Hidden</animation>
            </control>
            <control type="image">
                <include>FullscreenDimensions</include>
                <aspectratio>scale</aspectratio>
                <texture background="true">$INFO[Container(206).ListItem.Property(Fanart)]</texture>
                <visible>Control.HasFocus(206)</visible>
                <fadetime>600</fadetime>
                <animation effect="fade" time="600">Visible</animation>
                <animation effect="fade" time="600">Hidden</animation>
            </control>
        </control>
    </include>
    <include name="WeatherBackground">
        <control type="multiimage">
            <include>FullscreenDimensions</include>
            <imagepath background="true">$INFO[Skin.String(weatherfanart.path)]$INFO[Window(Weather).Property(Current.FanartCode)]$VAR[WeatherBackgroundTypeVar]</imagepath>
            <timeperimage>10000</timeperimage>
            <randomize>true</randomize>
            <fadetime>1000</fadetime>
            <animation effect="fade" time="200">WindowClose</animation>
        </control>
    </include>
    <include name="MusicFallback">
        <item>
            
            <thumb>$INFO[Skin.String(Music.Fallback)]</thumb>
        </item>
    </include>
    <include name="SystemFallback">
		<item>
			<thumb>$VAR[SystemBackgroundVar]</thumb>
		</item>
	</include>
    <include name="LiveTVFallback">
        <item>
            
            <thumb>$INFO[Skin.String(LiveTV.Fallback)]</thumb>
        </item>
    </include>
    <include name="PicturesFallback">
        <item>
            
            <thumb>$INFO[Skin.String(Pictures.Fallback)]</thumb>
        </item>
    </include>
    <include name="AppsFallback">
        <item>
            
            <thumb>$INFO[Skin.String(Apps.Fallback)]</thumb>
        </item>
    </include>
    <include name="GamesFallback">
        <item>
            
            <thumb>$INFO[Skin.String(Games.Fallback)]</thumb>
        </item>
    </include>
    <include name="VideoFallback">
        <item>
            
            <thumb>$INFO[Skin.String(Movies.Fallback)]</thumb>
            <visible>Container.Content(movies)</visible>
        </item>
        <item>
            
            <thumb>$INFO[Skin.String(TVShows.Fallback)]</thumb>
            <visible>Container.Content(tvshows) | Container.Content(seasons) | Container.Content(episodes)</visible>
        </item>
        <item>
            
            <thumb>$INFO[Skin.String(MusicVideos.Fallback)]</thumb>
            <visible>Container.Content(musicvideos)</visible>
        </item>
        <item>
            
            <thumb>$INFO[Skin.String(Videos.Fallback)]</thumb>
            <visible>![Container.Content(tvshows) | Container.Content(seasons) | Container.Content(episodes) | Container.Content(movies)]</visible>
        </item>
    </include>
    <include name="GlobalSearchBG">
        <control type="image">
            <texture background="true" fallback="backgrounds/default_bg.jpg">$INFO[Container(111).ListItem.Property(Fanart)]</texture>
            <aspectratio>scale</aspectratio>
            <fadetime>600</fadetime>
            <visible>Control.HasFocus(111)</visible>
            <animation effect="fade" time="600">Visible</animation>
            <animation effect="fade" time="600">Hidden</animation>
            <animation effect="fade" time="200">WindowClose</animation>
        </control>
        <control type="image">
            <texture background="true" fallback="backgrounds/default_bg.jpg">$INFO[Container(121).ListItem.Property(Fanart)]</texture>
            <aspectratio>scale</aspectratio>
            <fadetime>600</fadetime>
            <visible>Control.HasFocus(121)</visible>
            <animation effect="fade" time="600">Visible</animation>
            <animation effect="fade" time="600">Hidden</animation>
            <animation effect="fade" time="200">WindowClose</animation>
        </control>
        <control type="image">
            <texture background="true" fallback="backgrounds/default_bg.jpg">$INFO[Container(131).ListItem.Property(Fanart)]</texture>
            <aspectratio>scale</aspectratio>
            <fadetime>600</fadetime>
            <visible>Control.HasFocus(131)</visible>
            <animation effect="fade" time="600">Visible</animation>
            <animation effect="fade" time="600">Hidden</animation>
            <animation effect="fade" time="200">WindowClose</animation>
        </control>
        <control type="image">
            <texture background="true" fallback="backgrounds/default_bg.jpg">$INFO[Container(141).ListItem.Property(Fanart)]</texture>
            <aspectratio>scale</aspectratio>
            <fadetime>600</fadetime>
            <visible>Control.HasFocus(141)</visible>
            <animation effect="fade" time="600">Visible</animation>
            <animation effect="fade" time="600">Hidden</animation>
            <animation effect="fade" time="200">WindowClose</animation>
        </control>
        <control type="image">
            <texture background="true" fallback="backgrounds/default_bg.jpg">$INFO[Container(151).ListItem.Property(Fanart)]</texture>
            <aspectratio>scale</aspectratio>
            <fadetime>600</fadetime>
            <visible>Control.HasFocus(151)</visible>
            <animation effect="fade" time="600">Visible</animation>
            <animation effect="fade" time="600">Hidden</animation>
            <animation effect="fade" time="200">WindowClose</animation>
        </control>
        <control type="image">
            <texture background="true" fallback="backgrounds/default_bg.jpg">$INFO[Container(161).ListItem.Property(Fanart)]</texture>
            <aspectratio>scale</aspectratio>
            <fadetime>600</fadetime>
            <visible>Control.HasFocus(161)</visible>
            <animation effect="fade" time="600">Visible</animation>
            <animation effect="fade" time="600">Hidden</animation>
            <animation effect="fade" time="200">WindowClose</animation>
        </control>
        <control type="image">
            <texture background="true" fallback="backgrounds/default_bg.jpg">$INFO[Container(171).ListItem.Property(Fanart)]</texture>
            <aspectratio>scale</aspectratio>
            <fadetime>600</fadetime>
            <visible>Control.HasFocus(171)</visible>
            <animation effect="fade" time="600">Visible</animation>
            <animation effect="fade" time="600">Hidden</animation>
            <animation effect="fade" time="200">WindowClose</animation>
        </control>
        <control type="image">
            <texture background="true" fallback="backgrounds/default_bg.jpg">$INFO[Container(181).ListItem.Property(Fanart)]</texture>
            <aspectratio>scale</aspectratio>
            <fadetime>600</fadetime>
            <visible>Control.HasFocus(181)</visible>
            <animation effect="fade" time="600">Visible</animation>
            <animation effect="fade" time="600">Hidden</animation>
            <animation effect="fade" time="200">WindowClose</animation>
        </control>
        <control type="image">
            <texture background="true" fallback="backgrounds/default_bg.jpg">$INFO[Container(211).ListItem.Property(Fanart)]</texture>
            <aspectratio>scale</aspectratio>
            <fadetime>600</fadetime>
            <visible>Control.HasFocus(211)</visible>
            <animation effect="fade" time="600">Visible</animation>
            <animation effect="fade" time="600">Hidden</animation>
            <animation effect="fade" time="200">WindowClose</animation>
        </control>
        <control type="image">
            <texture background="true" fallback="backgrounds/default_bg.jpg">$INFO[Container(221).ListItem.Property(Fanart)]</texture>
            <aspectratio>scale</aspectratio>
            <fadetime>600</fadetime>
            <visible>Control.HasFocus(221)</visible>
            <animation effect="fade" time="600">Visible</animation>
            <animation effect="fade" time="600">Hidden</animation>
            <animation effect="fade" time="200">WindowClose</animation>
        </control>
        <control type="image">
            <texture background="true" fallback="backgrounds/default_bg.jpg">$INFO[Container(231).ListItem.Property(Fanart)]</texture>
            <aspectratio>scale</aspectratio>
            <fadetime>600</fadetime>
            <visible>Control.HasFocus(231)</visible>
            <animation effect="fade" time="600">Visible</animation>
            <animation effect="fade" time="600">Hidden</animation>
            <animation effect="fade" time="200">WindowClose</animation>
        </control>
    </include>
    <include name="LibreELECBG">
        <control type="image">
            <texture background="true">special://skin/backgrounds/le_bg.jpg</texture>
            <aspectratio>scale</aspectratio>
            <fadetime>600</fadetime>
            <animation effect="fade" time="600">Visible</animation>
            <animation effect="fade" time="600">Hidden</animation>
            <animation effect="fade" time="200">WindowClose</animation>
        </control>
    </include>
	<include name="CoreELECBG">
        <control type="image">
            <texture background="true">special://skin/backgrounds/ce_bg.jpg</texture>
            <aspectratio>scale</aspectratio>
            <fadetime>600</fadetime>
            <animation effect="fade" time="600">Visible</animation>
            <animation effect="fade" time="600">Hidden</animation>
            <animation effect="fade" time="200">WindowClose</animation>
        </control>
    </include>
</includes>