<?xml version="1.0" encoding="UTF-8"?>
<window>
    <defaultcontrol always="true">50</defaultcontrol>
    <allowoverlay>true</allowoverlay>
    <views>50,51,52,53,55,56,57,58,59,500,501,503,510</views>
    <menucontrol>9051</menucontrol>
	<onload>SetProperty(Window.HasSettings,True,home)</onload>
	<!-- Roura debug ON Aeon Miro Nox -->
	<!-- <onload>SetProperty(enabledebug,"1",home)</onload> -->
	<!-- Roura debug OFF Aeon Miro Nox -->
	<!-- <onload>ClearProperty(enabledebug,home)</onload> -->
    <onload>ClearProperty(MediaMenu,Home)</onload>
	<onload>Skin.SetBool(SkinHelper.EnableExtraFanart)</onload>
	<onload condition="!Skin.HasSetting(coloredflags)">SetProperty(Overlay.Path,overlays/showcase/1/,home)</onload>
	<onload condition="Skin.HasSetting(coloredflags)">SetProperty(Overlay.Path,overlays/showcase/4/,home)</onload>
	<!--- TELEX --->
	<onload condition="String.IsEmpty(Skin.String(ThemeVolume))">Skin.setString(ThemeVolume,75)</onload>
	<!---- ----->
	
    <onunload>ClearProperty(Window.HasSettings,Home)</onunload>
    <onload condition="System.HasAddon(script.tv.show.next.aired) + !Skin.HasSetting(Disable.NextAired)">RunScript(script.tv.show.next.aired,backend=True)</onload>
    <controls>
        <!-- MikeBZH44 : Add Shift view -->
        <control type="label" id="4420">
            <label>$VAR[VideoInfoPanelVar]</label>
            <include>HiddenObject</include>
            <visible>Control.IsVisible(52) | Control.IsVisible(53) | Control.IsVisible(57)</visible>
            <include condition="!String.IsEmpty(Skin.String(InfoPanel.Delay))">InfoPanelDelayAnimation</include>
        </control>
		<!-- MikeBZH44 : Add hidden discart to control case opening -->
        <control type="label" id="4422">
            <label>$INFO[ListItem(0).Art(discart)]</label>
            <include>HiddenObject</include>
        </control>
		<control type="label" id="4444">
			<description>ShowCase Open Case Movies</description>
			<label>$LOCALIZE[31969]</label>
			<include>HiddenObject</include>
			<include condition="!String.IsEmpty(Skin.String(Showcase.Delay))">ShowCaseDelayAnimation</include>
			<animation effect="fade" end="100" time="120" delay="1600">WindowOpen</animation>
			<animation effect="fade" end="100" time="120" delay="1600">Visible</animation>
			<visible>[ Control.IsVisible(53) | Control.IsVisible(57)] + Skin.HasSetting(showcasemod) + !Container.Content(genres) + [Container.Content(movies) | Container.Content(sets)] + !ListItem.IsCollection</visible>
		</control>
		<control type="label" id="4445">
			<description>ShowCase Boxset Mod</description>
			<label>$LOCALIZE[31968]</label>
			<include>HiddenObject</include>
			<include condition="!String.IsEmpty(Skin.String(Showcase.Delay))">ShowCaseDelayAnimation</include>
			<animation effect="fade" end="100" time="120" delay="1600">WindowOpen</animation>
			<animation effect="fade" end="100" time="120" delay="1600">Visible</animation>
			<visible>[ Control.IsVisible(53) | Control.IsVisible(57)] + Skin.HasSetting(boxsetmod) + ListItem.IsCollection + !Container.Content(genres) + Skin.HasSetting(showcasemod)</visible>
		</control>
		
		<control type="label" id="4446">
			<description>ShowCase Open Case Sets</description>
			<label>$LOCALIZE[31969]</label>
			<include>HiddenObject</include>
			<include condition="!String.IsEmpty(Skin.String(Showcase.Delay))">ShowCaseDelayAnimation</include>
			<animation effect="fade" end="100" time="120" delay="1600">WindowOpen</animation>
			<animation effect="fade" end="100" time="120" delay="1600">Visible</animation>
			<visible>Control.IsVisible(53) + Skin.HasSetting(showcasemod) + !Skin.HasSetting(boxsetmod) + !Container.Content(genres) + [Container.Content(movies) | Container.Content(sets)] + ListItem.IsCollection</visible>
		</control>
		<!-- ROURA97311 ShowCase Cdart when Case Sets is close-->
		<control type="label" id="4448">
			<description>ShowCase Cdart close Case Sets</description>
			<label>$LOCALIZE[31969]</label>
			<include>HiddenObject</include>
			<include>CdDelayAnimationBOTTOM</include>
			<animation effect="fade" end="100" time="120" delay="700">WindowOpen</animation>
			<animation effect="fade" end="100" time="120" delay="700">Visible</animation>
			<visible>Control.IsVisible(53) + !Skin.HasSetting(boxsetmod) + !Container.Content(genres) + [Container.Content(movies) | Container.Content(sets) | ListItem.IsCollection] + Skin.HasSetting(CdartNoShowCaseSetCases)</visible>
		</control>
		<include>CommonBackground</include>
		<control type="group">
		
			<visible>Control.IsVisible(52) | Control.IsVisible(53) | Control.IsVisible(57) | Control.IsVisible(601)</visible>
			<top>-30</top>
			<!-- <include>InfoPanel</include> -->
		</control>
		
        <control type="fadelabel" id="4410">
            <top>-100</top>
            <width>2560</width>
            <height>100</height>
            <scrollspeed>20</scrollspeed>
            <scrollout>false</scrollout>
            <pauseatend>7000</pauseatend>
            <font>font10</font>
            <textcolor>white</textcolor>
            <randomize>true</randomize>
            <label>$INFO[ListItem.Art(extrafanart1)]</label>
            <label>$INFO[ListItem.Art(extrafanart2)]</label>
            <label>$INFO[ListItem.Art(extrafanart3)]</label>
            <label>$INFO[ListItem.Art(extrafanart4)]</label>
            <label>$INFO[ListItem.Art(extrafanart5)]</label>
            <label>$INFO[ListItem.Art(extrafanart6)]</label>
            <label>$INFO[ListItem.Art(extrafanart7)]</label>
            <label>$INFO[ListItem.Art(extrafanart8)]</label>
            <label>$INFO[ListItem.Art(extrafanart9)]</label>
            <label>$INFO[ListItem.Art(extrafanart10)]</label>
        </control>
		
        <control type="group">
            <!--MikeBZH44 : Add animation to get full screen fanart -->
            <animation effect="slide" end="0,1450" time="560" tween="quadratic" condition="Control.HasFocus(109)">Conditional</animation>
            <visible>Control.IsVisible(52) | Control.IsVisible(53) | Control.IsVisible(57)</visible>
            <top>-50</top>
            <include>ShowCaseInfoPanel</include>
		</control>
		<control type="group">
            <!--ROURA97311 Move infoPanel for 57 Shift -->
            <animation effect="slide" end="0,1450" time="560" tween="quadratic" condition="Control.HasFocus(109)">Conditional</animation>
            <!-- MikeBZH44 : Add View 57 Shift -->
            <visible>Control.IsVisible(57)</visible>
            <top>20</top>
            <include>ShowCaseInfoPanel</include>
		</control>
        <control type="group">
            <!--MikeBZH44 : Add animation to get full screen fanart -->
            <animation effect="slide" end="0,1450" time="720" tween="quadratic" condition="Control.HasFocus(109)">Conditional</animation>
            <animation effect="slide" tween="cubic" time="720" start="0,1450" end="0,0">WindowOpen</animation>
            <animation effect="slide" tween="cubic" time="720" end="0,1450" start="0,0">WindowClose</animation>
            <include condition="!Skin.HasSetting(Enable.SlimList)">VideoList</include>
            <include condition="Skin.HasSetting(Enable.SlimList)">SlimVideoList</include>
            <!-- view id = 50 -->
            <include>VideoInfoWall</include>
            <!-- view id = 51 -->
            <include>View_52_Landscape</include>
            <!-- view id = 52 -->
            <include>View_53_ShowCase</include>
            <!-- view id = 53 -->
            <include>VideoTriPanel</include>
            <!-- view id = 55 -->
            <include>Video_56_Posters</include>
            <!-- view id = 56 -->
           <!--  <include>PosterShift</include> -->
            <!-- view id = 57 -->
            <include>BannerWall</include>
            <!-- view id = 58 -->
            <include>View_59_Logo</include>
            <!-- view id = 59 -->
            <include>VideoWall</include>
            <!-- view id = 500 -->
            <include>VideoLowList</include>
            <!-- view id = 501 -->
            <include>View_503_Wall</include>
            <!-- view id = 503 -->
            <include>Video_510_BigList</include>
            <!-- view id = 510 -->
        </control>
		     <!-- MikeBZH44 ROURA97311 end -->
        <control type="group">
            <!--MikeBZH44 : Add animation to get full screen fanart -->
            <animation effect="slide" end="0,1080" time="560" tween="quadratic" condition="Control.HasFocus(109)">Conditional</animation>
            <visible>Control.IsVisible(50) | Control.IsVisible(52) | Control.IsVisible(53) | Control.IsVisible(500) | Control.IsVisible(55) | Control.IsVisible(56) | Control.IsVisible(57) | Control.IsVisible(58) | Control.IsVisible(59)</visible>
            <visible>!Window.IsActive(addoninformation)</visible>
            <depth>MaxDepth</depth>
            <animation effect="slide" tween="cubic" time="720" start="0,806" end="0,0">VisibleChange</animation>
            <include>WindowOpenCloseAnimation</include>
			
            <top>-30</top>
            <control type="group">
                <visible>Control.IsVisible(50) | Control.IsVisible(52) | Control.IsVisible(53) | Control.IsVisible(59)</visible>
                <animation effect="slide" tween="cubic" time="720" start="0,806" end="0,0">VisibleChange</animation>
                <control type="grouplist">
                    <left>300</left>
                    <!-- ROURA97311 TITLE MOVIES ON THE TOP -->
					<top>70</top>
                    <width>1320</width>
                    <height>42</height>
                    <align>center</align>
                    <itemgap>18</itemgap>
                    <orientation>horizontal</orientation>
                    <!-- MikeBZH44 : Add condition for visibility -->
                    <visible>[ !Skin.HasSetting(HideFloorLabel) +   ![Container.Content(tvshows) | Container.Content(seasons)]] + !Control.IsVisible(59) + Control.IsVisible(53) + [!Skin.HasSetting(DisplayLogo) + String.IsEqual(Control.GetLabel(8822),empty.png) | !Skin.HasSetting(DisplayLogo)]</visible>
                    <control type="label">
                        <width>auto</width>
                        <height>48</height>
                        <align>center</align>
                        <font>font16_title_bold</font>
                        <scroll>true</scroll>
                        <label>$VAR[FloorLabelVar]</label>
						
                    </control>
					
                    <control type="image">
                        <width>42</width>
                        <height>46.5</height>
                        <aspectratio>keep</aspectratio>
                        <texture>$VAR[UnFocusHDIndicator]</texture>
                        <visible>!String.IsEmpty(ListItem.VideoResolution)</visible>
                    </control>
                </control>
				<control type="group">
                    <left>300</left>
                     <!-- ROURA97311 Display GENRE ON THE TOP -->
					<top>75</top>
                    <!-- MikeBZH44 : Add condition for visibility -->
                    <visible>!Skin.HasSetting(HideFloorLabel) + [!Skin.HasSetting(DisplayLogo) + String.IsEqual(Control.GetLabel(8822),empty.png) | !Skin.HasSetting(DisplayLogo) ]  </visible>
                    <animation effect="slide" start="0" end="0,-16" time="720" tween="cubic" easing="inout" condition="Control.IsVisible(59)">Conditional</animation>
				</control>
				<!-- Roura97311 TEST DUREE FILM OU SAGAS EN VUE LISTE -->
					<control type="label">
                        <left>1350</left>
                        <top>980</top>
                        <align>center</align>
                        <font>font14</font>
                        <label>$VAR[InfoPanelLabel444Var] $VAR[InfoPanelLabel55Var]</label>
						<visible>Skin.HasSetting(RunTimeFormat) + !String.IsEmpty(ListItem.Title) + Control.IsVisible(50)</visible>
                    </control>
					<control type="label">
                        <left>1350</left>
                        <top>980</top>
                        <align>center</align>
                        <font>font14</font>
                        <label>$VAR[InfoPanelLabel444Var] $VAR[InfoPanelLabel55Var]</label>
						<visible>!Skin.HasSetting(RunTimeFormat) + !String.IsEmpty(ListItem.Title) + Control.IsVisible(50)</visible>
                    </control>
					
                <!-- MikeBZH44 : ROURA97311 Add logo On the TOP Of Sreen -->
                <control type="group">
                    <animation effect="fade" delay="0" time="240" reversible="false">Hidden</animation>
                    <animation effect="fade" delay="0" end="100" time="240" condition="!String.IsEqual(Control.GetLabel(8822),empty.png)">Conditional</animation>
                    <control type="image" id="8822">
                        <left>810</left>
                        <top>75</top>
                        <width>300</width>
                        <height>105</height>
                        <aspectratio>keep</aspectratio>
                        <texture background="true" fallback="empty.png">$INFO[ListItem.Art(clearlogo)]</texture>
                        <visible>Skin.HasSetting(DisplayLogo) + String.IsEmpty(Control.GetLabel(4420)) + !Control.IsVisible(58) </visible>
                    </control>
					<!-- ROURA97311 test extrafanart -->
					<control type="label" >
                        <left>010</left>
                        <top>295</top>
						<font>font6_title</font>
                        <width>auto</width>
                        <height>105</height>
						<label>$INFO[Window(Home).Property(SkinHelper.ListItem.Art.FanArt.1)]</label>
                        </control>
						
                </control>
                <!-- MikeBZH44 ROURA97311 end -->
				<!-- MikeBZH44 : ROURA97311 Add Banner On the TOP Of Sreen for SERIE-->
                <control type="group">
					
                    <animation effect="slide" end="0,1080" time="560" tween="quadratic" condition="Control.HasFocus(109)">Conditional</animation>
                    <!-- <animation effect="fade" delay="0" end="100" time="400" condition="!String.IsEqual(Control.GetLabel(8825),empty.png)">Conditional</animation> -->
					<control type="image">
					<description>background image</description>
					<left>510</left>
					<top>070</top>
					<width>920</width>
					<height>200</height>
					<texture border="50" >dialogs/default/bg.png</texture>
					<visible>!String.IsEmpty(ListItem.Art(banner))</visible>
					</control>
                    <control type="image" id="8825">
                        <left>530</left>
						<top>070</top>
                        <width>880</width>
                        <height>200</height>
						<aspectratio>keep</aspectratio>
						<texture background="true" fallback="empty.png">$INFO[ListItem.Art(banner)]</texture>
					</control>
					<!-- <onfocus>PlayMedia($ESCINFO[ListItem.Path]$VAR[ThemeMusical])</onfocus> -->
					<visible>Skin.HasSetting(DisplayBan) + String.IsEmpty(Control.GetLabel(4420)) + Control.IsVisible(53) + [Container.Content(tvshows) | Container.Content(seasons) | Container.Content(Episodes)]</visible>
				</control>
		<control type="group">
                    <top>1010</top>
                    <width>100%</width>
					
                    <visible>[Container.Content(movies) | Container.Content(tvshows) | Container.Content(seasons) | Container.Content(episodes)] + !Control.IsVisible(50) + !Control.IsVisible(59) + !String.IsEqual(Control.GetLabel(4420),3)</visible>
                    <!-- ROURA97311 studio flag -->
                    <control type="image" id="800019">
						<visible>Skin.HasSetting(ShowStudioLogo)</visible>
                        <left>120</left>
                        <include>MediaFlagVars</include>
						<texture>$VAR[StudioIconVar2]</texture>
                    </control>
					<control type="image" id="800021">
						<visible>Skin.HasSetting(ShowStudioLogo)</visible>
                        <left>120</left>
                        <include>MediaFlagVars</include>
						<texture>$VAR[StudioIconVar]</texture>
						<visible>String.IsEmpty(Control.GetLabel(800019))</visible>
                    </control>
					<!-- Roura97311 : Add Studio text info and not Flag end -->
						<control type="label">
							<left>30</left>
							<width>198</width>
							<height>90</height>
							<align>center</align>
							<label>$INFO[ListItem.Studio]</label>
							<font>font10</font>
							<textcolor>white</textcolor>
							<wrapmultiline>true</wrapmultiline>
							<visible>String.IsEmpty(Control.GetLabel(800019)) + String.IsEmpty(Control.GetLabel(800021)) |!Skin.HasSetting(ShowStudioLogo)</visible>
						</control>
                    <!-- MikeBZH44 : Add Audio codec flag -->
                    <control type="image">
                        <left>290</left>
                        <include>MediaFlagVars</include>
                        <texture>$VAR[MediaFlagsPathVar]/audiocodec/$INFO[ListItem.AudioCodec,,.png]</texture>
						<visible>!String.IsEmpty(ListItem.AudioCodec)</visible>
                    </control>
                    <!-- MikeBZH44 : Add Audio channels flag -->
                    <control type="image">
                        <left>440</left>
                        <include>MediaFlagVars</include>
                        <texture>$VAR[AudioChannelPath]</texture>
                        <visible>!String.IsEmpty(ListItem.AudioChannels)</visible>
                    </control>
                    <!-- MikeBZH44 : Add Audio language country flags -->
                    <control type="group">
                        <left>565</left>
                        <control type="grouplist">
                            <animation effect="fade" start="100" end="85" time="0" condition="true">Conditional</animation>
                            <orientation>vertical</orientation>
                            <top>15</top>
                            <control type="image">
                                <width>26</width>
                                <height>22</height>
                                <aspectratio>scale</aspectratio>
                                <texture>$INFO[ListItem.Property(AudioLanguage.1),flags/language/,.png]</texture>
                                <fadetime>400</fadetime>
                            </control>
                            <control type="image">
                                <width>26</width>
                                <height>22</height>
                                <aspectratio>scale</aspectratio>
                                <texture>$INFO[ListItem.Property(AudioLanguage.2),flags/language/,.png]</texture>
                                <fadetime>400</fadetime>
                            </control>
                            <control type="image">
                                <width>26</width>
                                <height>22</height>
                                <aspectratio>scale</aspectratio>
                                <texture>$INFO[ListItem.Property(AudioLanguage.3),flags/language/,.png]</texture>
                                <fadetime>400</fadetime>
                            </control>
                        </control>
                    </control>
                    <!-- MikeBZH44 : Add Audio subtitles flag -->
                    <control type="image">
                        <left>600</left>
                        <include>MediaFlagVars</include>
                        <texture>flags/subtitles/subtitles.png</texture>
                        <visible>!String.IsEmpty(ListItem.Property(SubtitleLanguage.1))</visible>
                    </control>
                    <!-- MikeBZH44 : Add Audio subtitles country flags -->
                    <control type="group">
                        <left>715</left>
                        <control type="grouplist">
                            <animation effect="fade" start="100" end="85" time="0" condition="true">Conditional</animation>
                            <orientation>vertical</orientation>
                            <top>15</top>
                            <control type="image">
                                <width>26</width>
                                <height>22</height>
                                <aspectratio>scale</aspectratio>
                                <texture>$INFO[ListItem.Property(SubtitleLanguage.1),flags/language/,.png]</texture>
                                <fadetime>400</fadetime>
                            </control>
                            <control type="image">
                                <width>26</width>
                                <height>22</height>
                                <aspectratio>scale</aspectratio>
                                <texture>$INFO[ListItem.Property(SubtitleLanguage.2),flags/language/,.png]</texture>
                                <fadetime>400</fadetime>
                            </control>
                            <control type="image">
                                <width>26</width>
                                <height>22</height>
                                <aspectratio>scale</aspectratio>
                                <texture>$INFO[ListItem.Property(SubtitleLanguage.3),flags/language/,.png]</texture>
                                <fadetime>400</fadetime>
                            </control>
                        </control>
                    </control>
					<!-- Roura97311 : Add Video resolution -->
                    <control type="image">
							<left>1150</left>
							<colordiffuse>white</colordiffuse>
							<include>MediaFlagVars</include>
							<texture>$VAR[MediaFlagsPathVar]/resolution/$INFO[ListItem.VideoResolution,,.png]</texture>
							<visible>!String.IsEmpty(ListItem.VideoResolution)</visible>
					</control>
					<!-- Roura97311 : Add HDR -->
					<control type="image">
						<width>70</width>
                        <left>1265</left>
						<top>-17</top>
                        <include>MediaFlagVars</include>
                        <texture>$VAR[MediaFlagsPathVar]/hdr/$VAR[SourceFlagVar2,,.png]</texture>
                    </control>
						<!-- MikeBZH44 : Add Video codec flag -->
                    <control type="image">
                        <left>1325</left>
                        <include>MediaFlagVars</include>
                        <texture>$VAR[MediaFlagsPathVar]/videocodec/$VAR[SourceFlagVar,,.png]</texture>
                    </control>
					 
					<control type="group">
						<top>0</top>
					<control type="image">
                        <left>1470</left>
                        <include>MediaFlagVars</include>
                        <texture>$VAR[MediaFlagsPathVar]/videocodec/$INFO[ListItem.StereoscopicMode,,.png]</texture>
						<visible>!String.Contains(ListItem.StereoscopicMode,mono)</visible>
                    </control>
					</control>
                    <!-- MikeBZH44 : Add Aspect ratio flag -->
                    <control type="image">
                        <left>1625</left>
                        <include>MediaFlagVars</include>
                        <texture>$VAR[MediaFlagsPathVar]/aspectratio/$INFO[ListItem.VideoAspect,,.png]</texture>
                    </control>
                     <!-- MikeBZH44 : Remove rating flag-->
                    <control type="image">
						<top>-5</top>
                        <left>1770</left>
                       <colordiffuse>white</colordiffuse>
						<include>MediaFlagVars</include>
						<texture>$VAR[RatingFlagVar]</texture>
						<!-- <visible>!String.IsEmpty(ListItem.Studio)</visible> -->
                    </control>
        </control>
				<!-- VUE LISTE -->
<control type="group">
        <left>0</left>
        <top>1010</top>
        <right>0</right>
		<visible>[Container.Content(movies) | Container.Content(tvshows) | Container.Content(seasons) | Container.Content(episodes)] + Control.IsVisible(50) + !Control.IsVisible(59) + !String.IsEqual(Control.GetLabel(4420),3)</visible>
        <control type="grouplist">
          <right>0</right>
          <height>90</height>
          <orientation>horizontal</orientation>
          <visible>!ControlGroup(9001).HasFocus</visible>
          <include>SettingsFadeAnimation</include>

          
		  
          <!-- ROURA97311 studio flag -->
		  <control type="group">
                <width>202</width>
                <control type="image" id="800022">
                  <colordiffuse>white</colordiffuse>
                  <width>198</width>
                  <include>MediaFlagVars</include>
                  <bordersize>2</bordersize>
                  <texture>$VAR[StudioIconVar2]</texture>
                </control>
                <control type="image" id="800025">
                  <colordiffuse>white</colordiffuse>
                  <width>198</width>
                  <include>MediaFlagVars</include>
                  <bordersize>2</bordersize>
                  <texture>$VAR[StudioIconVar]</texture>
                  <visible>String.IsEmpty(Control.GetLabel(800022))</visible>
                </control>
                <control type="label">
                  <width>190</width>
                  <height>90</height>
                  <align>center</align>
                  <label>$INFO[ListItem.Studio]</label>
                  <font>font10</font>
                  <textcolor>white</textcolor>
                  <wrapmultiline>true</wrapmultiline>
                  <visible>String.IsEmpty(Control.GetLabel(800022)) + String.IsEmpty(Control.GetLabel(800025))</visible>
                </control>
              </control>
          <control type="image">
            <width>150</width>
            <colordiffuse>white</colordiffuse>
            <include>MediaFlagVars</include>
            <texture>$VAR[MediaFlagsPathVar]/audiocodec/$INFO[ListItem.AudioCodec,,.png]</texture>
            <visible>!String.IsEmpty(ListItem.AudioCodec)</visible>
          </control>
          
          <control type="image">
            <width>140</width>
            <colordiffuse>white</colordiffuse>
            <include>MediaFlagVars</include>
            <texture>$VAR[AudioChannelPath]</texture>
            <visible>!String.IsEmpty(ListItem.AudioChannels)</visible>
          </control>
          <!-- MikeBZH44 : Add Audio language country flags -->
          <control type="group">
            <align>left</align>
            <width>25</width>
            <control type="grouplist">
              <orientation>vertical</orientation>
              <top>15</top>
              <control type="image">
                <width>26</width>
                <height>22</height>
                <aspectratio>scale</aspectratio>
                <texture>$INFO[ListItem.Property(AudioLanguage.1),flags/language/,.png]</texture>
              </control>
              <control type="image">
                <width>26</width>
                <height>22</height>
                <aspectratio>scale</aspectratio>
                <texture>$INFO[ListItem.Property(AudioLanguage.2),flags/language/,.png]</texture>
              </control>
              <control type="image">
                <width>26</width>
                <height>22</height>
                <aspectratio>scale</aspectratio>
                <texture>$INFO[ListItem.Property(AudioLanguage.3),flags/language/,.png]</texture>
              </control>
            </control>
          </control>
          <!-- <control type="label">
            <width>50</width>

            <include>MediaFlagVars</include>
            <visible>!String.IsEmpty(ListItem.Property(SubtitleLanguage.1))</visible>
          </control> -->
          <!-- MikeBZH44 : Add Audio subtitles flag -->
          <control type="image">
            <width>100</width>
            <align>right</align>
            <include>MediaFlagVars</include>
            <texture>flags/subtitles/subtitles.png</texture>
            <visible>!String.IsEmpty(ListItem.Property(SubtitleLanguage.1))</visible>
          </control>
          <!-- MikeBZH44 : Add Audio subtitles country flags -->
          <control type="group">
            <width>45</width>
            <control type="grouplist">
              <orientation>vertical</orientation>
              <top>15</top>
              <control type="image">
                <width>26</width>
                <height>22</height>
                <aspectratio>scale</aspectratio>
                <texture>$INFO[ListItem.Property(SubtitleLanguage.1),flags/language/,.png]</texture>
              </control>
              <control type="image">
                <width>26</width>
                <height>22</height>
                <aspectratio>scale</aspectratio>
                <texture>$INFO[ListItem.Property(SubtitleLanguage.2),flags/language/,.png]</texture>
              </control>
              <control type="image">
                <width>26</width>
                <height>22</height>
                <aspectratio>scale</aspectratio>
                <texture>$INFO[ListItem.Property(SubtitleLanguage.3),flags/language/,.png]</texture>
              </control>
            </control>
            <visible>!String.IsEmpty(ListItem.Property(SubtitleLanguage.1))</visible>
          </control>
         <!--  <control type="group">
            <visible>String.IsEqual(ListItem.DBType,tvshow) + !String.IsEmpty(ListItem.Property(UnWatchedEpisodes))</visible>
            <width>200</width>
            <control type="label">
              <top>2</top>
              <width>200</width>
              <height>60</height>
              <align>center</align>
              <label>$INFO[ListItem.Property(UnWatchedEpisodes)]</label>
              <font>font48_bold</font>
              <wrapmultiline>true</wrapmultiline>
              <textcolor>white</textcolor>
            </control>
            <control type="label">
              <top>52</top>
              <width>200</width>
              <height>30</height>
              <align>center</align>
              <label>[LOWERCASE]$LOCALIZE[16101][/LOWERCASE]</label>
              <font>font12</font>
              <textcolor>white</textcolor>
            </control>
          </control> -->

		<control type="image">
            <width>175</width>
            <colordiffuse>white</colordiffuse>
            <include>MediaFlagVars</include>
            <texture>$VAR[MediaFlagsPathVar]/resolution/$INFO[ListItem.VideoResolution,,.png]</texture>
            <visible>!String.IsEmpty(ListItem.VideoResolution)</visible>
		</control>
		<!-- ROURA97311 : HDR -->
		<control type="group">
		  <control type="image">
			<top>-15</top>
             <width>70</width>
			 <left>-44</left>
			 <align>left</align>
             <!-- <height>22</height> -->
            <colordiffuse>white</colordiffuse>
            <include>MediaFlagVars</include>
            <texture>$VAR[MediaFlagsPathVar]/hdr/$VAR[SourceFlagVar2,,.png]</texture>
			<visible>!ControlGroup(9001).HasFocus</visible>
          </control>
		</control>
          <control type="image">
            <width>160</width>
            <colordiffuse>white</colordiffuse>
            <include>MediaFlagVars</include>
            <texture>$VAR[MediaFlagsPathVar]/videocodec/$VAR[SourceFlagVar,,.png]</texture>
          </control>
		  <control type="image">
                <width>160</width>
                <include>MediaFlagVars</include>
                <texture>$VAR[MediaFlagsPathVar]/videocodec/$INFO[ListItem.StereoscopicMode,,.png]</texture>
				<visible>!String.Contains(ListItem.StereoscopicMode,mono)</visible>
            </control>
          <control type="image">
            <width>160</width>
            <colordiffuse>white</colordiffuse>
            <include>MediaFlagVars</include>
            <texture>$VAR[MediaFlagsPathVar]/aspectratio/$INFO[ListItem.VideoAspect,,.png]</texture>
          </control>

          <control type="image">
            <width>198</width>
            <colordiffuse>white</colordiffuse>
            <include>MediaFlagVars</include>
            <texture>$VAR[RatingFlagVar]</texture>
            <visible>!String.IsEmpty(ListItem.SubtitleLanguage)</visible>
          </control>
        </control>
    </control>
		
		
		
		
			
            </control>
            <control type="group">
                <visible>Control.IsVisible(500) | Control.IsVisible(55) | Control.IsVisible(56) | Control.IsVisible(57)</visible>
                <animation effect="slide" start="0" end="40" time="720" tween="cubic" easing="inout" condition="Control.IsVisible(57)">Conditional</animation>
                <animation effect="slide" start="0" end="60" time="720" tween="cubic" easing="inout" condition="Control.IsVisible(55)">Conditional</animation>
                <animation effect="slide" start="0,0" end="80,15" time="720" tween="cubic" easing="inout" condition="Control.IsVisible(56)">Conditional</animation>
                <animation effect="slide" tween="cubic" time="720" start="0,806" end="0,0">VisibleChange</animation>
                <visible>[Container.Content(movies) | Container.Content(tvshows) | Container.Content(seasons) | Container.Content(episodes) | Container.Content(files) | Container.Content(musicvideos)]</visible>
                <control type="group">
                    <left>90</left>
                    <top>1010</top>
                    <!-- MikeBZH44 : Add condition for visibility -->
                    <visible>!Skin.HasSetting(HideFloorLabel) + ![Control.IsVisible(56) | Control.IsVisible(55)]</visible>
                    <include>VisibleFadeAnimation</include>
                    <control type="label">
                        <right>640</right>
                        <height>48</height>
                        <font>font16_title_bold</font>
                        <scroll>true</scroll>
                        <label>$VAR[FloorLabelVar]</label>
                        <textoffsetx>30</textoffsetx>
                    </control>
                    <control type="label">
                        <top>45</top>
                        <right>640</right>
                        <height>30</height>
                        <font>font13_title</font>
                        <label>$VAR[FloorSubLabelVar]</label>
                        <textoffsetx>30</textoffsetx>
                    </control>
                </control>
                <control type="group">
                    <right>-80</right>
                    <top>1000</top>
                    <width>535</width>
                    <height>90</height>
                    <include>VisibleFadeAnimation</include>
                    <visible>Container.Content(tvshows) | Container.Content(seasons)</visible>
                    <control type="group">
                        <left>-175</left>
                        <width>160</width>
                        <visible>!Skin.HasSetting(Disable.NextAired) + !String.IsEmpty(Window(Home).Property(NextAired.NextDate))</visible>
                        <control type="label">
                            <top>2</top>
                            <width>200</width>
                            <height>60</height>
                            <align>center</align>
                            <label>$INFO[Window(Home).Property(NextAired.NextDate)]</label>
                            <font>font16_title_bold</font>
                            <textcolor>white</textcolor>
                        </control>
                        <control type="label">
                            <top>46</top>
                            <width>200</width>
                            <height>30</height>
                            <align>center</align>
                            <label>[LOWERCASE]$LOCALIZE[31010][/LOWERCASE]</label>
                            <font>font12</font>
                            <textcolor>white</textcolor>
                        </control>
                    </control>
                    <control type="group">
                        <left>-175</left>
                        <width>160</width>
                        <visible>!Skin.HasSetting(Disable.NextAired) + String.IsEmpty(Window(Home).Property(NextAired.NextDate))</visible>
                        <control type="label">
                            <top>2</top>
                            <width>200</width>
                            <height>60</height>
                            <align>center</align>
                            <label>$INFO[Window(Home).Property(NextAired.LatestDate)]</label>
                            <font>font16_title_bold</font>
                            <textcolor>white</textcolor>
                        </control>
                        <control type="label">
                            <top>46</top>
                            <width>200</width>
                            <height>30</height>
                            <align>center</align>
                            <label>[LOWERCASE]$LOCALIZE[31011][/LOWERCASE]</label>
                            <font>font12</font>
                            <textcolor>white</textcolor>
                        </control>
                    </control>
                </control>
                <control type="group">
                    <right>450</right>
                    <top>1020</top>
                    <width>563</width>
                    <height>90</height>
                    <include>VisibleFadeAnimation</include>
                    <visible>![Container.Content(tvshows) | Container.Content(seasons)]</visible>
					<control type="image" id="800919">
						<visible>Skin.HasSetting(ShowStudioLogo)</visible>
                        <left>-200</left>
                        <width>198</width>
                        <include>MediaFlagVars</include>
                        <texture>$VAR[StudioIconVar2]</texture>
					</control>
					<control type="image" id="800920">
						<visible>Skin.HasSetting(ShowStudioLogo)</visible>
                        <left>-200</left>
                        <width>198</width>
                        <include>MediaFlagVars</include>
                        <texture>$VAR[StudioIconVar]</texture>
						<visible>String.IsEmpty(Control.GetLabel(800919))</visible>
					</control>
					<control type="label">
							<left>-200</left>
							<width>198</width>
							<height>90</height>
							<align>center</align>
							<label>$INFO[ListItem.Studio]</label>
							<font>font10</font>
							<textcolor>white</textcolor>
							<wrapmultiline>true</wrapmultiline>
							<visible>String.IsEmpty(Control.GetLabel(800919)) + String.IsEmpty(Control.GetLabel(800920)) |!Skin.HasSetting(ShowStudioLogo)</visible>
						</control>
					<control type="image">
                        <left>0</left>
                        <include>MediaFlagVars</include>
                        <texture>$VAR[MediaFlagsPathVar]/audiocodec/$INFO[ListItem.AudioCodec,,.png]</texture>
						<visible>!String.IsEmpty(ListItem.AudioCodec)</visible>
                    </control>
					<control type="image">
                        <left>130</left>
                        <include>MediaFlagVars</include>
                        <texture>$VAR[AudioChannelPath]</texture>
                        <visible>!String.IsEmpty(ListItem.AudioChannels)</visible>
                    </control>
					<control type="group">
                        <left>250</left>
                        <control type="grouplist">
                            <animation effect="fade" start="100" end="85" time="0" condition="true">Conditional</animation>
                            <orientation>vertical</orientation>
                            <top>15</top>
                            <control type="image">
                                <width>26</width>
                                <height>22</height>
                                <aspectratio>scale</aspectratio>
                                <texture>$INFO[ListItem.Property(AudioLanguage.1),flags/language/,.png]</texture>
                                <fadetime>400</fadetime>
                            </control>
                            <control type="image">
                                <width>26</width>
                                <height>22</height>
                                <aspectratio>scale</aspectratio>
                                <texture>$INFO[ListItem.Property(AudioLanguage.2),flags/language/,.png]</texture>
                                <fadetime>400</fadetime>
                            </control>
                            <control type="image">
                                <width>26</width>
                                <height>22</height>
                                <aspectratio>scale</aspectratio>
                                <texture>$INFO[ListItem.Property(AudioLanguage.3),flags/language/,.png]</texture>
                                <fadetime>400</fadetime>
                            </control>
                        </control>
                    </control>
					<control type="image">
                        <left>250</left>
                        <include>MediaFlagVars</include>
                        <texture>flags/subtitles/subtitles.png</texture>
                        <visible>!String.IsEmpty(ListItem.Property(SubtitleLanguage.1))</visible>
                    </control>
                    <!-- MikeBZH44 : Add Audio subtitles country flags -->
                    <control type="group">
                        <left>350</left>
                        <control type="grouplist">
                            <animation effect="fade" start="100" end="85" time="0" condition="true">Conditional</animation>
                            <orientation>vertical</orientation>
                            <top>15</top>
                            <control type="image">
                                <width>26</width>
                                <height>22</height>
                                <aspectratio>scale</aspectratio>
                                <texture>$INFO[ListItem.Property(SubtitleLanguage.1),flags/language/,.png]</texture>
                                <fadetime>400</fadetime>
                            </control>
                            <control type="image">
                                <width>26</width>
                                <height>22</height>
                                <aspectratio>scale</aspectratio>
                                <texture>$INFO[ListItem.Property(SubtitleLanguage.2),flags/language/,.png]</texture>
                                <fadetime>400</fadetime>
                            </control>
                            <control type="image">
                                <width>26</width>
                                <height>22</height>
                                <aspectratio>scale</aspectratio>
                                <texture>$INFO[ListItem.Property(SubtitleLanguage.3),flags/language/,.png]</texture>
                                <fadetime>400</fadetime>
                            </control>
                        </control>
                    </control>
                    <control type="image">
                        <left>380</left>
                        <include>MediaFlagVars</include>
                        <texture>$VAR[MediaFlagsPathVar]/resolution/$INFO[ListItem.VideoResolution,,.png]</texture>
                        <visible>!String.IsEmpty(ListItem.VideoResolution)</visible>
                    </control>
					<!-- Roura97311 : Add HDR -->
					<control type="image">
						<width>70</width>
                        <left>490</left>
						<top>-17</top>
                        <include>MediaFlagVars</include>
                        <texture>$VAR[MediaFlagsPathVar]/hdr/$VAR[SourceFlagVar2,,.png]</texture>
                    </control>
                    <control type="image">
                        <left>540</left>
                        <include>MediaFlagVars</include>
                        <texture>$VAR[MediaFlagsPathVar]/videocodec/$VAR[SourceFlagVar,,.png]</texture>
                        <visible>!String.IsEmpty(ListItem.VideoCodec)</visible>
                    </control>
					<control type="image">
                        <left>650</left>
                        <include>MediaFlagVars</include>
                        <texture>$VAR[MediaFlagsPathVar]/aspectratio/$INFO[ListItem.VideoAspect,,.png]</texture>
                    </control>
					<control type="image">
                        <left>770</left>
                       <colordiffuse>white</colordiffuse>
						<include>MediaFlagVars</include>
						<texture>$VAR[RatingFlagVar]</texture>
					</control>
                </control>
            </control>
			
        </control>
        <include>UpDownShadow</include>
        <include>ScrollOffsetLabel</include>
        <include>Topbar</include>
        <control type="group">
            <left>-440</left>
            <include>SideBladeLeft</include>
            <control type="grouplist" id="9050">
                <include>MediaMenuTop</include>
                <control type="button" id="6051">
                    <description>Show Info Toggle</description>
                    <textwidth>255</textwidth>
                    <include>ButtonCommonValues</include>
                    <label>$LOCALIZE[31018]</label>
                    <label2>[COLOR$VAR[ThemeLabelColor]]$VAR[InfoPanelLabelVar][/COLOR]</label2>
                    <onclick condition="Control.IsVisible(52)">$VAR[52VideoInfoPanelVar]</onclick>
                    <onclick condition="Control.IsVisible(53)">$VAR[53VideoInfoPanelVar]</onclick>
                    <!-- MikeBZH44 : Add View 57 Shift -->
                    <onclick condition="Control.IsVisible(57)">$VAR[57VideoInfoPanelVar]</onclick>
                    <onclick condition="Control.IsVisible(503)">Skin.ToggleSetting(503.InfoPanel)</onclick>
                    <visible>Control.IsVisible(52) | Control.IsVisible(53) | Control.IsVisible(57) | Control.IsVisible(503)</visible>
                </control>
				<control type="button" id="6052">
                    <description>BannerWall/List Toggle</description>
                    <textwidth>255</textwidth>
                    <include>ButtonCommonValues</include>
                    <label>$LOCALIZE[31165]</label>
                    <label2>$VAR[58.Label2Var,[COLOR labelheader],[/COLOR]]</label2>
                    <onclick>Skin.ToggleSetting(Banner.Wall)</onclick>
                    <visible>Control.IsVisible(58)</visible>
                </control>
				<control type="togglebutton" id="6053">
                    <description>LowList Toggle</description>
                    <textwidth>255</textwidth>
                    <include>ButtonCommonValues</include>
                    <label>$LOCALIZE[31093]</label>
                    <onclick>Skin.ToggleSetting(nohighlist)</onclick>
                    <onclick>ReloadSkin()</onclick>
                    <visible>Control.IsVisible(501)</visible>
                </control>
                
                <!-- MikeBZH44 : Add new option for displaying logo for only focused item -->
                <control type="radiobutton" id="6058">
                    <include>ButtonCommonValues</include>
                    <textwidth>255</textwidth>
                    <label>$LOCALIZE[31975]</label>
                    <onclick>Skin.ToggleSetting(OneLogo)</onclick>
                    <selected>Skin.HasSetting(OneLogo)</selected>
                    <visible>Control.IsVisible(59)</visible>
                </control>
                <!-- MikeBZH44 -->
                <!-- MikeBZH44 : Add new option for alternative floor -->
                <control type="radiobutton" id="6059">
                    <include>ButtonCommonValues</include>
                    <textwidth>255</textwidth>
                    <label>$LOCALIZE[31976]</label>
                    <onclick>Skin.ToggleSetting(MinimizeFloor)</onclick>
                    <selected>Skin.HasSetting(MinimizeFloor)</selected>
                    <visible>Control.IsVisible(59)</visible>
                </control>
                <!-- MikeBZH44 -->
                <control type="button" id="201">
                    <description>View options</description>
                    <textwidth>352</textwidth>
                    <font>font13_title</font>
                    <include>ButtonCommonValues</include>
                    <label>31026</label>
                    <enable>no</enable>
                    <disabledcolor>$VAR[ThemeLabelColor]</disabledcolor>
                </control>
                
                <!-- MikeBZH44 -->
                <control type="button" id="10">
                    <description>Watched Toggle</description>
                    <textwidth>255</textwidth>
                    <include>ButtonCommonValues</include>
                    <label>20367</label>
                    <label2>[COLOR$VAR[ThemeLabelColor]]$INFO[Container.NumItems][/COLOR]</label2>
                </control>
                <control type="button" id="288">
                    <description>Search</description>
                    <include>ButtonCommonValues</include>
                    <label>137</label>
                    <onclick>ClearProperty(MediaMenu,Home)</onclick>
                    <onclick>SetFocus(50)</onclick>
					<onclick condition="!System.HasAddon(script.globalsearch)">InstallAddon(script.globalsearch)</onclick>
					<onclick>RunAddon(script.globalsearch)</onclick>
          			
                </control>
                <control type="edit" id="19">
                    <visible>Container.CanFilter + !Container.CanFilterAdvanced</visible>
                    <description>Filter</description>
                    <textwidth>345</textwidth>
                    <include>ButtonCommonValues</include>
                    <label>587</label>
                </control>
                <control type="radiobutton" id="98">
                    <visible>Container.CanFilterAdvanced</visible>
                    <description>Filter</description>
                    <include>ButtonCommonValues</include>
                    <label>587</label>
                    <selected>Container.Filtered</selected>
                    <onclick>ClearProperty(MediaMenu,Home)</onclick>
                    <onclick>SetFocus(50)</onclick>
                    <onclick>Filter</onclick>
                </control>
                <control type="radiobutton" id="16">
                    <description>PartyMode</description>
                    <label>589</label>
                    <include>ButtonCommonValues</include>
                    <visible>Container.Content(MusicVideos)</visible>
                </control>
                <control type="radiobutton" id="11">
                    <description>Unlock Shares</description>
                    <textwidth>255</textwidth>
                    <include>ButtonCommonValues</include>
                    <label>20336</label>
                    <onclick>xbmc.mastermode</onclick>
                    <selected>system.ismaster</selected>
                    <visible>system.haslocks</visible>
                </control>
                <control type="button" id="203">
                    <description>View options</description>
                    <textwidth>352</textwidth>
                    <font>font13_title</font>
                    <include>ButtonCommonValues</include>
                    <label>31039</label>
                    <enable>no</enable>
                    <disabledcolor>$VAR[ThemeLabelColor]</disabledcolor>
                </control>
                <control type="togglebutton" id="20">
                    <description>Update library</description>
                    <include>ButtonCommonValues</include>
                    <label>653</label>
                    <altlabel>13353</altlabel>
                    <usealttexture>library.isscanningvideo</usealttexture>
                </control>
                <control type="button" id="613">
                    <description>Get more</description>
                    <include>ButtonCommonValues</include>
                    <label>$LOCALIZE[21452]</label>
                    <onclick>ActivateWindow(addonbrowser,addons://more/video/,return)</onclick>
                    <visible>Container.Content(addons)</visible>
                </control>
                <control type="button" id="614">
                    <description>Add-on settings</description>
                    <include>ButtonCommonValues</include>
                    <label>$LOCALIZE[10140]</label>
                    <onclick>Addon.OpenSettings($INFO[Container.PluginName])</onclick>
                    <visible>!String.IsEmpty(Container.PluginName)</visible>
                </control>
                <control type="button" id="617">
                    <description>Settings button</description>
                    <include>ButtonCommonValues</include>
                    <label>$LOCALIZE[5]</label>
                    <onclick>ActivateWindow(mediasettings,video)</onclick>
                    <visible>Container.Content(movies) | Container.Content(actors) | Container.Content(tvshows) | Container.Content(epsiodes) | Container.Content(musicvideos)</visible>
                </control>
                <control type="button" id="612">
                    <description>Go to playlist</description>
                    <include>ButtonCommonValues</include>
                    <label>13350</label>
                    <onclick>ActivateWindow(videoplaylist)</onclick>
                    <visible>!String.IsEqual(Playlist.Length(video),0)</visible>
                </control>
                <control type="button" id="616">
                    <description>Go to playercontrols</description>
                    <include>ButtonCommonValues</include>
                    <label>$LOCALIZE[31177]</label>
                    <onclick condition="Player.HasAudio">ClearProperty(MediaMenu,Home)</onclick>
                    <onclick condition="Player.HasAudio">SetFocus(50)</onclick>
                    <onclick condition="Player.HasAudio">ActivateWindow(playercontrols)</onclick>
                    <onclick condition="Player.HasVideo">Fullscreen</onclick>
                    <onclick condition="Player.HasVideo">ActivateWindow(videoosd)</onclick>
                    <onclick>ClearProperty(MediaMenu,Home)</onclick>
                    <visible>Player.HasMedia</visible>
                </control>
            </control>
        </control>
		
		<!-- ------------------------ TELEX------------------------------------ --->
			<control type="list" id="1999">	
				    <visible>!String.IsEmpty(ListItem.DBID)+[Container.Content(actors)]</visible>				
				    <content sortby="name" sortorder="ascending">$INFO[Container.FolderPath]$INFO[ListItem.DBID]</content>
					 <orientation>Vertical</orientation>
					<onleft>50</onleft>
					<onclick condition="Container.Content(actors)">Action(Info)</onclick>
					<onright condition="Container.Content(actors)">Action(Info)</onright>
					<top>44</top>
					<left>1770</left>
			  <itemlayout width="250" height="256" >
              <control type="group">
                <animation type="Conditional" condition="Control.HasFocus(1999)" reversible="false">
                  <effect type="fade" end="60" time="100"  />
                </animation>
				<control type="image">
                  <posx>0</posx>
                  <posy>40</posy>
                  <width>133</width>
                  <height>203</height>
                  <aspectratio align="center">stretch</aspectratio>
                  <bordersize>2</bordersize>
                  <texture background="true"  >$INFO[ListItem.Art(poster)]</texture>
                </control>
				<control type="image">
                  <posx>-30</posx>
                  <posy>20</posy>
                  <width>170</width>
                  <height>230</height>
                  <texture background="true" fallback="$VAR[CaseTypePathVar].png">$VAR[CaseTypePathVar]$VAR[GlobalCaseVar]</texture>
                  <aspectratio align="center">scale</aspectratio>
                </control>
            </control>
            </itemlayout>
			<focusedlayout width="250" height="256" >
              <control type="group">
			  <animation type="Conditional" condition="Control.HasFocus(1999)" reversible="true">
                  <effect type="zoom" center="auto" start="100" end="120" time="100"  />
                </animation>
				<control type="image">
                  <posx>0</posx>
                  <posy>40</posy>
                  <width>133</width>
                  <height>203</height>
                  <aspectratio align="center">stretch</aspectratio>
                  <bordersize>2</bordersize>
                  <texture background="true"  >$INFO[ListItem.Art(poster)]</texture>
                </control>
				<control type="image">
                  <posx>-30</posx>
                  <posy>20</posy>
                  <width>170</width>
                  <height>230</height>
                  <texture background="true" fallback="$VAR[CaseTypePathVar].png">$VAR[CaseTypePathVar]$VAR[GlobalCaseVar]</texture>
                  <aspectratio align="center">scale</aspectratio>
                </control>
            </control>   
            </focusedlayout>
			</control>			
    <!---------- --------------- FIN TELEX-------- --------------------------------->
    
    
    <!----------------- TELEX 10/08/2018 -------------------->
    <!-- liste des acteurs ....indispensable pour le moment pour le script en l'état actuel mais ca affichera rien si tu laisses comme ca 
    mais alors le script ne plantera pas -->
    <control type="list" id="1998">
      <itemlayout>
        
      </itemlayout>
      <focusedlayout>
        
      </focusedlayout>
    </control>
    <!---- SAGAS ---->
    <!--- ne pas oublier de rajouter ceci dans ton addon.xml de ton skin :
    <import addon="script.iconmixtools" version="18.08.070"/>
    -->
    <control type="list" id="1999">
  <!-- visible uniquement si c'est une saga -->
      <visible>String.Contains(ListItem.DBTYPE,set)</visible>


      <posy>850</posy>
      <posx>25</posx>
      <height>260</height>
      <width>1920</width>
      <align>center</align>
      <movement>9</movement>
      <orientation>horizontal</orientation>
      <!-- BOITIERS-->
      <itemlayout width="180" height="240">
        <control type="group">
          <top>30</top>
          <control type="image">
            <left>20</left>
            <top>8</top>
            <width>146</width>
            <height>190</height>
            <aspectratio align="center">stretch</aspectratio>
            <bordersize>2</bordersize>
            <texture background="true"  diffuse="showcase_matte.png">$INFO[ListItem.Art(poster)]</texture>
            <animation effect="fade" end="50" condition="!String.IsEmpty(ListItem.Property(DateSortie))">Conditional</animation>
          </control>
          <!-- ici on affiche manquant si un élément de la saga est manquant
          on le sait si ListItem.Property(DateSortie) n'est pas vide
          --->
          <control type="label">
            <posy>100</posy>
            <posx>-30</posx>
            <height>50</height>
            <width>250</width>
            <posx>7</posx>
            <aligny>center</aligny>
            <align>center</align>
            <font>lcdep</font>
            <textcolor>yellow</textcolor>
            <label>MANQUANT[CR]$INFO[ListItem.Property(DateSortie),( , )]</label>
            <angle>49</angle>
            <visible>!String.IsEmpty(ListItem.Property(DateSortie))</visible>
          </control>
        </control>


      </itemlayout>
      <focusedlayout width="180" height="240" >
        <control type="group">
          <top>30</top>
          <control type="image">
            <left>20</left>
            <top>8</top>
            <width>146</width>
            <height>190</height>
            <aspectratio align="center">stretch</aspectratio>
            <bordersize>2</bordersize>
            <texture background="true"  diffuse="showcase_matte.png">$INFO[ListItem.Art(poster)]</texture>
            <animation effect="fade" end="50" condition="!String.IsEmpty(ListItem.Property(DateSortie))">Conditional</animation>
          </control>
          <control type="label">
            <posy>100</posy>
            <posx>-30</posx>
            <height>50</height>
            <width>250</width>
            <posx>7</posx>
            <aligny>center</aligny>
            <align>center</align>
            <font>lcdep</font>
            <textcolor>yellow</textcolor>
            <label>MANQUANT[CR]$INFO[ListItem.Property(DateSortie),( , )]</label>
            <angle>49</angle>
            <visible>!String.IsEmpty(ListItem.Property(DateSortie))</visible>
          </control>
        </control>
      </focusedlayout>

    </control>
	
	<include>ListeEpisodes</include>
	<!----------------- FIN TELEX 10/08/2018 -------------------->
	<!-------------- TELEX 15/04/2019 -------------------->
	<control type="videowindow" id="1">
	  <left>-2000</left>
    <visible>Player.HasAudio + Skin.HasSetting(thememusical)</visible>
  </control>
  <!----------------- -->
	
    </controls>
</window>